customer_id,segment,region,total_orders,total_sales,total_profit,total_quantity,first_order_date,last_order_date,repeat_customer,avg_order_value,revenue_contribution_pct,profit_contribution_pct
SM-20320,Home Office,South,5,25043.05,-1980.7393000000002,50,2023-03-18,2026-10-12,True,5008.61,1.0764100669183918,-0.6776465568776678
TC-20980,Corporate,Central,5,19052.218,8981.3239,42,2023-11-07,2025-11-26,True,3810.4436,0.8189098074046007,3.072672520325167
RB-19360,Consumer,East,6,15117.339,6976.0959,71,2025-04-01,2026-09-25,True,2519.5565,0.6497793154035955,2.3866479385163992
TA-21385,Home Office,Central,4,14595.62,4703.7883,36,2023-09-12,2026-10-22,True,3648.905,0.6273545874370501,1.609250619592623
AB-10105,Consumer,Central,10,14473.571,5444.8054999999995,73,2023-12-20,2026-11-19,True,1447.3571,0.6221086300853168,1.8627659379220618
KL-16645,Consumer,West,12,14175.229,806.8549999999999,113,2023-07-25,2026-11-13,True,1181.2690833333334,0.60928517878108,0.27603961442554836
SC-20095,Consumer,West,9,14142.334,5757.411899999999,87,2023-02-12,2026-01-15,True,1571.3704444444445,0.6078712731605075,1.9697142125475626
HL-15040,Consumer,South,6,12873.297999999999,5622.4292,50,2023-01-20,2026-11-17,True,2145.5496666666663,0.5533250766835668,1.9235342019358428
SE-20110,Consumer,West,11,12209.438,2650.6769,78,2023-04-11,2026-12-21,True,1109.9489090909092,0.5247907892455573,0.906844265007601
CC-12370,Consumer,East,5,12129.072,2177.0493,34,2025-05-23,2026-11-17,True,2425.8144,0.5213364667314081,0.7448077403714547
TS-21370,Corporate,West,6,11891.751,2371.7144000000003,59,2023-10-28,2026-11-24,True,1981.9585,0.5111358436646835,0.8114061739761431
GT-14710,Consumer,East,11,11820.119999999999,2163.4268999999995,106,2023-05-23,2026-11-24,True,1074.5563636363636,0.5080569723010343,0.7401472722036293
BM-11140,Consumer,Central,4,11789.630000000001,-1659.9581,64,2023-09-08,2026-02-26,True,2947.4075000000003,0.5067464393212121,-0.567901536070999
SV-20365,Consumer,East,10,11470.95,1199.4242000000002,109,2023-01-11,2026-09-20,True,1147.095,0.4930488122300409,0.4103446018190033
CJ-12010,Consumer,East,8,11164.974,858.7414,83,2025-03-10,2026-06-24,True,1395.62175,0.4798972333833979,0.293790885533653
CL-12565,Consumer,South,12,10880.546,1933.7831,106,2023-03-04,2026-03-21,True,906.7121666666667,0.467671839011967,0.6615819959058836
ME-17320,Home Office,South,10,10663.728000000001,1859.4695,82,2023-01-06,2026-11-18,True,1066.3728,0.45835248382603266,0.6361579761122721
KF-16285,Home Office,West,7,10604.266,1660.1386,67,2023-09-26,2026-09-24,True,1514.895142857143,0.4557966651298634,0.5679632883690002
BS-11365,Corporate,West,5,10501.653,2616.0644,39,2023-05-04,2025-06-20,True,2100.3306000000002,0.45138611345198487,0.8950027059241173
JE-15715,Consumer,Central,12,10461.458999999999,1443.1773999999998,129,2023-08-25,2026-11-14,True,871.78825,0.44965847938865317,0.4937369577478795
EH-13765,Corporate,West,12,10310.880000000001,1393.5153999999998,120,2023-04-12,2026-08-17,True,859.2400000000001,0.44318623453563,0.47674669390666696
JL-15835,Consumer,West,11,9799.923,228.90700000000004,143,2023-04-18,2026-12-09,True,890.9020909090909,0.4212240830180464,0.07831320375942272
GT-14635,Corporate,East,3,9351.212,-4108.6589,26,2023-06-06,2026-11-04,True,3117.0706666666665,0.40193741316205767,-1.4056461428163647
HW-14935,Corporate,Central,8,9300.254,2164.1611,85,2024-09-27,2026-09-04,True,1162.53175,0.3997471166849901,0.7403984552351669
TB-21400,Consumer,South,7,9133.99,2798.3689,55,2023-01-21,2026-06-11,True,1304.8557142857142,0.39260069309177276,0.9573723558463986
PF-19120,Consumer,South,4,9062.864,-614.2943000000002,75,2023-05-05,2024-09-17,True,2265.716,0.38954352783356194,-0.21016113392841618
CM-12385,Consumer,South,4,8954.02,3899.8903999999998,34,2024-03-16,2026-11-23,True,2238.505,0.38486515290224704,1.3342226822885124
JW-15220,Corporate,East,10,8846.354000000001,2530.5094,154,2023-01-21,2026-11-18,True,884.6354000000001,0.38023741122282567,0.865732800907506
JD-16150,Corporate,West,8,8828.0305,1619.5198999999998,60,2023-11-16,2026-11-19,True,1103.5038125,0.3794498234545155,0.5540669001871497
LA-16780,Corporate,South,11,8673.222,2059.1199,105,2023-04-29,2026-07-29,True,788.4747272727273,0.372795784595649,0.704461970554776
PK-19075,Consumer,Central,12,8646.934,2038.2676000000001,107,2023-11-11,2026-12-21,True,720.5778333333333,0.37166586360602705,0.697328023498755
GG-14650,Corporate,West,11,8584.092,1415.2423000000001,133,2023-10-05,2026-11-17,True,780.3720000000001,0.3689647644417765,0.48417985736064884
BF-11170,Home Office,East,13,8430.144,1980.3261,146,2023-04-13,2026-12-14,True,648.4726153846154,0.362347711926929,0.6775051937223541
DR-12940,Home Office,West,8,8350.868,2869.0759999999996,57,2023-03-28,2026-11-10,True,1043.8585,0.3589402402146167,0.9815625270929653
NF-18385,Consumer,South,7,8322.826,-1695.9714000000004,52,2023-02-11,2026-10-12,True,1188.9751428571428,0.35773492811818564,-0.580222334041132
KD-16270,Consumer,Central,5,8282.358,1107.6952000000003,64,2023-11-11,2025-09-02,True,1656.4716,0.3559955168808143,0.3789624603045538
NC-18535,Corporate,West,7,8241.739,1314.7580000000003,64,2023-07-23,2026-12-24,True,1177.3912857142857,0.35424961530300497,0.4498023701692438
HM-14860,Corporate,Central,10,8236.7648,2437.9835999999996,76,2023-07-21,2026-12-28,True,823.6764800000001,0.35403581231355824,0.8340780597750653
KD-16495,Corporate,South,12,8181.256,3038.6254000000004,84,2023-09-28,2026-09-09,True,681.7713333333334,0.3516499115897023,1.0395684277840231
SB-20290,Corporate,South,7,8057.891,-2082.745100000001,84,2023-05-09,2026-11-13,True,1151.1272857142856,0.3463473894166687,-0.7125445765976545
ZC-21910,Consumer,West,13,8025.707,-1032.149,105,2023-10-13,2026-11-06,True,617.362076923077,0.34496404427325766,-0.3531167458709623
JH-15985,Consumer,West,6,7954.9980000000005,-644.6981999999999,64,2023-08-09,2026-12-01,True,1325.833,0.34192480267042846,-0.22056285522038663
NP-18700,Consumer,East,7,7903.1825,631.2281999999999,63,2023-09-05,2026-08-14,True,1129.0260714285714,0.3396976487965029,0.2159545258349182
AH-10690,Corporate,South,12,7888.294,1298.0166,102,2023-04-02,2025-11-15,True,657.3578333333334,0.3390577055275594,0.44407483597667646
AB-10060,Home Office,West,8,7755.619999999999,2054.5885,56,2024-09-18,2026-11-06,True,969.4524999999999,0.3333550603138841,0.7029116970746488
JE-15610,Corporate,East,7,7754.976,1623.4019,74,2023-10-14,2026-11-12,True,1107.8537142857142,0.3333273796566521,0.55539500224167
LC-16885,Consumer,South,12,7663.126,1288.3469,93,2023-04-25,2026-12-14,True,638.5938333333334,0.3293794474101225,0.44076665760558037
JM-15865,Consumer,East,7,7625.076,1574.6163999999999,50,2023-11-19,2026-09-12,True,1089.2965714285715,0.32774396758453234,0.5387046048226076
JD-15895,Corporate,West,11,7610.8640000000005,1050.2668,150,2023-03-26,2025-12-01,True,691.8967272727273,0.3271331019003987,0.35931517127111384
PO-18850,Consumer,Central,11,7473.8282,38.4756999999999,91,2023-11-02,2026-12-26,True,679.4389272727273,0.32124297611107927,0.013163229319708057
MS-17365,Consumer,Central,10,7443.6900000000005,844.9355,105,2023-09-09,2026-04-01,True,744.369,0.31994756433500565,0.2890676387138432
RW-19540,Corporate,West,7,7397.401,1586.6273,89,2024-02-03,2026-09-01,True,1056.7715714285714,0.3179579526228705,0.5428137498423495
BM-11650,Corporate,Central,11,7294.185,2199.2781,95,2023-07-09,2026-11-27,True,663.1077272727273,0.3135214825656272,0.7524126128468593
PP-18955,Home Office,East,10,7252.608,1495.0854,138,2023-08-26,2026-09-24,True,725.2608,0.31173440386106577,0.5114956186046647
NW-18400,Consumer,East,7,7234.014,1023.1229999999999,78,2023-06-21,2026-07-11,True,1033.4305714285715,0.31093518935707043,0.35002878885290456
Dp-13240,Home Office,West,11,7198.761,333.3647999999999,99,2023-05-26,2026-10-07,True,654.4328181818182,0.30941993126793693,0.11405009680184174
NF-18595,Home Office,West,11,7003.068,1167.0987,103,2023-03-13,2026-09-07,True,636.6425454545455,0.301008579007511,0.3992854665888651
FH-14365,Corporate,South,8,6987.196,2050.2826,52,2023-10-20,2026-12-25,True,873.3995,0.3003263625609468,0.701438571202274
RH-19510,Home Office,Central,6,6979.18,1289.4535,43,2023-11-16,2025-09-19,True,1163.1966666666667,0.29998181574670424,0.4411452453782574
PS-19045,Home Office,South,7,6843.634,1742.7296999999999,47,2023-12-20,2026-05-08,True,977.662,0.2941557251175468,0.5962191898618111
BB-11545,Corporate,Central,9,6765.728,1015.0749999999998,83,2024-06-05,2026-12-02,True,751.7475555555556,0.29080713927543317,0.34727542323343535
JE-15745,Consumer,West,13,6760.815,221.7967000000001,90,2023-06-22,2026-11-09,True,520.0626923076923,0.29059596680807115,0.07588064218336511
YS-21880,Corporate,East,8,6720.4439999999995,1778.2923,58,2024-01-12,2026-12-21,True,840.0554999999999,0.28886072486223935,0.6083857952518379
AR-10540,Consumer,East,6,6608.448,2884.6207999999997,33,2023-11-25,2026-12-24,True,1101.4080000000001,0.2840468694470806,0.9868806828933537
DR-12880,Corporate,East,9,6528.034,1641.8613,103,2024-09-25,2026-12-27,True,725.3371111111111,0.2805904837783551,0.5617102951487314
GK-14620,Corporate,West,9,6497.27,1448.5525,66,2023-06-25,2026-09-09,True,721.9188888888889,0.279268173624493,0.4955758761799384
JA-15970,Consumer,West,8,6491.026,-819.4217,87,2023-09-17,2026-09-29,True,811.37825,0.2789997916000255,-0.2803389086266149
NM-18445,Home Office,West,7,6459.344,2751.6849,44,2023-02-08,2026-07-23,True,922.7634285714286,0.27763802361489165,0.9414009193927084
VD-21670,Consumer,West,6,6442.254,1617.7874,71,2023-08-04,2025-05-28,True,1073.709,0.2769034546209538,0.5534741807617358
SB-20185,Consumer,Central,6,6410.996,885.4623999999999,45,2023-09-20,2026-06-25,True,1068.4993333333334,0.2755599111679105,0.30293262046380165
JG-15160,Consumer,East,11,6366.392,1415.6664,70,2023-05-30,2026-12-29,True,578.762909090909,0.273642724777881,0.4843249496021022
DM-13015,Consumer,East,7,6345.103,1677.3931,87,2023-09-14,2026-11-03,True,906.4432857142857,0.2727276727409037,0.5738663633045286
CM-12655,Home Office,Central,6,6339.5576,1572.4585,42,2024-03-19,2026-12-03,True,1056.5929333333333,0.2724893182119989,0.5379663484023477
WB-21850,Consumer,West,13,6327.268,692.3908,154,2023-11-04,2026-12-10,True,486.71292307692306,0.27196108186864615,0.23687935188329623
MJ-17740,Consumer,South,7,6320.746,1054.5529000000001,50,2024-06-09,2026-12-08,True,902.9637142857143,0.27168075074059095,0.3607815232071982
BH-11710,Consumer,West,8,6255.351,802.7897999999998,97,2023-06-09,2026-12-07,True,781.918875,0.26886991754231326,0.2746488363544417
RL-19615,Consumer,West,8,6234.91,488.1483999999999,101,2023-12-05,2026-08-31,True,779.36375,0.2679913145695173,0.16700435161020052
VW-21775,Corporate,Central,10,6134.0380000000005,-874.6644999999999,77,2023-05-11,2026-12-02,True,613.4038,0.2636555952274167,-0.29923846457134806
SD-20485,Home Office,South,9,6121.114,1985.1671999999999,82,2023-01-26,2026-06-13,True,680.1237777777777,0.2631000908577471,0.6791614211453675
QJ-19255,Corporate,East,9,6108.338,1203.6768,61,2023-03-17,2026-12-05,True,678.7042222222221,0.2625509478813545,0.4117994928022729
AD-10180,Home Office,East,8,6106.88,1869.9294000000002,40,2023-11-19,2026-12-01,True,763.36,0.2624882795610993,0.6397364961225959
CB-12025,Consumer,East,10,6076.139,150.20890000000006,122,2023-03-21,2026-11-13,True,607.6139000000001,0.2611669580021383,0.051389167619071294
GM-14695,Corporate,South,3,6049.966,188.72350000000012,44,2023-04-05,2026-09-04,True,2016.6553333333334,0.2600419799870221,0.06456570532876417
SC-20380,Consumer,Central,9,5992.536,236.6615,80,2023-03-01,2026-11-30,True,665.8373333333334,0.2575735015012497,0.08096615774751588
KH-16690,Corporate,South,7,5990.799,1227.5091,69,2023-03-21,2026-12-28,True,855.8284285714286,0.25749884109501975,0.41995295148180517
RM-19675,Home Office,East,5,5979.096,1902.5438,39,2023-11-14,2026-12-24,True,1195.8192,0.2569958182198849,0.6508944692413353
KH-16510,Consumer,Central,7,5952.859,656.1161999999999,91,2023-08-15,2026-12-08,True,850.4084285714287,0.25586808933200034,0.22446915848120913
CP-12340,Corporate,East,8,5888.275,-1850.3029000000001,59,2023-03-17,2026-07-23,True,736.034375,0.2530921148495847,-0.6330219173041922
BD-11320,Consumer,Central,12,5718.521,1094.5037,75,2024-05-31,2026-11-27,True,476.54341666666664,0.24579568272571545,0.37444941078054433
SM-20950,Corporate,East,14,5695.79,610.1142,103,2023-09-29,2026-12-05,True,406.84214285714285,0.24481865008667497,0.20873104649974522
CS-12505,Consumer,West,6,5690.055,-6626.3895,40,2023-03-26,2026-11-02,True,948.3425000000001,0.24457214609719383,-2.2670070862961778
AM-10705,Consumer,East,8,5664.022,1085.7326,81,2023-10-31,2026-07-21,True,708.00275,0.2434531856162585,0.3714486596392762
RB-19795,Home Office,Central,8,5633.316,-461.7332,92,2023-06-03,2026-11-28,True,704.1645,0.24213336844084274,-0.1579672363627599
KM-16375,Home Office,Central,8,5620.186,973.7901999999999,69,2023-07-20,2026-11-04,True,702.52325,0.24156900969944986,0.3331511502554705
AA-10315,Consumer,West,5,5563.56,-362.88250000000005,30,2023-03-31,2026-06-29,True,1112.712,0.2391350890528305,-0.12414863312711587
NP-18325,Consumer,West,6,5529.62,1208.8890000000001,77,2023-05-13,2026-12-05,True,921.6033333333334,0.23767626683783633,0.41358268021303307
AC-10450,Consumer,West,7,5527.846,1366.0097999999998,43,2023-10-31,2026-12-19,True,789.6922857142856,0.2376000160832871,0.4673365331980596
MH-18115,Home Office,Central,9,5503.093,170.9746,79,2025-08-23,2026-12-25,True,611.4547777777777,0.23653607305771993,0.0584934872567715
DP-13390,Home Office,West,9,5480.724,1571.8318000000002,50,2023-07-05,2026-01-06,True,608.9693333333333,0.23557460004277578,0.5377519430552152
EP-13915,Consumer,East,17,5478.0608,144.95780000000002,124,2023-07-06,2026-12-18,True,322.23887058823533,0.23546012934970056,0.04959267181832642
YC-21895,Corporate,East,5,5454.35,1305.629,31,2023-11-17,2026-12-26,True,1090.8700000000001,0.23444098256787133,0.4466791749977559
SP-20620,Corporate,East,9,5440.319,-270.4282,77,2023-09-08,2026-11-13,True,604.4798888888889,0.23383789669578578,-0.09251835343127958
LW-17215,Consumer,East,7,5420.514,837.2411,59,2023-09-12,2026-12-09,True,774.3591428571428,0.2329866305211258,0.2864352460172175
CP-12085,Corporate,East,8,5402.254,427.0258000000001,57,2023-12-04,2026-10-09,True,675.28175,0.23220177213439055,0.14609321028160124
TS-21205,Corporate,South,7,5371.09,862.8877000000001,67,2023-03-21,2026-06-15,True,767.2985714285714,0.23086226902572587,0.29520940937411094
TT-21460,Home Office,Central,7,5364.808,1124.4999,48,2024-12-08,2026-12-18,True,766.4011428571429,0.23059225367055222,0.3847116505661708
MW-18220,Consumer,West,7,5341.900000000001,1238.422,51,2023-08-25,2026-12-13,True,763.1285714285715,0.22960761314901168,0.4236864509436225
TP-21415,Consumer,East,5,5329.0048,-1087.3898,39,2024-11-28,2026-09-17,True,1065.80096,0.2290533466720879,-0.3720156175797066
TW-21025,Home Office,East,7,5278.826,737.3905000000001,57,2023-12-22,2026-10-27,True,754.118,0.2268965420709756,0.2522745589989061
DW-13480,Home Office,Central,5,5271.628,1348.7556,38,2023-06-01,2026-05-27,True,1054.3256,0.2265871548493042,0.4614335608979298
MW-18235,Corporate,South,2,5253.876,1665.516,13,2023-05-21,2026-11-16,True,2626.938,0.2258241315151682,0.5698029936724464
HR-14830,Corporate,West,7,5248.787,1196.9504,51,2023-11-24,2026-07-24,True,749.8267142857143,0.22560539414769307,0.40949827032429115
SC-20725,Consumer,West,11,5226.21,1276.6513,133,2023-06-03,2026-06-26,True,475.11,0.22463498079625158,0.4367653823894939
RP-19390,Consumer,East,12,5153.084,465.25030000000004,88,2023-05-24,2026-11-27,True,429.42366666666663,0.22149185076402808,0.15917049956109924
LR-16915,Consumer,West,6,5142.892,535.4763999999999,64,2023-08-08,2026-12-04,True,857.1486666666666,0.22105377427565978,0.1831961120523275
MP-18175,Home Office,East,9,5087.92,226.4529,78,2023-03-28,2026-12-14,True,565.3244444444445,0.21869094649714887,0.07747361198920162
AA-10645,Consumer,East,6,5086.9349999999995,857.8033,64,2023-06-22,2026-11-05,True,847.8224999999999,0.21864860884594758,0.2934699446430437
IL-15100,Consumer,West,7,5040.736,1121.937,60,2023-08-01,2026-08-10,True,720.1051428571428,0.21666286554864306,0.38383483635815163
KL-16555,Corporate,Central,8,5016.488,-182.78130000000002,84,2023-06-15,2026-12-14,True,627.061,0.21562062862851408,-0.06253277178204322
LB-16795,Home Office,East,8,4985.676,-52.19099999999997,76,2023-04-23,2026-07-31,True,623.2095,0.21429625532007565,-0.017855480249219235
DH-13075,Corporate,South,6,4932.872,1193.7404,81,2023-11-21,2026-03-28,True,822.1453333333334,0.2120266133565944,0.40840007156205255
IM-15070,Consumer,South,7,4930.474,514.6527,93,2023-12-19,2025-12-05,True,704.3534285714286,0.21192354159255325,0.1760719495709482
TT-21070,Consumer,East,7,4915.602,751.9567,66,2023-05-18,2026-11-29,True,702.2288571428571,0.21128430753299537,0.25725791812990906
KM-16720,Consumer,East,8,4909.472,745.7685,98,2023-03-30,2026-12-02,True,613.684,0.2110208255006467,0.2551408235565493
PO-19180,Home Office,East,9,4893.043,1155.4331,65,2024-08-11,2026-07-23,True,543.6714444444444,0.21031466786452002,0.3952944549126126
HK-14890,Corporate,Central,8,4877.784000000001,956.9451000000001,64,2023-06-10,2026-08-01,True,609.7230000000001,0.20965879962119077,0.3273881384268771
AJ-10780,Corporate,South,7,4867.344,150.71299999999997,62,2023-01-10,2026-10-16,True,695.3348571428571,0.20921006350084487,0.051561629300082
JK-15730,Consumer,Central,10,4867.2,55.0483000000001,88,2023-11-18,2026-10-07,True,486.71999999999997,0.20920387403711593,0.018833013994809404
AH-10210,Consumer,West,9,4805.344,1308.5546,53,2023-11-29,2026-12-24,True,533.9271111111111,0.20654515550645358,0.4476800754023681
DK-13225,Corporate,West,9,4802.394,209.89940000000007,70,2023-03-14,2026-12-20,True,533.5993333333333,0.20641835746478496,0.07181036176779468
RA-19915,Consumer,Central,9,4793.543,304.8673000000001,75,2023-06-30,2026-12-18,True,532.6158888888889,0.2060379203573921,0.10430058925452283
SA-20830,Consumer,West,10,4767.3415,610.1496000000001,75,2023-02-22,2026-10-28,True,476.73415000000006,0.20491171734424626,0.20874315747674935
JK-15640,Home Office,West,9,4760.433999999999,1172.5303000000001,41,2023-09-19,2026-07-03,True,528.937111111111,0.2046148165060001,0.40114371468761134
BW-11110,Corporate,Central,8,4750.358,921.2574,74,2024-03-20,2026-08-31,True,593.79475,0.20418172597452458,0.3151787340757425
TB-21520,Consumer,Central,9,4737.486,-1603.0451,85,2023-10-17,2026-09-14,True,526.3873333333333,0.2036284566889793,-0.5484305746519074
GB-14575,Consumer,East,5,4716.288,1135.8393,63,2024-06-12,2026-12-17,True,943.2575999999999,0.20271731604921953,0.3885910633526282
RB-19465,Home Office,Central,12,4715.466,640.5465999999999,85,2023-03-14,2026-12-21,True,392.95550000000003,0.20268198452710037,0.21914251815455804
ES-14080,Corporate,West,9,4657.924,246.66610000000009,77,2023-10-02,2026-12-02,True,517.5471111111111,0.20020869201398325,0.08438891143495893
DB-13270,Home Office,West,8,4655.897,841.8264,52,2023-02-04,2026-11-07,True,581.987125,0.20012156671552145,0.28800395965724634
KT-16480,Consumer,West,10,4642.088400000001,194.06709999999987,37,2023-03-10,2026-09-21,True,464.20884000000007,0.19952804012630612,0.06639384704399713
SC-20050,Home Office,West,9,4624.572,1011.7443,61,2023-03-18,2026-11-20,True,513.8413333333333,0.19877514344254876,0.3461359308292647
CC-12430,Home Office,West,12,4606.952,314.2226999999998,83,2023-05-20,2026-12-30,True,383.91266666666667,0.19801779378349754,0.10750123993995787
EM-14140,Home Office,West,6,4588.436,1319.3655,74,2023-07-19,2026-11-12,True,764.7393333333333,0.1972219319056887,0.45137867882874977
DB-13060,Consumer,West,7,4531.646,473.02720000000005,48,2023-03-01,2026-12-14,True,647.3779999999999,0.1947809621476003,0.1618311169922685
AR-10825,Corporate,West,8,4523.336,494.8352,54,2023-06-30,2026-11-02,True,565.417,0.19442377851157788,0.16929202621560147
AG-10900,Consumer,West,10,4510.7970000000005,343.68240000000003,92,2023-07-23,2026-09-25,True,451.07970000000006,0.19388482236090576,0.11757993342155296
CT-11995,Consumer,East,11,4503.618,400.8580999999999,104,2023-05-07,2026-09-25,True,409.41981818181824,0.19357625180458746,0.13714076923779106
AJ-10795,Corporate,South,7,4501.391,1158.7064,88,2023-05-14,2026-07-17,True,643.0558571428571,0.19348053002872437,0.39641430974390096
LC-16930,Corporate,Central,8,4492.946,288.2660000000001,52,2023-02-20,2026-11-19,True,561.61825,0.1931175437704561,0.09862098579298034
SC-20770,Corporate,West,7,4492.657,-671.1874000000001,75,2024-06-20,2026-11-19,True,641.8081428571429,0.19310512186061127,-0.22962528719941794
TP-21130,Consumer,West,9,4454.0560000000005,1129.1261,55,2024-04-14,2026-12-22,True,494.8951111111112,0.19144595873978068,0.38629435683217334
MC-17425,Corporate,Central,5,4432.138,1802.3903,48,2023-05-30,2025-11-26,True,886.4276,0.19050387078137632,0.6166301546824999
JK-15205,Consumer,East,5,4427.142,1219.983,67,2023-07-11,2026-10-30,True,885.4284,0.1902891307758928,0.41737813724364825
KW-16435,Consumer,South,5,4416.52,1756.1349999999998,42,2024-08-24,2026-09-25,True,883.3040000000001,0.1898325718611118,0.6008053842130375
BD-11500,Consumer,Central,6,4411.2429999999995,1142.1225000000002,49,2023-02-01,2026-11-25,True,735.2071666666666,0.18960575380487946,0.3907406591354623
AI-10855,Consumer,West,10,4375.786,867.7271000000001,72,2023-04-28,2026-12-17,True,437.5786,0.18808172730879671,0.29686505519653383
SC-20230,Corporate,East,4,4371.958,440.14099999999996,49,2025-06-06,2026-08-03,True,1092.9895,0.18791719073133656,0.1505801562026328
EB-13840,Corporate,South,5,4358.128,656.1988,41,2023-05-30,2026-10-01,True,871.6256,0.18732274431903928,0.22449741742755208
GZ-14470,Consumer,Central,9,4355.15,1087.7539,48,2023-08-05,2026-12-23,True,483.9055555555555,0.18719474277053447,0.37214018274149196
SR-20740,Home Office,West,8,4345.886,1990.4243999999999,50,2023-02-20,2026-06-17,True,543.23575,0.18679655393730804,0.6809600038658786
ND-18370,Consumer,South,9,4326.139,353.64549999999997,63,2023-01-13,2026-12-03,True,480.6821111111111,0.18594778074109442,0.12098848921222556
MA-17560,Home Office,Central,11,4299.161,1240.2266,117,2023-08-08,2026-10-27,True,390.8328181818182,0.18478820190443815,0.4243038370764373
SP-20860,Corporate,Central,10,4282.94,566.7226,80,2023-12-15,2026-10-12,True,428.294,0.18409098460480877,0.19388599933103756
DK-12895,Consumer,Central,5,4282.176,937.6496,65,2024-03-08,2026-11-15,True,856.4352000000001,0.184058146061136,0.32078680066464194
RD-19480,Consumer,East,8,4272.93,480.5939999999999,60,2023-06-08,2026-10-19,True,534.11625,0.18366073091087562,0.16441985543280016
TC-21295,Consumer,East,8,4266.812,606.3727,63,2023-10-14,2026-12-03,True,533.3515,0.183397764667171,0.2074510120234475
AS-10225,Corporate,South,5,4260.784,719.7750999999998,41,2023-10-18,2026-12-08,True,852.1568,0.18313866683829694,0.24624801367917468
FH-14275,Corporate,West,10,4256.272,1073.2676,65,2023-04-06,2026-11-23,True,425.6272,0.1829447303081245,0.36718415883824684
CB-12535,Corporate,East,8,4246.4555,1049.5600999999997,74,2024-01-02,2026-06-16,True,530.8069375,0.18252279370607705,0.359073396484424
TH-21550,Home Office,East,7,4234.096,-571.9678000000001,44,2023-04-05,2026-10-19,True,604.8708571428571,0.1819915528938725,-0.19568047663561508
BE-11335,Home Office,East,5,4204.6759999999995,1487.7739000000001,35,2025-01-15,2026-09-02,True,840.9351999999999,0.18072701106814684,0.5089942228881205
MP-17965,Corporate,East,11,4198.826,666.4857999999999,74,2023-10-19,2026-10-19,True,381.71145454545456,0.18047556410415994,0.22801678523663252
JF-15565,Consumer,East,8,4198.332,1073.2087999999999,67,2023-10-11,2026-11-06,True,524.7915,0.18045433080497886,0.3671640423001722
GH-14425,Consumer,West,4,4172.846,1176.4180999999999,51,2023-06-17,2026-11-10,True,1043.2115,0.179358881689736,0.40247380102649943
RS-19765,Corporate,South,8,4159.7699999999995,1206.3851,54,2023-04-07,2026-11-24,True,519.9712499999999,0.17879684399724147,0.41272605096668746
MY-18295,Corporate,East,11,4152.696,-371.7111,89,2023-04-28,2026-10-20,True,377.5178181818182,0.17849278659155884,-0.12716905605306586
PM-19135,Home Office,East,4,4115.662,526.7537,36,2024-12-19,2026-11-09,True,1028.9155,0.17690097687116713,0.18021191942199152
SV-20785,Consumer,Central,9,4105.305,485.02719999999994,91,2023-04-12,2026-02-13,True,456.14500000000004,0.17645580828894278,0.1659365329258706
DM-13345,Corporate,East,8,4074.4719999999993,1319.0586,41,2023-11-03,2026-12-08,True,509.3089999999999,0.17513053235037715,0.45127368281624786
FP-14320,Consumer,West,8,4046.746,406.44730000000004,54,2023-12-07,2026-12-07,True,505.84325,0.1739388026882402,0.1390529351324652
SP-20920,Consumer,West,6,3990.689,14.692399999999793,57,2023-11-22,2026-10-21,True,665.1148333333333,0.17152933901982745,0.005026534421904642
CM-12715,Corporate,West,4,3984.4524,176.31079999999972,57,2023-03-07,2024-03-01,True,996.1131,0.1712612750650239,0.06031909729884539
SC-20305,Consumer,Central,7,3979.065,229.1617,64,2023-12-16,2026-12-01,True,568.4378571428572,0.1710297117532661,0.07840034121261341
SJ-20125,Home Office,South,12,3949.656,144.11890000000008,104,2024-09-22,2026-09-26,True,329.138,0.1697656427337975,0.0493056690327682
LF-17185,Consumer,Central,7,3930.509,-3583.977,69,2023-07-26,2026-12-08,True,561.5012857142857,0.16894265896978766,-1.2261430234553095
PW-19240,Consumer,West,7,3922.415,1290.354,39,2023-11-18,2025-09-22,True,560.345,0.1685947595293586,0.44145332263227477
GA-14515,Consumer,Central,8,3919.7760000000003,840.899,48,2023-05-18,2026-08-03,True,489.97200000000004,0.16848132901004895,0.28768667942917775
KH-16630,Corporate,South,9,3918.9660000000003,727.3786,84,2023-11-01,2026-11-02,True,435.4406666666667,0.16844651327657384,0.24884930785010342
CC-12220,Consumer,Central,12,3913.418,393.9617999999999,81,2023-09-09,2026-12-10,True,326.1181666666667,0.1682080469934628,0.13478142091254933
DB-13555,Corporate,South,7,3908.8028,109.32700000000001,61,2023-04-21,2026-09-14,True,558.4004,0.16800967468095127,0.03740273398107707
NP-18670,Consumer,West,5,3908.402,514.6002,46,2024-02-27,2026-11-02,True,781.6804,0.16799244734023916,0.1760539883762387
KC-16540,Consumer,West,4,3908.2619999999997,709.4219,28,2024-11-02,2026-09-24,True,977.0654999999999,0.16798642980605827,0.2427059976588606
FC-14335,Corporate,West,7,3889.366,714.2926,37,2023-10-10,2026-06-29,True,555.6237142857143,0.167174234621187,0.24437235177451025
BS-11380,Corporate,Central,5,3887.834,-17.532200000000177,58,2023-11-29,2026-12-02,True,777.5668,0.16710838560429334,-0.005998081102591728
JS-15880,Consumer,East,5,3868.02,564.9798,43,2023-04-08,2025-07-14,True,773.604,0.1662567325881503,0.1932897560902807
RA-19885,Corporate,South,7,3832.314,1292.8656,53,2023-04-08,2026-11-17,True,547.4734285714286,0.16472200347770297,0.4423125861871778
AT-10735,Consumer,East,10,3831.8639999999996,974.1070000000001,60,2023-08-30,2026-12-17,True,383.18639999999994,0.1647026614035501,0.3332595332361176
OT-18730,Consumer,Central,5,3818.624,-925.1203,51,2024-04-20,2026-10-26,True,763.7248,0.16413357459958655,-0.31650030167656845
RO-19780,Consumer,West,7,3815.478,-1262.5716,48,2024-05-12,2026-11-25,True,545.0682857142857,0.1639983520100647,-0.431948463662799
MC-17845,Consumer,South,7,3805.714,698.4174,45,2023-07-05,2026-12-29,True,543.6734285714285,0.16357867198333512,0.23894116018875017
MM-17920,Consumer,East,11,3794.08,82.12499999999997,68,2023-01-13,2026-12-23,True,344.91636363636366,0.16307861489290368,0.028096440295589855
CA-11965,Corporate,Central,6,3789.7228,1143.3817000000001,29,2023-01-26,2026-09-25,True,631.6204666666666,0.1628913320362398,0.391171454114095
MG-17650,Home Office,West,7,3785.276,341.898,57,2023-08-09,2026-12-01,True,540.7537142857143,0.16270019795770013,0.1169694580722263
MD-17350,Consumer,East,7,3766.382,-241.94999999999985,64,2023-11-05,2026-09-04,True,538.0545714285714,0.16188808873760288,-0.08277544876125374
JK-15625,Consumer,South,7,3760.0280000000002,750.9484999999999,44,2023-05-31,2026-10-30,True,537.1468571428571,0.16161497865056482,0.25691299476788754
SC-20260,Corporate,West,12,3756.513,679.0074,71,2023-04-06,2026-11-14,True,313.04275,0.1614638955602376,0.23230064991614863
JK-16090,Consumer,South,3,3747.668,586.6625,43,2024-04-21,2026-12-02,True,1249.2226666666668,0.1610837163471668,0.20070779792890703
FM-14290,Home Office,West,9,3736.1980000000003,198.1095,79,2023-08-26,2026-11-24,True,415.13311111111113,0.1605907083682044,0.06777682482482997
HG-15025,Consumer,Central,7,3690.284,804.6112999999999,38,2023-10-14,2026-12-24,True,527.1834285714286,0.15861721505119664,0.27527200428136306
BP-11185,Corporate,South,9,3675.861,363.5991,69,2024-03-24,2026-12-29,True,408.429,0.15799728008340463,0.1243937948819508
DB-13405,Consumer,East,8,3674.684,1221.0182,100,2023-08-08,2026-08-08,True,459.3355,0.1579466898138982,0.4177322977915203
LP-17095,Consumer,East,7,3653.399,338.4454,52,2025-06-06,2026-12-21,True,521.9141428571428,0.15703180970646888,0.11578826148453006
CS-12400,Home Office,West,9,3651.8585000000003,-342.8033000000001,47,2023-09-26,2026-12-28,True,405.7620555555556,0.15696559533928567,-0.11727917749261717
EB-13705,Corporate,West,9,3644.978,13.621500000000001,55,2023-07-08,2026-11-12,True,404.99755555555555,0.15666985502548872,0.004660160261630166
JP-15520,Consumer,South,7,3635.594,757.1801999999999,63,2023-08-22,2026-12-22,True,519.3705714285715,0.15626650830582153,0.2590449714740066
SZ-20035,Home Office,Central,11,3625.329,366.4303,69,2023-09-07,2026-11-25,True,329.57536363636365,0.15582529410320176,0.12536239934788534
RH-19495,Consumer,East,5,3621.376,563.7877,38,2023-08-23,2026-11-28,True,724.2752,0.1556553847273658,0.19288191722907677
TB-21175,Corporate,Central,4,3589.296,829.1635,36,2023-12-08,2026-11-02,True,897.324,0.1542765097522033,0.28367175370511205
GM-14440,Consumer,South,7,3582.82,347.266,43,2023-03-21,2026-10-08,True,511.8314285714286,0.15399815581395046,0.11880594746652433
DL-13495,Corporate,Central,8,3539.322,-52.7879999999999,33,2024-12-25,2026-10-15,True,442.41525,0.15212850794394997,-0.01805972469191592
ES-14020,Consumer,West,5,3510.458,1003.2935,31,2023-09-20,2026-11-20,True,702.0916,0.1508878643253998,0.34324476008162425
RW-19690,Consumer,South,5,3495.646,707.5503,61,2025-05-30,2026-10-12,True,699.1292000000001,0.15025120920906235,0.2420656896204164
AG-10675,Consumer,Central,7,3489.0396,-246.42570000000003,54,2024-05-07,2026-09-24,True,498.4342285714286,0.14996725036754385,-0.08430666626908909
ED-13885,Home Office,West,8,3484.92,670.4435,54,2023-08-09,2026-08-17,True,435.615,0.14979018012603262,0.22937078562333396
PW-19030,Corporate,West,10,3454.916,803.8169,48,2023-05-16,2026-11-14,True,345.4916,0.1485005365862953,0.2750002257465587
SF-20200,Consumer,Central,9,3422.786,286.9046,74,2023-12-23,2026-11-01,True,380.30955555555556,0.1471195124917825,0.09815522635531315
FC-14245,Home Office,East,7,3418.742,1217.1662000000001,50,2024-06-13,2026-10-21,True,488.39171428571433,0.146945691718729,0.416414459276834
SH-19975,Corporate,West,13,3406.8395,558.474,113,2023-12-10,2026-12-01,True,262.0645769230769,0.1464340938573864,0.19106400484187833
SG-20080,Consumer,West,3,3406.581,570.438,30,2024-10-31,2026-12-22,True,1135.527,0.14642298291034525,0.19515710452767968
TS-21655,Consumer,Central,5,3368.094,220.9163,52,2024-02-06,2026-05-06,True,673.6188,0.14476871978163336,0.07557944150103647
SC-20020,Consumer,Central,5,3362.9636,-317.0508,62,2023-03-03,2024-11-10,True,672.59272,0.1445482029433362,-0.10846878384010963
VP-21760,Corporate,West,7,3360.526,-1018.7768,65,2023-09-06,2026-10-16,True,480.07514285714285,0.1444434290767696,-0.34854187562535277
DJ-13630,Consumer,West,3,3356.398,731.5644,43,2024-12-14,2026-12-18,True,1118.7993333333334,0.14426599778320756,0.2502813453513427
BP-11095,Corporate,Central,14,3350.874,702.9641999999999,85,2023-06-07,2026-12-13,True,239.34814285714285,0.14402856307738468,0.24049670228599196
DV-13465,Consumer,Central,6,3341.587,353.2127,62,2023-06-22,2026-12-01,True,556.9311666666666,0.1436293856492571,0.12084042054422034
SF-20965,Corporate,West,9,3336.535,539.9352,66,2023-10-21,2026-11-12,True,370.7261111111111,0.1434122386301012,0.18472154776605632
DC-12850,Consumer,Central,9,3336.168,-1441.6313,64,2023-07-05,2026-11-23,True,370.68533333333335,0.1433964640940699,-0.4932080091166345
BD-11605,Consumer,West,9,3332.8709999999996,655.7103000000001,84,2023-01-13,2026-09-24,True,370.31899999999996,0.14325475116411007,0.22433029278725505
AP-10915,Consumer,West,10,3323.556,579.3113,102,2023-08-23,2026-09-23,True,332.3556,0.1428543702291463,0.1981928201279823
DK-13375,Consumer,East,8,3318.486,377.0798999999999,77,2023-09-07,2026-12-11,True,414.81075,0.1426364495270243,0.12900581914175943
KH-16330,Corporate,East,8,3312.864,454.7870999999999,70,2023-04-01,2026-11-20,True,414.108,0.14239480254727482,0.15559085056139368
RF-19345,Corporate,East,8,3309.1499999999996,633.7072,67,2023-05-20,2025-12-05,True,413.64374999999995,0.14223516596193336,0.21680263634320154
RR-19525,Corporate,East,6,3302.2619999999997,721.6826,36,2023-09-09,2026-07-13,True,550.377,0.1419391032802339,0.24690060375362027
BS-11665,Consumer,East,3,3288.1099999999997,238.7368,47,2023-06-23,2025-05-27,True,1096.0366666666666,0.1413308165393206,0.08167615522143293
RW-19630,Corporate,Central,9,3279.746,698.8325,53,2023-06-28,2026-10-02,True,364.41622222222225,0.14097131185439984,0.23908317336825335
DL-12925,Consumer,South,6,3272.2,4.213200000000015,43,2023-09-09,2026-11-03,True,545.3666666666667,0.14064696676205019,0.0014414115342877279
DK-12835,Corporate,West,12,3256.48,881.1228,86,2023-03-26,2026-12-09,True,271.37333333333333,0.139971283638311,0.3014479652150133
AS-10090,Consumer,East,9,3255.31,64.5374,81,2023-09-22,2026-12-02,True,361.7011111111111,0.1399209942455136,0.02207940585610474
JO-15145,Corporate,South,9,3254.949,581.4044999999999,59,2023-01-06,2026-11-03,True,361.661,0.13990547760380434,0.1989089415140003
AH-10075,Corporate,West,10,3250.337,281.18899999999996,75,2023-11-16,2026-11-26,True,325.0337,0.13970724283493122,0.09619981674613842
HG-14965,Corporate,West,12,3247.642,-2797.9635,68,2023-09-20,2026-12-07,True,270.6368333333333,0.13959140530194922,-0.9572336612114417
LC-16960,Home Office,East,4,3246.6259999999997,299.48019999999997,30,2024-02-23,2025-10-20,True,811.6564999999999,0.13954773519675082,0.10245756540653043
EB-13750,Corporate,South,10,3236.314,-80.28599999999999,91,2024-03-12,2026-11-25,True,323.6314,0.13910450082194173,-0.027467285303765333
SR-20425,Home Office,Central,5,3233.481,-3333.9144,34,2023-06-14,2026-12-22,True,646.6962000000001,0.13898273171955286,-1.140592108252144
LW-16990,Corporate,West,6,3230.308,662.8339,38,2025-05-05,2026-11-27,True,538.3846666666667,0.13884634860558184,0.22676740453263905
RS-19420,Corporate,East,5,3221.29,633.4514,29,2023-08-05,2026-10-15,True,644.258,0.13845873343955892,0.21671512256021694
AS-10285,Corporate,Central,6,3214.236,354.62760000000003,39,2025-05-21,2026-12-11,True,535.706,0.1381555356816164,0.1213244832945915
MP-17470,Home Office,Central,7,3206.132,600.2873,77,2023-03-30,2025-01-11,True,458.01885714285714,0.13780720641731725,0.20536908717991892
CS-12355,Consumer,South,11,3202.1620000000003,831.9431999999999,74,2023-08-15,2026-12-24,True,291.1056363636364,0.1376365663409022,0.2846227390943315
BT-11680,Consumer,Central,7,3196.752,447.7484,88,2023-11-28,2026-12-10,True,456.6788571428571,0.13740403162719805,0.1531827846337399
DG-13300,Corporate,East,5,3195.818,562.7761,39,2023-11-01,2026-11-28,True,639.1636000000001,0.13736388607773417,0.19253583066587415
JL-15505,Consumer,Central,6,3173.874,591.7163,56,2023-11-14,2026-11-11,True,528.9789999999999,0.1364206805772677,0.20243679384934363
GM-14680,Consumer,West,6,3163.628,35.48649999999999,31,2023-05-10,2026-07-31,True,527.2713333333334,0.13598028304000104,0.012140570210647787
JM-15250,Consumer,East,6,3159.1220000000003,19.823500000000045,91,2025-03-29,2026-11-23,True,526.5203333333334,0.1357866044041506,0.006781976063313571
CK-12205,Consumer,East,13,3154.855,141.2831,122,2023-03-11,2026-11-21,True,242.68115384615385,0.13560319855879466,0.04833549082405909
KB-16240,Corporate,South,7,3152.6150000000002,763.9076,34,2023-03-31,2026-12-26,True,450.37357142857144,0.13550691801190054,0.2613465360699829
MS-17770,Consumer,South,9,3144.678,280.8584000000001,73,2023-07-04,2026-08-31,True,349.40866666666665,0.13516576680623144,0.09608671253716772
EH-14125,Home Office,West,14,3143.4829999999997,117.8102,84,2023-10-19,2026-10-19,True,224.53449999999998,0.1351144028537589,0.04030498935173822
RD-19900,Consumer,Central,9,3133.924,455.5291999999999,85,2023-04-05,2026-09-07,True,348.21377777777775,0.13470353421636555,0.15584473632508752
TN-21040,Home Office,West,7,3130.221,-692.0452,48,2023-10-10,2026-10-01,True,447.17442857142856,0.1345443704372812,-0.23676111590440851
SN-20710,Home Office,West,7,3127.9592,481.74989999999997,89,2023-05-06,2026-10-12,True,446.85131428571424,0.13444715287435033,0.1648153096226044
SG-20605,Consumer,Central,6,3124.8320000000003,463.2689999999999,49,2023-01-23,2026-09-13,True,520.8053333333334,0.13431273835370422,0.15849266117866204
KH-16360,Consumer,East,6,3100.612,528.2051,40,2023-04-29,2026-12-29,True,516.7686666666667,0.13327170494041135,0.18070846947916072
PG-18820,Consumer,West,13,3086.9069999999997,137.46130000000002,83,2023-05-09,2026-11-24,True,237.45438461538458,0.13268263132648986,0.0470279842728057
GM-14455,Home Office,Central,6,3078.6240000000003,793.2814000000001,54,2023-04-11,2026-12-14,True,513.104,0.1323266082149166,0.27139584161585323
EB-14110,Consumer,West,6,3071.126,184.7656,30,2024-04-13,2026-09-08,True,511.8543333333334,0.13200432627714329,0.0632116365184638
MG-18145,Consumer,Central,4,3061.543,-93.603,42,2023-03-29,2026-10-07,True,765.38575,0.1315924260624618,-0.03202327063608035
TG-21310,Consumer,South,5,3058.372,682.1704000000001,30,2024-03-09,2026-01-27,True,611.6744,0.13145612891326477,0.23338276913264733
KT-16465,Consumer,Central,7,3057.1,254.0031999999999,45,2023-09-08,2025-12-04,True,436.7285714285714,0.13140145531699274,0.08689906537216158
SS-20410,Consumer,Central,6,3056.807,-1010.9738,46,2023-05-30,2026-09-11,True,509.4678333333333,0.1313888614775999,-0.34587232891452796
SL-20155,Home Office,East,7,3053.012,527.9715000000001,30,2023-09-21,2026-10-21,True,436.14457142857145,0.13122574331891096,0.1806285507156533
AS-10045,Corporate,East,7,3050.692,-253.5746,48,2023-07-27,2026-10-03,True,435.81314285714285,0.13112602418105632,-0.08675243359973311
CA-12775,Consumer,East,7,3041.566,204.48950000000002,72,2023-06-28,2026-09-01,True,434.50942857142854,0.1307337669172367,0.06995953762952846
CS-11950,Consumer,West,11,3036.547,-126.42230000000002,68,2023-06-08,2026-12-05,True,276.0497272727273,0.13051803831685205,-0.04325134373188617
LS-16975,Home Office,Central,9,2988.674,262.63669999999996,63,2023-10-20,2026-12-10,True,332.0748888888889,0.12846034250369892,0.08985274107739114
MH-18025,Consumer,East,5,2984.948,476.90319999999997,31,2023-07-08,2026-11-11,True,596.9896,0.12830019012971342,0.16315716633882194
FA-14230,Corporate,West,7,2984.054,520.5229000000002,58,2023-09-19,2026-09-24,True,426.2934285714286,0.12826176387572977,0.1780802506220676
DB-13120,Corporate,South,7,2973.094,-1421.7692000000002,59,2024-05-01,2026-11-12,True,424.7277142857143,0.12779067691414062,-0.48641282729873453
NS-18640,Corporate,West,13,2964.823,-234.7714,113,2023-06-25,2026-07-09,True,228.0633076923077,0.1274351695912114,-0.0803195205261741
TM-21010,Consumer,Central,8,2955.226,573.3013,67,2023-02-21,2026-09-18,True,369.40325,0.12702266762311185,0.19613669098123657
CK-12325,Home Office,South,5,2945.321,261.2208999999998,46,2023-03-14,2026-09-01,True,589.0642,0.12659692707981432,0.0893683704208249
TH-21115,Corporate,East,4,2942.772,-252.5539,29,2023-09-23,2026-11-02,True,735.693,0.12648736497533525,-0.0864032337627808
LT-17110,Consumer,South,8,2936.252,320.973,63,2023-06-01,2026-11-26,True,367.0315,0.1262071198120541,0.1098106390380075
BC-11125,Home Office,West,9,2933.676,251.5974,60,2023-07-06,2026-06-11,True,325.964,0.12609639718312585,0.08607599790107326
JK-16120,Home Office,South,10,2932.484,122.65659999999997,49,2023-11-02,2026-09-04,True,293.2484,0.1260451621778143,0.04196303000012234
SW-20455,Consumer,East,7,2921.544,793.6548,18,2024-06-22,2026-07-21,True,417.3634285714285,0.1255749348639653,0.27152358847498714
ML-17410,Consumer,East,6,2921.5,-76.17550000000003,51,2023-11-14,2026-11-06,True,486.9166666666667,0.125573043638937,-0.026061009287509367
RD-19585,Consumer,South,10,2912.8940000000002,734.5158,73,2023-04-02,2026-07-03,True,291.2894,0.1252031372163607,0.2512910724002122
CY-12745,Corporate,Central,8,2900.026,60.646699999999925,43,2023-12-12,2026-10-31,True,362.50325,0.12465003986036349,0.020748327375032547
ND-18460,Corporate,South,6,2893.455,443.3367999999999,36,2023-02-06,2026-06-30,True,482.2425,0.124367602595345,0.15167349688934995
MT-17815,Consumer,West,6,2890.1389999999997,509.0068,31,2024-11-06,2026-11-11,True,481.6898333333333,0.12422507300003206,0.17414038558598785
BF-11020,Corporate,West,8,2888.506,302.02000000000004,78,2023-02-15,2026-10-17,True,361.06325,0.12415488276205078,0.10332647668887734
DS-13180,Corporate,East,9,2881.8128,163.69930000000002,68,2023-04-28,2026-12-07,True,320.2014222222222,0.12386719304934016,0.05600447621162685
PV-18985,Home Office,Central,5,2876.0460000000003,434.52840000000015,52,2023-07-12,2026-10-02,True,575.2092,0.12361932221995216,0.14865998474688824
IM-15055,Consumer,West,3,2872.63,975.7701,19,2023-01-23,2025-11-16,True,957.5433333333334,0.1234724943859386,0.3338285096727154
CC-12685,Consumer,South,4,2854.1150000000002,850.1591000000001,51,2023-03-22,2024-10-23,True,713.5287500000001,0.12267667549051677,0.29085472626974024
AW-10930,Home Office,Central,7,2852.9680000000003,-104.54860000000001,68,2023-07-14,2026-11-14,True,407.5668571428572,0.12262737469262053,-0.035767957356316674
EA-14035,Corporate,South,13,2846.705,-52.74059999999996,87,2023-09-13,2026-07-31,True,218.97730769230768,0.12235817600279998,-0.018043508298978213
LS-16945,Corporate,West,6,2845.27,-318.7737000000001,51,2024-04-25,2026-07-05,True,474.21166666666664,0.12229649627744593,-0.1090582189327766
DB-12970,Corporate,Central,5,2839.2272000000003,213.00289999999987,43,2023-11-12,2026-05-03,True,567.84544,0.12203676230924419,0.07287212496362247
JM-16195,Consumer,South,10,2833.9260000000004,754.1143999999999,74,2023-04-30,2026-11-03,True,283.3926,0.12180890407924637,0.25799610612657015
CV-12295,Consumer,Central,5,2830.628,493.0861,54,2023-03-28,2026-04-20,True,566.1256000000001,0.12166714816689954,0.1686936276314795
TS-21610,Consumer,East,7,2820.424,-294.69809999999995,44,2023-08-16,2026-11-05,True,402.9177142857143,0.12122855588988714,-0.10082152294519052
GH-14410,Home Office,West,9,2819.467,-576.8335,65,2023-07-09,2026-10-16,True,313.2741111111111,0.1211874217455221,-0.19734512016129235
BG-11035,Consumer,South,8,2798.948,-711.4274,35,2023-11-05,2026-12-02,True,349.8685,0.1203054661465396,-0.24339211529676386
TB-21625,Consumer,East,9,2797.6679999999997,379.8819999999998,60,2023-08-06,2026-11-30,True,310.852,0.1202504486911715,0.12996446797405498
RD-19660,Home Office,West,5,2786.632,835.7719999999999,23,2024-04-12,2026-09-07,True,557.3264,0.11977609506816989,0.2859326404715462
JC-15775,Consumer,South,9,2772.055,279.5692000000001,64,2023-09-14,2026-07-25,True,308.00611111111107,0.11914954081277888,0.09564565401870107
PF-19165,Consumer,Central,6,2770.0,196.8739,34,2023-09-20,2026-06-17,True,461.6666666666667,0.11906121200748092,0.06735410383086672
EB-13870,Consumer,Central,10,2767.219,261.5315,41,2023-05-05,2026-09-21,True,276.7219,0.11894167798921637,0.08947463226990637
CS-12250,Corporate,South,12,2754.216,738.3626,97,2023-01-13,2026-12-04,True,229.518,0.1183827780109733,0.2526071319013273
MM-18055,Consumer,West,8,2749.881,-520.3443000000001,73,2023-04-11,2026-10-30,True,343.735125,0.11819644936330094,-0.17801914834825575
KB-16585,Corporate,South,12,2744.742,579.3551,102,2023-04-04,2026-05-14,True,228.72850000000003,0.11797556287647554,0.19820780489614
LL-16840,Consumer,East,6,2741.2039999999997,560.0078,50,2023-04-29,2026-04-25,True,456.8673333333333,0.11782349119124717,0.19158874542179155
FM-14380,Consumer,Central,11,2731.996,218.0138,63,2024-07-12,2026-12-09,True,248.36327272727274,0.1174277093716931,0.07458644402209644
MC-17275,Consumer,West,8,2725.982,461.0014,54,2023-09-08,2026-10-15,True,340.74775,0.11716921329623714,0.15771687441440904
JL-15850,Consumer,Central,6,2725.256,779.9046,38,2023-07-22,2025-04-25,True,454.2093333333333,0.11713800808327055,0.26681939762746903
ML-17395,Corporate,West,9,2722.843,684.9162,72,2023-02-14,2026-10-22,True,302.5381111111111,0.11703429158342431,0.23432215672185433
AG-10270,Consumer,West,9,2720.386,792.4823,78,2023-05-13,2026-09-20,True,302.2651111111111,0.11692868385854982,0.2711224551264747
JK-15370,Consumer,South,8,2709.632,330.2838,72,2023-04-11,2026-11-16,True,338.704,0.11646645126868395,0.11299603126088942
JE-16165,Corporate,Central,3,2697.248,789.6476,34,2025-12-05,2026-12-10,True,899.0826666666667,0.1159341573879978,0.2701526532475596
BT-11530,Home Office,West,5,2684.4919999999997,409.4983,44,2023-05-21,2026-09-30,True,536.8983999999999,0.11538587405934529,0.14009673713358353
BO-11350,Corporate,Central,5,2682.728,278.77700000000004,43,2025-01-03,2026-08-15,True,536.5456,0.11531005312866616,0.09537462814348442
FO-14305,Consumer,South,10,2678.438,215.59689999999986,60,2023-06-09,2026-11-22,True,267.8438,0.1151256586884091,0.07375957904126947
NH-18610,Corporate,East,7,2673.29,760.1666,52,2023-03-02,2026-06-24,True,381.8985714285714,0.1149043853601006,0.2600666726526824
RB-19435,Consumer,West,8,2663.0860000000002,477.2399,66,2023-03-11,2026-12-11,True,332.88575000000003,0.11446579308308821,0.16327235746755894
EJ-14155,Consumer,West,5,2656.691,451.87549999999993,31,2023-03-03,2026-11-03,True,531.3381999999999,0.11419092071818283,0.154594739808704
DK-13090,Consumer,West,7,2650.557,536.3935,33,2024-03-02,2026-11-18,True,378.65099999999995,0.11392726675628613,0.18350986846505307
CA-12265,Consumer,West,9,2648.2872,279.6183,65,2023-03-25,2026-11-04,True,294.25413333333336,0.11382970533425922,0.09566245201222935
LC-17140,Consumer,East,9,2633.582,231.1252,62,2023-09-09,2026-12-17,True,292.6202222222222,0.113197640736854,0.07907208989474908
RA-19285,Consumer,Central,9,2617.906,546.0882,58,2023-12-13,2026-12-25,True,290.8784444444444,0.11252384883814308,0.18682659978601082
KN-16390,Corporate,East,9,2617.272,-151.1518,56,2023-12-02,2026-12-11,True,290.808,0.11249659800478108,-0.051711750676054075
SO-20335,Consumer,South,6,2602.5755,-81.08579999999998,52,2024-10-11,2026-12-01,True,433.76258333333334,0.11186490735414284,-0.027740911275739914
SU-20665,Home Office,Central,7,2595.364,763.4718999999999,61,2024-12-05,2026-12-10,True,370.76628571428574,0.11155493987024684,0.26119747525979364
HA-14920,Consumer,West,8,2584.158,99.1444999999998,72,2023-10-11,2026-12-10,True,323.01975,0.1110732792414541,0.033919117502418314
LC-16870,Consumer,West,8,2580.704,-188.2511,113,2024-05-03,2026-12-03,True,322.588,0.11092481807673431,-0.064404088788178
SC-20695,Corporate,Central,10,2576.408,611.8290999999999,66,2023-12-16,2026-10-02,True,257.6408,0.11074016574215519,0.20931774464845637
NS-18505,Consumer,Central,4,2575.863,-12.304000000000041,52,2025-11-24,2026-12-24,True,643.96575,0.11071674034123676,-0.004209419803920108
BT-11305,Home Office,West,5,2567.656,417.5918,33,2023-04-25,2026-01-28,True,513.5312,0.11036398389107596,0.14286566912180096
EM-13810,Corporate,West,5,2567.0099999999998,-133.8275000000001,23,2024-06-07,2026-08-20,True,513.4019999999999,0.11033621726906989,-0.04578479590451209
MZ-17515,Corporate,West,6,2564.906,787.7503,39,2023-04-04,2026-03-23,True,427.4843333333333,0.11024578232680861,0.2695035527766576
BS-11755,Consumer,East,7,2562.382,-113.29840000000011,45,2023-05-18,2026-12-29,True,366.0545714285714,0.11013729478200468,-0.03876142138430274
DE-13255,Home Office,East,5,2550.874,464.4714000000001,38,2023-08-22,2025-01-11,True,510.17479999999995,0.10964265347233607,0.15890402385520902
CC-12610,Corporate,South,7,2540.631,331.43399999999997,39,2023-08-27,2026-11-26,True,362.94728571428567,0.1092023848822304,0.11338953537812518
AC-10615,Corporate,East,5,2537.686,298.8273,59,2024-09-15,2026-12-24,True,507.53720000000004,0.10907580175249683,0.10223419656794303
CM-12160,Consumer,East,6,2533.314,-394.3686,23,2025-10-21,2026-12-04,True,422.219,0.10888788275650524,-0.13492059451269847
HF-14995,Consumer,West,7,2533.1639999999998,-13.876799999999976,70,2023-05-26,2026-12-09,True,361.8805714285714,0.10888143539845428,-0.004747502985617544
GZ-14545,Corporate,East,8,2529.11,860.6918000000001,38,2023-09-28,2026-07-26,True,316.13875,0.1087071848015307,0.2944581524700612
JB-16045,Home Office,West,5,2518.1150000000002,201.51850000000002,32,2024-05-03,2026-12-23,True,503.62300000000005,0.10823459345639633,0.06894310506796746
JS-16030,Consumer,East,6,2516.494,-311.25750000000005,70,2023-02-27,2026-12-02,True,419.4156666666667,0.1081649190070591,-0.10648679166276487
XP-21865,Consumer,Central,13,2503.156,675.9584,121,2023-01-20,2026-11-17,True,192.55046153846155,0.10759161992916892,0.2312575321510192
DJ-13510,Corporate,South,8,2501.688,345.2521,52,2023-08-17,2026-11-12,True,312.711,0.10752852178504366,0.11811695603746754
AH-10465,Consumer,Central,5,2495.3916,-196.12009999999998,35,2024-01-03,2026-05-14,True,499.07831999999996,0.10725788748349713,-0.06709621528663762
PO-18865,Consumer,West,7,2493.214,437.8533,54,2023-03-23,2026-12-30,True,356.1734285714286,0.10716428903755218,0.149797492866691
NZ-18565,Home Office,Central,9,2488.3100000000004,402.4236,77,2023-08-02,2026-10-06,True,276.47888888888895,0.10695350341167324,0.13767635495812894
MN-17935,Consumer,Central,6,2477.946,290.8227,36,2023-02-16,2026-11-26,True,412.991,0.1065080339527398,0.0994956788694337
BP-11290,Consumer,Central,7,2475.157,-319.06370000000004,51,2023-10-03,2026-12-18,True,353.5938571428572,0.10638815607537924,-0.10915743315117196
CC-12145,Consumer,West,7,2471.65,392.2825,31,2023-07-20,2026-09-15,True,353.09285714285716,0.10623741684414809,0.1342069021644412
NC-18340,Consumer,Central,5,2461.404,580.3075,54,2023-03-30,2026-05-20,True,492.2808,0.10579701930688143,0.19853363807407023
FM-14215,Corporate,South,10,2456.638,249.6808,48,2023-03-11,2026-12-23,True,245.66379999999998,0.10559216525040935,0.08542029455287811
MH-17455,Consumer,East,8,2456.1820000000002,484.7733,45,2023-07-11,2026-10-06,True,307.02275000000003,0.10557256528193448,0.1658496691670755
BS-11590,Corporate,East,6,2454.928,381.7807,41,2023-01-14,2026-11-25,True,409.1546666666666,0.10551866536862856,0.13061404741014926
VM-21685,Home Office,South,7,2454.866,513.5269,37,2023-04-07,2026-11-06,True,350.69514285714286,0.10551600046063417,0.17568679313277744
MA-17995,Home Office,West,6,2453.284,280.78220000000005,42,2023-09-20,2026-06-27,True,408.8806666666667,0.10544800232439018,0.09606064314598933
MC-17590,Corporate,Central,6,2426.067,288.98409999999996,47,2023-05-20,2026-11-09,True,404.3445,0.10427815069723942,0.09886666072480693
TH-21100,Consumer,West,5,2422.824,-135.21249999999998,29,2023-09-27,2026-01-20,True,484.5648,0.10413875881617797,-0.046258629326848634
MH-17290,Home Office,West,6,2394.025,28.76120000000002,55,2023-04-26,2026-09-02,True,399.00416666666666,0.10290090905278322,0.009839724062459906
DF-13135,Consumer,West,3,2390.534,-259.3097,23,2023-10-04,2025-01-30,True,796.8446666666667,0.10275085753974418,-0.08871451450979995
CK-12595,Consumer,West,11,2372.75,497.7098,108,2023-12-26,2026-11-17,True,215.70454545454547,0.10198645876922396,0.17027547860249587
JF-15415,Consumer,Central,6,2371.4480000000003,635.6376,69,2023-06-17,2026-12-28,True,395.2413333333334,0.10193049570134174,0.21746306091972034
CV-12805,Corporate,Central,9,2370.3136,98.99749999999997,62,2025-05-09,2026-12-25,True,263.36817777777776,0.10188173648152177,0.033868826157231746
NR-18550,Consumer,Central,5,2367.277,-25.148800000000016,37,2023-06-07,2026-06-03,True,473.4554,0.10175121616513842,-0.008603857019247865
JG-15115,Consumer,West,3,2358.676,684.1911,20,2023-09-21,2024-12-03,True,786.2253333333333,0.10138152465449712,0.23407408696406642
AG-10495,Corporate,South,8,2356.855,295.6668,93,2024-01-04,2026-10-13,True,294.606875,0.10130325372775864,0.10115293264643056
CL-12700,Home Office,West,5,2353.5860000000002,229.00989999999987,34,2025-04-24,2026-09-16,True,470.71720000000005,0.10116274430463502,0.07834840770105331
MG-17680,Home Office,East,4,2350.188,25.888600000000004,25,2023-10-22,2026-09-29,True,587.547,0.10101669015358758,0.008856955911554434
RF-19735,Consumer,South,7,2341.2960000000003,711.6168,53,2023-08-06,2026-10-02,True,334.4708571428572,0.10063449076832746,0.24345691244491585
EM-13825,Corporate,South,8,2339.598,682.5541999999999,57,2023-12-02,2026-11-05,True,292.44975,0.10056150667519075,0.23351407401892363
DB-13210,Consumer,Central,10,2332.577,169.9679,75,2024-03-22,2026-12-21,True,233.25770000000003,0.10025972733601943,0.05814907707174171
CM-12235,Consumer,South,5,2305.712,365.0387,28,2025-05-01,2025-12-10,True,461.1424,0.0991050055090949,0.12488630794678526
MK-17905,Corporate,Central,8,2302.368,-405.3559,73,2023-11-18,2026-12-02,True,287.796,0.09896127240694577,-0.13867954755330408
LH-16900,Consumer,South,9,2295.332,526.0726999999999,64,2023-08-19,2026-12-09,True,255.03688888888888,0.09865884833196938,0.1799789370677596
KN-16705,Home Office,East,8,2280.58,329.7625,55,2023-03-02,2026-09-23,True,285.0725,0.09802477215885229,0.11281768515037387
JF-15190,Consumer,South,7,2279.5860000000002,575.1259,72,2023-11-15,2026-10-26,True,325.6551428571429,0.09798204766616804,0.1967609194739408
FH-14350,Consumer,South,4,2271.284,706.289,52,2024-08-23,2026-06-01,True,567.821,0.09762520788924163,0.24163417619399535
CC-12670,Consumer,South,7,2269.7015,187.83989999999983,47,2023-12-23,2026-12-01,True,324.24307142857145,0.09755718826180414,0.06426340986885316
BE-11410,Consumer,East,5,2261.438,755.9151,19,2025-02-07,2026-09-23,True,452.2876,0.0972020033067775,0.2586121579992066
KM-16225,Corporate,East,6,2260.958,635.1057,72,2024-07-06,2026-12-16,True,376.82633333333337,0.09718137176101446,0.2172810883584634
MC-17605,Corporate,South,8,2258.192,195.4486,60,2023-03-19,2026-09-09,True,282.274,0.09706248247855499,0.06686648305335313
JH-16180,Consumer,West,4,2256.394,-96.95300000000012,28,2024-05-25,2025-11-21,True,564.0985,0.09698520014671765,-0.033169365917544325
MY-17380,Corporate,West,7,2254.285,319.1211,49,2024-10-26,2026-12-01,True,322.0407142857143,0.09689455029252134,0.10917707072405436
KD-16615,Corporate,West,5,2243.51,539.7219,56,2024-09-13,2026-03-16,True,448.70200000000006,0.09643141507252835,0.18464857399783652
TS-21505,Consumer,South,6,2243.274,11.377899999999961,54,2023-12-20,2026-12-19,True,373.87899999999996,0.09642127122919485,0.0038925843292443333
JG-15310,Corporate,Central,6,2240.58,3.797600000000017,46,2025-03-03,2026-12-28,True,373.43,0.09630547667859984,0.0012992272957873066
LW-16825,Corporate,East,5,2238.061,32.57670000000002,50,2023-05-30,2026-10-03,True,447.61220000000003,0.09619720404573097,0.011145075270348163
AR-10405,Corporate,West,5,2236.1279999999997,-98.7646,29,2023-10-03,2026-08-27,True,447.22559999999993,0.09611411909164774,-0.033789146876320425
TZ-21580,Consumer,West,8,2234.95,349.4514999999999,69,2023-11-11,2026-12-04,True,279.36875,0.09606348583975431,0.1195536463434316
NC-18415,Consumer,East,6,2218.9900000000002,-2204.8072,38,2023-05-03,2026-11-19,True,369.8316666666667,0.09537748694313362,-0.754304217450066
MC-18100,Consumer,West,10,2218.98,-64.16680000000011,73,2023-06-18,2026-11-19,True,221.898,0.09537705711926354,-0.02195261692735536
DP-13105,Corporate,East,8,2215.002,563.1761,63,2024-08-22,2026-12-24,True,276.87525,0.09520607318375243,0.19267267786366088
PF-19225,Consumer,South,5,2206.128,591.3118000000001,32,2025-06-26,2026-09-07,True,441.22560000000004,0.09482464748145844,0.20229840712058175
MH-17785,Corporate,West,7,2203.7780000000002,238.5614,42,2023-05-27,2026-09-23,True,314.82542857142863,0.09472363887199362,0.08161614772520344
JL-15235,Consumer,Central,5,2203.7,54.51739999999992,39,2023-05-25,2026-09-02,True,440.73999999999995,0.09472028624580711,0.018651383551546892
JR-16210,Corporate,South,5,2201.686,452.37300000000005,41,2024-09-18,2026-11-27,True,440.33720000000005,0.0946337197183764,0.1547649435109513
EN-13780,Consumer,East,4,2199.366,496.1131,27,2024-05-30,2026-03-18,True,549.8415,0.09453400058052176,0.16972921880073066
TB-21280,Consumer,East,6,2198.45,490.9567,35,2023-06-21,2025-05-26,True,366.4083333333333,0.09449462871402398,0.1679651215740618
GW-14605,Consumer,Central,7,2189.0190000000002,-268.5423,43,2023-03-01,2026-12-02,True,312.71700000000004,0.09408926182216747,-0.09187315310551455
BT-11395,Corporate,Central,6,2186.6130000000003,257.91629999999986,38,2023-10-28,2026-03-03,True,364.43550000000005,0.09398584619903029,0.08823780729630978
PS-18760,Consumer,Central,6,2181.479,-134.44099999999997,75,2023-06-15,2026-09-14,True,363.5798333333333,0.09376517462413987,-0.04599468529411747
SH-20395,Consumer,West,10,2180.718,-144.5229,45,2023-11-02,2026-12-07,True,218.0718,0.09373246502762808,-0.04944388470253278
KN-16450,Corporate,West,5,2171.962,114.30829999999989,49,2023-04-12,2026-11-08,True,434.3924,0.09335611124700081,0.039106926346914726
DB-12910,Home Office,South,8,2171.5989999999997,431.3748,47,2023-10-24,2026-12-09,True,271.44987499999996,0.09334050864051752,0.14758108143953752
RP-19855,Corporate,South,8,2170.716,594.5868,61,2023-04-05,2026-12-02,True,271.3395,0.09330255519279095,0.2034188435524607
TS-21160,Corporate,East,6,2163.624,260.8744,60,2023-04-23,2025-08-13,True,360.604,0.0929977241041422,0.0892498265357422
HA-14905,Consumer,East,7,2163.2999999999997,270.8574000000001,45,2023-06-30,2026-10-22,True,309.0428571428571,0.09298379781075214,0.09266519047450479
EJ-13720,Consumer,West,4,2162.174,387.01759999999996,31,2023-01-27,2026-03-03,True,540.5435,0.09293539964298306,0.13240568513537265
NM-18520,Consumer,West,10,2161.979,788.9525,60,2024-09-08,2026-04-30,True,216.19789999999998,0.09292701807751681,0.26991484702960566
JD-15790,Consumer,West,5,2152.3520000000003,-266.5525,26,2024-04-02,2026-09-04,True,430.47040000000004,0.09251322663780708,-0.09119240672012442
CR-12580,Home Office,Central,4,2148.852,74.40129999999999,32,2025-04-18,2026-11-03,True,537.213,0.09236278828328497,0.02545402354172627
DN-13690,Consumer,East,7,2139.79,540.5405000000001,41,2023-09-20,2026-05-27,True,305.6842857142857,0.09197328189223379,0.1849286317881071
FG-14260,Home Office,East,11,2124.784,692.4281000000001,70,2023-05-21,2026-11-26,True,193.16218181818184,0.0913282881928171,0.23689211288448986
KC-16255,Corporate,South,6,2120.954,846.1217,40,2023-09-08,2025-11-18,True,353.49233333333336,0.09116366565058293,0.2894734590788798
SH-20635,Corporate,West,2,2096.392,260.6258,16,2023-12-16,2024-11-26,True,1048.196,0.0901079322609339,0.08916477600231776
LC-17050,Consumer,West,5,2095.064,86.778,43,2023-01-31,2026-11-06,True,419.01279999999997,0.09005085165098953,0.02968831532384411
RH-19600,Consumer,Central,3,2085.74,172.62609999999987,43,2024-07-02,2025-07-14,True,695.2466666666666,0.08965008387454268,0.05905849512463345
TG-21640,Consumer,South,4,2074.661,365.72050000000013,50,2023-03-31,2026-09-07,True,518.66525,0.08917388200889978,0.12511956399541282
ML-17755,Home Office,South,7,2071.914,409.5111999999999,53,2025-08-04,2026-12-01,True,295.98771428571433,0.08905580939179344,0.14010115045571214
JM-15535,Consumer,East,9,2070.063,394.6255,54,2023-09-13,2026-09-19,True,230.007,0.08897624899344476,0.135008484625477
RB-19705,Home Office,East,4,2067.45,243.07549999999992,22,2024-08-22,2026-11-06,True,516.8625,0.08886393601619726,0.08316050256402621
TS-21430,Corporate,West,5,2054.14,48.70169999999998,31,2023-07-30,2026-07-11,True,410.828,0.08829184044514327,0.01666172793112607
AF-10870,Consumer,West,7,2052.908,317.9712,51,2024-12-06,2026-11-19,True,293.27257142857144,0.08823888614435149,0.10878366924221693
DO-13645,Consumer,East,9,2043.296,658.7829,38,2023-08-19,2026-12-04,True,227.0328888888889,0.08782573944044685,0.2253814845370539
CD-11920,Consumer,East,5,2033.9679999999998,426.661,35,2023-03-24,2026-11-20,True,406.79359999999997,0.08742479973445196,0.1459684056372197
DJ-13420,Corporate,West,4,2012.52,483.03499999999997,20,2023-12-08,2025-04-02,True,503.13,0.08650291349794062,0.16525496545729376
VB-21745,Corporate,Central,6,2005.596,371.2398,37,2024-07-17,2026-11-06,True,334.266,0.08620530345030891,0.12700781584227366
HP-14815,Home Office,West,7,1990.314,373.8637,44,2023-05-06,2026-11-30,True,284.33057142857143,0.08554844661207847,0.12790549924795522
DB-13615,Consumer,West,7,1989.0500000000002,438.8012,41,2023-09-30,2026-11-27,True,284.15000000000003,0.0854941168749025,0.1501217865136461
PG-18895,Consumer,Central,9,1987.164,334.5163,61,2023-05-11,2026-11-03,True,220.796,0.0854130520930086,0.11444404567247037
NB-18655,Corporate,East,9,1972.599,117.64290000000001,64,2023-12-05,2026-12-11,True,219.17766666666665,0.08478701362626168,0.040247753011263925
SW-20275,Consumer,Central,6,1966.65,332.8725,28,2023-03-10,2026-11-30,True,327.77500000000003,0.08453131140596115,0.11388167211316576
LD-17005,Consumer,East,4,1961.934,557.1714,25,2023-09-29,2025-11-11,True,490.4835,0.08432860646883937,0.19061836194228576
CB-12415,Consumer,East,8,1949.2000000000003,272.3883,44,2024-11-05,2026-12-04,True,243.65000000000003,0.08378126875270102,0.09318893891223405
TP-21565,Corporate,Central,4,1936.6399999999999,139.2286999999999,48,2024-03-01,2026-01-14,True,484.15999999999997,0.08324140997190174,0.04763264361622636
JO-15280,Consumer,East,6,1934.272,202.1362,36,2023-03-31,2026-09-29,True,322.3786666666667,0.0831396276794708,0.06915443135314962
JF-15355,Consumer,West,6,1911.844,330.199,58,2024-10-23,2026-09-16,True,318.6406666666667,0.08217561870369328,0.11296701965495864
ME-17725,Consumer,Central,8,1908.4532,77.81280000000001,46,2023-07-12,2026-12-02,True,238.55665,0.08202987402583227,0.02662115907984993
SV-20935,Consumer,East,8,1903.491,106.89120000000001,66,2025-03-19,2026-12-28,True,237.936375,0.08181658682502954,0.036569402970154714
KD-16345,Consumer,East,6,1888.964,328.5942,36,2023-09-02,2026-11-19,True,314.82733333333334,0.08119218168898887,0.11241798869743826
GD-14590,Corporate,South,4,1888.07,230.93729999999996,25,2023-05-05,2026-12-25,True,472.0175,0.08115375543500523,0.07900780592358873
SG-20470,Consumer,South,8,1884.7980000000002,-119.01049999999998,62,2023-07-26,2026-06-30,True,235.59975000000003,0.0810131170647206,-0.04071563358049677
LR-17035,Corporate,West,5,1879.306,-382.8079,44,2023-09-07,2026-08-20,True,375.8612,0.08077705779528192,-0.13096547101406558
SC-20440,Corporate,East,7,1874.998,379.5611,44,2024-08-17,2026-11-24,True,267.85685714285717,0.08059188967205874,0.12985468230963063
BG-11695,Corporate,East,6,1874.172,107.5714999999998,24,2023-05-11,2026-11-24,True,312.362,0.08055638622039153,0.03680214584179044
SP-20650,Corporate,South,9,1872.4360000000001,268.4782,71,2023-04-16,2025-12-09,True,208.04844444444447,0.08048176879654857,0.09185122334206923
NG-18355,Corporate,Central,5,1869.58,313.63349999999997,45,2023-11-24,2026-11-12,True,373.916,0.08035901109925854,0.10729966401761806
CD-12790,Home Office,West,5,1860.732,403.8422,49,2023-02-02,2025-11-26,True,372.14639999999997,0.0799787029390267,0.1381616835450796
SN-20560,Home Office,West,6,1860.4180000000001,-716.8565000000001,67,2024-06-18,2026-09-10,True,310.0696666666667,0.07996520646950674,-0.24524950810052384
PR-18880,Consumer,South,5,1840.178,247.6225999999999,43,2023-09-05,2026-11-24,True,368.03560000000004,0.079095242956499,0.0847161472966664
AJ-10945,Consumer,South,7,1839.24,521.1352,40,2023-03-03,2026-10-06,True,262.74857142857144,0.07905492547748708,0.17828972947007957
PC-18745,Corporate,East,4,1832.064,272.685,22,2023-12-31,2026-12-28,True,458.016,0.07874648386832979,0.09329044532119236
EG-13900,Consumer,South,5,1832.02,104.2656,44,2024-11-02,2026-12-08,True,366.404,0.07874459264330151,0.03567113796388256
JB-15400,Corporate,East,12,1830.4850000000001,174.71439999999996,49,2023-08-19,2026-12-23,True,152.5404166666667,0.07867861467924683,0.0597729401324786
PJ-19015,Consumer,South,7,1824.234,682.9979000000001,25,2023-04-07,2026-08-18,True,260.60485714285716,0.07840993177807037,0.23366587177306863
NC-18625,Corporate,Central,5,1821.7420000000002,-359.02099999999996,29,2023-10-29,2026-06-09,True,364.3484,0.07830281966965066,-0.12282754449148212
JM-15265,Corporate,West,5,1804.146,502.6143,52,2023-08-25,2026-11-23,True,360.8292,0.0775465015878876,0.17195339630635853
AA-10480,Consumer,East,4,1790.512,435.8274,36,2023-05-04,2026-04-15,True,447.628,0.07696047972344355,0.1491043960217006
CC-12100,Home Office,West,6,1770.945,208.5911999999999,46,2023-12-16,2025-09-29,True,295.15749999999997,0.07611944335689108,0.07136280300743308
DS-13030,Home Office,West,4,1762.213,193.33190000000002,54,2023-07-09,2026-09-28,True,440.55325,0.07574412115355197,0.06614232189446516
MF-18250,Corporate,East,5,1758.3000000000002,456.86080000000004,38,2023-09-15,2026-12-23,True,351.66,0.0755759310731963,0.15630030064651962
AH-10030,Corporate,East,7,1744.7,365.21519999999987,54,2023-04-22,2026-12-18,True,249.24285714285716,0.07499137060991046,0.12494669177280864
LH-17155,Consumer,West,9,1739.689,316.5202,44,2023-12-12,2025-12-10,True,193.2987777777778,0.07477598586862183,0.10828725603224552
BW-11200,Consumer,West,6,1738.4060000000002,246.9973,49,2023-08-12,2026-06-10,True,289.7343333333334,0.07472083946609274,0.08450222091472631
VT-21700,Home Office,Central,2,1736.596,-224.08890000000008,42,2023-06-06,2024-04-05,True,868.298,0.07464304134561131,-0.07666484505028201
AH-10120,Home Office,West,7,1735.5140000000001,-2.3145999999999827,65,2023-07-18,2026-10-31,True,247.93057142857145,0.07459653440287048,-0.0007918663099929598
MV-18190,Consumer,Central,7,1734.574,273.8582,37,2023-01-30,2026-12-11,True,247.79628571428572,0.07455613095908455,0.09369181815230088
BE-11455,Home Office,East,6,1727.652,139.2007999999999,40,2024-08-02,2026-04-20,True,287.942,0.07425860687622687,0.047623098524180736
JP-16135,Home Office,East,9,1707.71,309.7116,47,2023-09-23,2026-09-19,True,189.74555555555557,0.07340145211454702,0.10595791145511853
BP-11155,Consumer,West,6,1697.861,647.3847000000001,32,2024-06-04,2026-10-02,True,282.97683333333333,0.07297811858492187,0.22148195521252187
DK-12985,Consumer,Central,5,1687.04,-107.35379999999998,32,2023-11-24,2026-12-23,True,337.408,0.07251300617512657,-0.036727666754395066
MO-17800,Home Office,West,8,1687.027,169.3437,49,2024-09-17,2026-09-17,True,210.878375,0.0725124474040955,0.05793552701959552
RA-19945,Consumer,South,5,1686.9225,-445.695,27,2023-08-29,2026-10-30,True,337.3845,0.07250795574465332,-0.15248027954390167
KE-16420,Corporate,West,8,1686.7312,397.87989999999996,67,2023-04-03,2026-12-04,True,210.8414,0.07249973321401902,0.1361218734266699
CA-12055,Home Office,Central,5,1679.7240000000002,211.2559,49,2024-09-05,2025-11-24,True,335.94480000000004,0.07219854703178841,0.07227444482728893
CM-11815,Corporate,Central,6,1673.8880000000001,214.463,38,2023-11-14,2026-08-21,True,278.98133333333334,0.07194770182121958,0.07337165144734356
JP-15460,Corporate,East,7,1669.135,429.74649999999997,54,2023-08-24,2026-11-23,True,238.44785714285715,0.07174340653577858,0.14702401070914717
CM-12115,Consumer,East,4,1661.6100000000001,409.0679,35,2024-03-29,2026-12-22,True,415.40250000000003,0.0714199640735561,0.139949489548765
CC-12475,Consumer,West,9,1659.438,154.8509999999999,40,2023-05-16,2026-11-21,True,184.382,0.07132660632897839,0.0529773135611858
EB-13975,Corporate,South,4,1643.255,162.8781,18,2025-01-04,2026-12-30,True,410.81375,0.07063102236005527,0.055723528914570664
AP-10720,Home Office,East,8,1638.554,285.78880000000004,85,2023-03-03,2026-11-19,True,204.81925,0.07042896215873859,0.09777349109708706
AZ-10750,Consumer,Central,6,1622.018,154.9503,40,2023-03-17,2026-07-23,True,270.33633333333336,0.06971820540720224,0.05301128587803639
MS-17710,Consumer,West,6,1613.402,247.4347999999999,48,2023-03-24,2025-11-12,True,268.9003333333333,0.06934786916075586,0.08465189753730554
TB-21250,Consumer,West,7,1602.376,260.6155,74,2023-12-08,2026-01-15,True,228.91085714285714,0.06887394536162428,0.08916125218697475
CR-12730,Consumer,Central,4,1600.55,306.91759999999994,18,2023-08-20,2026-10-13,True,400.1375,0.06879545952295074,0.10500203377857815
AH-10195,Corporate,East,4,1587.452,-378.5509,28,2024-03-05,2026-11-05,True,396.863,0.0682324762179421,-0.12950907471162024
BF-11215,Home Office,East,4,1585.162,523.2133,48,2023-11-09,2026-10-26,True,396.2905,0.06813404655169764,0.17900068487438112
CK-12760,Corporate,East,9,1582.109,-338.4311,64,2023-02-07,2026-10-09,True,175.78988888888887,0.06800282132416738,-0.11578336919720919
MC-18130,Corporate,West,5,1581.998,121.75650000000009,34,2023-09-19,2025-12-26,True,316.3996,0.06799805027920967,0.04165508959330277
JL-15175,Home Office,West,5,1571.523,209.2817,29,2023-12-31,2026-12-24,True,314.3046,0.06754780977531856,0.07159903548261248
KB-16315,Consumer,East,9,1569.464,49.71929999999999,62,2023-08-26,2026-03-09,True,174.3848888888889,0.06745930904047258,0.017009867202295536
GB-14530,Corporate,East,11,1568.44,7.837100000000017,62,2023-04-28,2026-10-29,True,142.58545454545455,0.06741529507617812,0.002681212934436138
ON-18715,Corporate,West,9,1567.52,-5.88900000000001,58,2023-09-13,2025-11-15,True,174.1688888888889,0.0673757512801323,-0.0020147328694152694
MV-17485,Consumer,West,9,1560.05,189.0258,52,2023-01-20,2026-12-03,True,173.33888888888887,0.06705467284919515,0.06466912759849146
MB-17305,Consumer,West,10,1548.702,212.425,63,2023-08-08,2026-11-12,True,154.8702,0.06656690872144755,0.07267441497462013
BD-11620,Consumer,South,6,1538.11,206.75689999999997,27,2023-06-30,2026-10-22,True,256.35166666666663,0.06611163927827671,0.07073525597018257
CH-12070,Home Office,East,3,1537.236,195.15109999999999,13,2024-06-25,2025-02-08,True,512.412,0.06607407267203319,0.06676470294999924
BD-11725,Consumer,South,6,1526.5,333.9791,29,2024-07-03,2026-09-28,True,254.41666666666666,0.06561261376513344,0.11426025988584279
BV-11245,Corporate,South,5,1523.273,315.2214,49,2024-03-26,2026-01-30,True,304.65459999999996,0.06547390960226407,0.107842913181032
KA-16525,Consumer,East,7,1519.506,234.91940000000002,57,2023-03-11,2026-11-24,True,217.07228571428573,0.0653119949504113,0.08037015398935518
AB-10600,Corporate,Central,4,1515.862,-274.9604,38,2023-11-18,2026-11-10,True,378.9655,0.0651553671321603,-0.09406890060580222
JG-15805,Corporate,Central,6,1507.018,206.1019,46,2023-04-05,2026-05-21,True,251.16966666666667,0.0647752309014765,0.0705111686838068
DL-12865,Consumer,East,8,1503.112,322.2448999999999,51,2023-06-29,2026-09-21,True,187.889,0.06460734169782983,0.11024577891516987
ZD-21925,Consumer,West,5,1493.944,249.1307,32,2023-08-27,2026-06-11,True,298.7888,0.06421327917375598,0.08523209544412189
CM-12190,Consumer,West,6,1475.144,91.20329999999998,21,2024-09-18,2026-12-22,True,245.85733333333334,0.06340521029803735,0.031202290084758246
LE-16810,Consumer,Central,6,1469.4499999999998,161.76489999999998,32,2023-05-27,2026-12-09,True,244.9083333333333,0.06316046858642341,0.055342683163130166
TB-21055,Consumer,East,5,1467.881,390.2113,66,2025-06-17,2026-09-02,True,293.57620000000003,0.06309302922121052,0.13349830737430143
PN-18775,Home Office,West,8,1467.152,192.03959999999998,47,2024-08-07,2026-11-30,True,183.394,0.0630616950610829,0.06570020281021564
RK-19300,Consumer,Central,3,1460.192,269.688,29,2024-07-20,2026-09-02,True,486.73066666666665,0.06276253764751898,0.09226511769177521
BN-11515,Consumer,Central,5,1459.344,340.7054,79,2023-03-17,2026-12-21,True,291.8688,0.06272608858333763,0.11656144815202513
DL-13315,Consumer,East,8,1458.258,288.8732,74,2023-01-16,2026-12-08,True,182.28225,0.06267940971104878,0.09882871983922059
PB-19150,Consumer,West,8,1456.95,280.6606,54,2023-07-14,2026-09-24,True,182.11875,0.06262318874884452,0.09601904159786215
AG-10525,Corporate,South,4,1455.038,-152.7613,33,2023-08-09,2024-09-07,True,363.7595,0.06254100642488845,-0.05226238958814846
RM-19375,Consumer,Central,6,1453.474,392.1499,29,2023-05-11,2026-01-19,True,242.24566666666666,0.06247378197161058,0.13416153731837488
PK-18910,Home Office,West,2,1441.152,-798.705,14,2023-04-04,2025-09-03,True,720.576,0.061944152998918825,-0.2732513527706436
TD-20995,Consumer,South,9,1434.548,88.18969999999997,67,2023-05-19,2026-11-23,True,159.39422222222223,0.06166029731512915,0.030171283296632948
JW-16075,Consumer,South,4,1428.731,154.06369999999998,38,2024-03-21,2025-09-25,True,357.18275,0.061410268769913436,0.05270796406414208
MB-18085,Consumer,East,7,1428.231,117.8056999999999,39,2023-01-05,2026-11-16,True,204.033,0.061388777576410286,0.04030344982076308
TT-21220,Consumer,East,8,1427.044,278.7371,55,2023-09-23,2026-06-30,True,178.3805,0.0613377574830338,0.09536097763550518
CA-12310,Corporate,East,4,1421.954,246.02179999999998,25,2023-07-19,2026-12-17,True,355.4885,0.061118977133171666,0.0841684848111239
RD-19720,Consumer,West,10,1419.737,207.33039999999997,78,2023-07-20,2026-12-09,True,141.9737,0.06102368518117868,0.07093146064000931
NL-18310,Home Office,West,4,1418.0900000000001,343.6381,44,2023-10-31,2026-11-02,True,354.52250000000004,0.06095289318977929,0.11756477759439807
JS-15595,Corporate,East,4,1417.654,-175.54899999999998,35,2023-03-03,2026-09-02,True,354.4135,0.06093415286904453,-0.06005847181066063
PM-18940,Consumer,Central,3,1405.402,157.8768,16,2023-05-04,2025-12-09,True,468.46733333333333,0.06040753266344321,0.054012494188843616
GA-14725,Consumer,Central,11,1398.382,136.70790000000002,79,2023-02-11,2026-12-25,True,127.12563636363637,0.06010579630665892,0.046770232575774374
CR-12820,Home Office,South,3,1397.8724,83.27029999999999,26,2024-01-24,2026-10-06,True,465.9574666666667,0.0600838924822405,0.028488268034652747
NG-18430,Consumer,East,5,1395.938,217.0893,41,2023-11-24,2026-11-12,True,279.18760000000003,0.06000074735281549,0.07427015593621183
JE-15475,Consumer,West,6,1388.682,276.2197,49,2024-03-16,2026-06-20,True,231.447,0.0596888671526977,0.09449972979623432
TB-21595,Consumer,Central,5,1387.5590000000002,-136.40909999999997,29,2023-02-18,2026-03-20,True,277.51180000000005,0.05964059793208961,-0.04666800771902766
DM-13525,Corporate,South,3,1376.792,199.7688,33,2023-07-05,2025-09-05,True,458.93066666666664,0.05917780657119266,0.0683445012130488
GH-14485,Corporate,Central,2,1361.2440000000001,-95.4498,15,2024-10-08,2025-12-08,True,680.6220000000001,0.05850951641801855,-0.03265509414826172
SB-20170,Consumer,Central,3,1348.02,157.6658,24,2023-06-06,2026-06-12,True,449.34,0.05794111733224709,0.05394030729201111
LM-17065,Consumer,South,5,1346.774,-44.878,32,2023-06-27,2025-12-04,True,269.35479999999995,0.05788756127803722,-0.015353571355683193
MG-17695,Consumer,East,3,1342.282,-398.79319999999996,23,2023-12-26,2025-06-23,True,447.4273333333333,0.05769448439560487,-0.13643432979101647
SJ-20215,Consumer,West,6,1341.036,-23.513700000000004,35,2024-02-09,2026-12-01,True,223.506,0.05764092834139501,-0.008044459886495117
BM-11785,Consumer,East,10,1338.842,137.7439,44,2023-06-06,2026-05-26,True,133.88420000000002,0.05754662498430317,0.04712466681804202
BF-11005,Home Office,West,4,1333.88,-291.3811,26,2023-09-25,2026-11-21,True,333.47,0.05733334637997785,-0.099686717557544
SS-20140,Corporate,Central,8,1324.028,332.3487,86,2023-11-23,2026-12-15,True,165.5035,0.056909883903191676,0.11370247070766402
DM-12955,Corporate,East,7,1322.034,108.75829999999999,28,2023-09-30,2026-09-07,True,188.86200000000002,0.0568241770235011,0.03720817147762376
MT-18070,Home Office,Central,4,1319.4497999999999,-23.6763,44,2023-09-25,2026-06-10,True,329.86244999999997,0.05671310193899937,-0.008100088272395426
SJ-20500,Consumer,West,5,1318.7759999999998,68.09629999999999,30,2023-08-31,2026-04-21,True,263.75519999999995,0.056684140406634526,0.023296969586612797
MM-17260,Consumer,West,4,1314.0230000000001,178.402,17,2023-05-28,2026-07-15,True,328.50575000000003,0.05647984512119355,0.06103453444887456
SP-20545,Corporate,East,6,1306.086,-118.77570000000001,43,2023-10-13,2026-02-06,True,217.681,0.05613869391552445,-0.04063530427539597
MC-17575,Consumer,Central,8,1303.893,210.7493,40,2023-12-02,2026-12-03,True,162.986625,0.05604443354081961,0.07210112785129202
EK-13795,Home Office,West,4,1303.4779999999998,97.1066,18,2023-03-18,2026-11-16,True,325.86949999999996,0.05602659585021198,0.03322191524149439
Co-12640,Consumer,Central,5,1300.076,205.6282,30,2023-06-20,2025-06-29,True,260.0152,0.05588036976961652,0.07034910738982784
DO-13435,Consumer,East,9,1300.0315,-38.90860000000001,48,2023-10-03,2026-08-19,True,144.44794444444446,0.055878457053394746,-0.013311332199512794
HR-14770,Home Office,East,5,1299.288,185.5794,38,2023-03-01,2026-12-17,True,259.8576,0.05584649964865554,0.06349005214236092
GR-14560,Corporate,East,2,1284.38,359.83320000000003,23,2023-11-19,2023-11-21,True,642.19,0.055205718223165466,0.1231054127265881
CS-11845,Corporate,Central,5,1278.954,185.3776,22,2023-12-14,2026-09-30,True,255.7908,0.05497249579126922,0.0634210127310775
PS-18970,Home Office,West,8,1278.639,198.5099,52,2023-04-15,2026-10-22,True,159.829875,0.05495895633936223,0.06791380886981449
SV-20815,Corporate,Central,4,1271.0900000000001,199.6502,24,2024-05-04,2026-10-15,True,317.77250000000004,0.05463448229985161,0.06830392601890505
CL-11890,Consumer,Central,4,1262.0140000000001,328.0847,24,2023-07-26,2026-09-15,True,315.50350000000003,0.05424437415538232,0.11224367957925739
LW-17125,Consumer,West,3,1259.04,192.6312,15,2023-09-11,2026-06-08,True,419.68,0.054116544536425545,0.06590259981574223
ME-18010,Corporate,West,4,1256.944,107.3604,15,2023-07-21,2026-09-29,True,314.236,0.05402645345326032,0.03672992473315855
GM-14500,Consumer,West,10,1255.682,441.3185,53,2023-08-09,2026-09-15,True,125.5682,0.053972209680858356,0.1509830001411175
SC-20680,Home Office,West,6,1254.64,370.1578,26,2023-11-21,2026-08-26,True,209.10666666666668,0.05392742203359778,0.1266376441722605
MH-17620,Corporate,West,4,1252.8,122.3612,19,2024-12-05,2026-07-28,True,313.2,0.05384833444150616,0.04186196834455684
ER-13855,Corporate,West,3,1245.788,-295.73980000000006,27,2024-12-21,2025-11-04,True,415.2626666666667,0.05354694194381792,-0.10117790726002666
TC-21475,Home Office,Central,9,1244.976,119.104,45,2023-11-22,2026-07-30,True,138.33066666666667,0.0535120402455688,0.04074762161297943
JW-15955,Consumer,East,7,1244.086,-29.575899999999983,41,2024-08-16,2026-12-25,True,177.72657142857142,0.05347378592113318,-0.010118447592552034
MG-17875,Home Office,Central,5,1242.833,-470.7684,23,2023-02-23,2026-09-05,True,248.56660000000002,0.05341992899021427,-0.16105834086636675
NP-18685,Home Office,West,6,1228.698,514.5017,23,2023-03-07,2025-11-19,True,204.78300000000002,0.05281237294988007,0.17602028975378375
PJ-18835,Corporate,West,8,1220.0900000000001,442.13550000000004,46,2023-05-28,2026-11-21,True,152.51125000000002,0.05244238056252975,0.15126251054259696
EH-14005,Home Office,South,7,1219.53,-94.14079999999997,50,2023-05-13,2026-12-28,True,174.21857142857144,0.05241831042580621,-0.0322072616935046
AB-10165,Consumer,Central,10,1215.022,262.7301,54,2023-11-16,2026-12-20,True,121.50219999999999,0.05222454582518176,0.08988469489807434
JL-15130,Consumer,East,6,1214.956,-207.79559999999998,42,2023-07-18,2026-12-22,True,202.49266666666665,0.05222170898763934,-0.07109061393103529
CD-12280,Consumer,East,2,1205.584,233.0274,39,2026-11-05,2026-11-18,True,602.792,0.0518188780566162,0.0797228667438239
MD-17860,Corporate,Central,5,1204.9099999999999,-4.040300000000036,45,2023-12-02,2026-11-24,True,240.98199999999997,0.05178990792777394,-0.001382259333044417
DW-13585,Corporate,South,7,1204.854,-266.8966,44,2023-08-24,2026-05-02,True,172.122,0.05178750091410159,-0.09131012952202046
EB-14170,Consumer,West,6,1186.326,282.1701,20,2023-09-29,2026-10-09,True,197.721,0.050991123247648665,0.09653546871050986
BP-11230,Consumer,West,5,1181.49,-197.26950000000002,14,2023-04-20,2026-11-21,True,236.298,0.05078326042408615,-0.06748944570947782
DC-13285,Consumer,Central,5,1174.618,132.06820000000002,37,2023-12-29,2026-12-07,True,234.9236,0.05048788546057878,0.04518290771684654
AT-10435,Home Office,East,6,1171.814,100.87680000000002,28,2023-11-24,2026-12-09,True,195.30233333333334,0.05036736284741308,0.034511768504233306
JR-15670,Consumer,West,2,1156.658,-785.1645,14,2024-12-24,2025-05-16,True,578.329,0.04971592178994544,-0.2686189040665652
DB-13660,Consumer,East,7,1155.202,177.67350000000002,33,2023-06-17,2026-12-18,True,165.02885714285713,0.049653339434464254,0.06078530148990548
CG-12520,Consumer,Central,3,1148.78,169.9344,14,2024-10-15,2026-01-26,True,382.9266666666667,0.049377306545109724,0.05813761611892709
KC-16675,Corporate,South,4,1146.05,156.7797,40,2023-12-13,2026-11-03,True,286.5125,0.04925996462858249,0.05363715653711404
RD-19810,Home Office,South,8,1137.616,318.4625,63,2023-10-27,2026-12-16,True,142.202,0.048897451176571266,0.10895175181289847
CW-11905,Home Office,Central,6,1136.592,370.8298,40,2023-06-09,2026-12-08,True,189.43200000000002,0.048853437212276814,0.12686754746454224
JS-15685,Corporate,East,4,1131.064,-54.86920000000002,42,2025-06-14,2026-11-18,True,282.766,0.048615830576905925,-0.018771740662000366
DV-13045,Corporate,West,5,1119.483,-427.1840000000001,28,2025-06-12,2026-12-11,True,223.89659999999998,0.04811805155298583,-0.1461473333483259
TM-21490,Consumer,Central,3,1094.6779999999999,292.52099999999996,12,2026-03-30,2026-08-22,True,364.8926666666666,0.04705187344329429,0.10007669785943674
JO-15550,Home Office,West,5,1090.838,167.6709,42,2024-03-19,2026-05-29,True,218.1676,0.046886821077190055,0.05736323203845137
SW-20245,Consumer,East,7,1085.078,-19.606200000000015,33,2023-07-20,2026-10-10,True,155.01114285714286,0.04663924252803371,-0.006707633823115915
JF-15490,Consumer,West,11,1082.918,-18.06730000000001,36,2023-10-19,2026-08-31,True,98.4470909090909,0.04654640057210008,-0.006181148441430881
DB-13360,Home Office,West,5,1081.466,291.0085,28,2023-11-19,2026-04-10,True,216.29319999999998,0.046483990146166915,0.09955924439280567
DW-13195,Corporate,West,6,1080.751,-86.87380000000002,39,2023-01-18,2026-10-22,True,180.12516666666667,0.0464532577394574,-0.029721090227714037
CS-12490,Corporate,East,4,1077.2285,-302.8761,33,2024-01-12,2025-11-01,True,269.307125,0.04630185228122767,-0.10361936390394041
AR-10345,Corporate,East,6,1073.354,-215.97220000000002,21,2023-09-10,2026-09-10,True,178.89233333333334,0.046135317022771724,-0.07388797592459292
PC-19000,Home Office,West,2,1061.488,-184.3364,18,2023-04-08,2024-08-01,True,530.744,0.04562528801855484,-0.06306479947523862
DP-13165,Consumer,East,2,1058.616,-40.93759999999999,20,2023-12-02,2024-10-10,True,529.308,0.04550184260307272,-0.01400548961028602
JC-15385,Consumer,West,1,1058.1080000000002,502.9244,14,2026-07-08,2026-07-08,False,1058.1080000000002,0.04548000755047352,0.1720594870964427
PO-19195,Home Office,Central,5,1056.858,-49.700899999999976,32,2023-01-04,2026-10-05,True,211.3716,0.04542627956671562,-0.01700357223119734
AA-10375,Consumer,West,9,1056.39,277.3824,41,2023-04-21,2026-12-11,True,117.37666666666668,0.045406163809596674,0.09489751038840094
VS-21820,Consumer,Central,4,1055.981,-262.80930000000006,38,2023-01-07,2026-05-23,True,263.99525,0.045388584013311084,-0.08991179064323614
DP-13000,Consumer,Central,9,1050.636,241.45239999999995,58,2023-01-03,2026-08-26,True,116.73733333333332,0.04515884315476235,0.08260521084720708
DH-13675,Home Office,South,4,1043.096,116.66700000000002,41,2023-08-12,2024-11-15,True,260.774,0.04483475595673477,0.03991388006046373
SM-20905,Consumer,East,1,1043.041,-237.2885,20,2025-05-03,2025-05-03,False,1043.041,0.044832391925449425,-0.08118066573004659
EM-14095,Corporate,South,4,1041.0420000000001,240.2362,34,2024-08-07,2026-09-08,True,260.26050000000004,0.04474647013382382,0.08218912694233652
TC-21145,Corporate,East,1,1038.26,265.5332,17,2026-09-15,2026-09-15,False,1038.26,0.04462689313317225,0.09084368584836436
MK-18160,Consumer,South,4,1031.602,227.8338,43,2023-12-19,2026-05-04,True,257.9005,0.04434071640048424,0.07794604272776089
TH-21235,Corporate,West,8,1022.201,92.729,40,2023-11-04,2026-09-04,True,127.775125,0.043936638980237905,0.031724259508916317
SW-20350,Home Office,Central,3,1019.044,95.83829999999999,25,2025-04-09,2026-07-21,True,339.6813333333333,0.04380094358445898,0.032788006989112085
LS-17200,Corporate,South,6,1010.256,244.197,54,2023-10-18,2026-09-25,True,168.376,0.043423214367447525,0.0835441878948208
RB-19330,Consumer,East,2,1008.1959999999999,-164.40619999999998,16,2023-11-17,2026-10-23,True,504.09799999999996,0.04333467065021453,-0.05624631942191544
LS-17245,Consumer,West,6,1008.136,348.3584,47,2023-10-16,2026-11-26,True,168.02266666666665,0.04333209170699414,0.11917967716367991
BG-11740,Consumer,South,6,1006.356,119.34790000000001,22,2023-03-23,2026-11-03,True,167.726,0.04325558305812291,0.04083106419182989
VP-21730,Home Office,Central,3,993.902,205.3888,18,2024-07-05,2026-11-30,True,331.3006666666667,0.04272028041034632,0.0702672043419525
KB-16600,Corporate,Central,7,983.922,293.55240000000003,29,2023-12-30,2026-12-29,True,140.56028571428573,0.042291316188023335,0.10042955835892987
BP-11050,Corporate,Central,5,983.42,209.78300000000002,30,2023-10-12,2026-10-08,True,196.684,0.042269739029746164,0.07177053923323871
TS-21340,Consumer,West,5,974.782,-184.97889999999998,51,2023-01-19,2026-05-18,True,194.9564,0.041898457170785657,-0.06328461028668357
RD-19930,Consumer,Central,4,970.942,35.0574,33,2023-10-03,2026-11-18,True,242.7355,0.04173340480468143,0.011993767379222066
AB-10150,Consumer,East,5,966.71,313.6597,37,2023-03-05,2026-11-19,True,193.342,0.041551503342870715,0.1073086275090731
RC-19825,Consumer,South,6,966.409,63.99139999999999,29,2023-12-05,2025-12-26,True,161.06816666666666,0.04153856564438181,0.021892609431125837
SS-20875,Consumer,East,5,964.636,-75.58600000000001,39,2023-12-14,2026-09-01,True,192.9272,0.04146235787221962,-0.025859330729771153
JH-15910,Consumer,South,7,959.477,-13.55449999999999,35,2024-06-12,2026-11-19,True,137.06814285714285,0.041240611737654066,-0.004637238356000883
JF-15295,Consumer,West,5,955.124,97.289,42,2023-03-14,2026-05-19,True,191.0248,0.0410535094070156,0.03328431756368515
RP-19270,Corporate,West,4,954.6451999999999,59.538399999999996,47,2023-10-19,2025-08-21,True,238.66129999999998,0.04103292944011697,0.020369158001764965
BS-11800,Home Office,West,2,949.4300000000001,194.0516,22,2024-09-26,2026-04-09,True,474.71500000000003,0.04080876769540167,0.06638854421508295
RF-19840,Consumer,Central,8,945.222,280.0261,45,2023-11-12,2026-12-24,True,118.15275,0.0406278978108791,0.09580196773037293
EB-13930,Consumer,South,5,944.6000000000001,0.6042000000000058,24,2023-02-02,2026-07-22,True,188.92000000000002,0.040601162766161186,0.00020670769225687136
MF-17665,Corporate,West,5,937.039,-341.5265,36,2023-12-30,2025-11-04,True,187.4078,0.04027617293800646,-0.11684236123728185
EM-13960,Consumer,Central,5,933.704,102.29599999999999,18,2024-10-01,2026-08-01,True,186.74079999999998,0.04013282667734042,0.03499730236198065
AC-10420,Corporate,West,3,925.8,-62.1342000000001,17,2023-07-12,2026-05-12,True,308.59999999999997,0.039793093890442534,-0.021257227891802042
EH-14185,Consumer,South,6,923.884,242.1107,22,2023-05-22,2026-09-16,True,153.98066666666668,0.03971073963693845,0.08283042712296462
MO-17500,Consumer,East,4,922.4870000000001,59.35769999999991,15,2023-11-28,2026-10-19,True,230.62175000000002,0.03965069324229063,0.020307337280164775
AB-10255,Home Office,West,9,914.5319999999999,264.5675,39,2023-07-22,2026-07-17,True,101.61466666666666,0.039308768353655425,0.09051330250110773
KB-16405,Home Office,West,3,908.821,274.29699999999997,25,2024-11-20,2026-09-04,True,302.94033333333334,0.03906329594146239,0.09384193952827291
CG-12040,Home Office,West,6,904.468,86.51059999999998,37,2024-06-01,2026-11-11,True,150.74466666666666,0.038876193610823916,0.029596832972123666
SC-20575,Consumer,Central,5,902.7280000000001,100.2252999999999,30,2023-06-16,2026-09-29,True,180.5456,0.038801404257432934,0.03428887863083811
JB-15925,Consumer,West,3,900.5519999999999,-286.98080000000004,32,2023-12-05,2024-12-24,True,300.18399999999997,0.038707874583307204,-0.09818129574649154
HZ-14950,Consumer,East,5,886.52,-130.3879,21,2025-03-14,2026-11-25,True,177.304,0.03810474572883465,-0.04460804685074389
AB-10015,Consumer,Central,3,886.156,129.34650000000002,13,2023-02-18,2025-11-10,True,295.38533333333334,0.03808910013996435,0.04425176517130612
RC-19960,Consumer,East,6,885.752,10.563299999999998,44,2023-08-25,2026-09-11,True,147.62533333333332,0.0380717352556138,0.0036138950109516517
CS-12130,Consumer,West,4,884.64,143.8339,28,2023-08-05,2025-08-28,True,221.16,0.03802393884126278,0.049208165404345125
HE-14800,Corporate,Central,4,883.532,274.4028,44,2025-01-30,2026-12-18,True,220.883,0.037976314356459796,0.09387813561208752
SK-19990,Consumer,East,3,883.409,168.7933,19,2025-11-28,2026-12-22,True,294.4696666666667,0.03797102752285802,0.05774722527544096
RE-19450,Consumer,Central,5,876.696,209.2294,47,2023-06-03,2026-03-03,True,175.3392,0.03768248675888466,0.07158114271150186
JM-15655,Corporate,West,5,864.947,117.20399999999998,41,2023-04-08,2026-12-22,True,172.9894,0.037177486693947506,0.040097597423492407
JR-15700,Consumer,South,1,863.88,107.985,3,2026-10-23,2026-10-23,False,863.88,0.03713162448701177,0.036943611632502545
AF-10885,Consumer,East,4,861.565,-163.1175,37,2023-05-10,2025-11-10,True,215.39125,0.03703212026109217,-0.055805431962446035
JC-16105,Corporate,Central,5,858.576,201.5952,43,2023-11-18,2026-11-03,True,171.7152,0.0369036459063303,0.06896934551814306
MS-17980,Corporate,Central,6,855.116,55.226,49,2023-06-30,2026-12-04,True,142.51933333333332,0.03675492684728847,0.018893808362426132
VF-21715,Home Office,Central,5,847.944,-96.27799999999999,35,2023-03-01,2026-12-17,True,169.5888,0.036446657167679204,-0.03293843627127916
VG-21790,Consumer,South,6,846.01,143.6268,32,2023-08-08,2026-07-29,True,141.00166666666667,0.036363529231209,0.04913731276769104
CS-12175,Corporate,East,5,844.4580000000001,113.14050000000002,30,2023-08-12,2026-05-12,True,168.8916,0.03629682056657521,0.03870740095297639
TB-21355,Corporate,East,5,834.328,268.967,44,2025-01-25,2026-08-06,True,166.8656,0.03586140898620128,0.09201845061776462
AS-10630,Home Office,East,7,833.398,136.49190000000002,34,2023-08-01,2026-09-29,True,119.05685714285714,0.03582143536628541,0.04669633508896953
EH-13990,Consumer,South,6,825.95,150.3759,20,2023-01-15,2025-11-20,True,137.65833333333333,0.03550130254786241,0.051446301324147244
TB-21190,Home Office,East,4,816.1740000000001,179.0038,23,2023-12-27,2026-11-11,True,204.04350000000002,0.035081106732488716,0.06124042105794472
AM-10360,Corporate,Central,5,814.012,194.98780000000002,48,2023-10-06,2026-12-02,True,162.80239999999998,0.03498817881178107,0.06670883508150281
BM-11575,Corporate,East,6,808.162,95.58160000000001,22,2024-09-15,2026-09-21,True,134.69366666666667,0.034736731847794154,0.032700185299932454
DK-13150,Corporate,Central,2,797.832,249.9447,20,2023-12-05,2026-12-20,True,398.916,0.03429272379001896,0.08551057949161792
MC-17635,Corporate,Central,4,795.154,-247.94350000000003,33,2023-11-28,2026-06-24,True,198.7885,0.03417761695761606,-0.08482593296109087
BF-11275,Corporate,West,3,791.99,25.870199999999997,11,2023-03-22,2026-11-03,True,263.99666666666667,0.03404162068512809,0.008850660940456242
HG-14845,Consumer,South,5,785.628,147.00320000000002,31,2023-04-29,2026-11-06,True,157.12560000000002,0.033768166738993945,0.050292439964208915
MG-17890,Home Office,Central,9,776.384,171.7372,35,2023-12-29,2026-09-22,True,86.26488888888889,0.03337083755350761,0.058754386439351915
MM-18280,Corporate,South,9,775.414,58.8916,32,2023-01-20,2026-10-06,True,86.1571111111111,0.033329144638111485,0.020147876082943807
SF-20065,Consumer,East,7,763.546,228.16230000000002,35,2023-09-10,2026-11-01,True,109.078,0.03281902966912059,0.07805842848894326
SW-20755,Corporate,West,2,758.6959999999999,68.2415999999999,27,2023-11-02,2025-07-14,True,379.34799999999996,0.03261056509213998,0.023346679331208802
LP-17080,Consumer,West,4,756.606,110.7813,39,2023-06-24,2026-11-20,True,189.1515,0.03252073190329679,0.037900276180430195
Dl-13600,Corporate,West,5,755.602,175.2388,19,2023-03-30,2026-09-02,True,151.1204,0.032477577586742454,0.05995234680877703
IG-15085,Consumer,West,4,744.574,320.4982,19,2023-10-18,2026-10-20,True,186.1435,0.03200356782283686,0.10964820141423463
BB-10990,Corporate,West,5,744.34,11.583900000000007,26,2023-07-27,2026-09-16,True,148.868,0.03199350994427738,0.00396306063610452
TC-21535,Home Office,West,7,742.558,217.933,28,2023-11-03,2026-12-26,True,106.07971428571429,0.03191691533063214,0.07455880088814351
ML-18040,Corporate,Central,3,742.082,138.71620000000001,18,2026-03-26,2026-10-12,True,247.36066666666667,0.031896455714417134,0.04745730814406214
RH-19555,Consumer,South,2,740.382,0.30570000000000164,11,2024-12-04,2025-07-29,True,370.191,0.0318233856565064,0.00010458547090851589
PB-18805,Home Office,West,3,740.356,229.2257,54,2024-11-20,2026-12-05,True,246.78533333333334,0.03182226811444424,0.07842223676425927
AH-10585,Consumer,West,4,738.504,83.963,17,2023-10-26,2026-12-09,True,184.626,0.03174266473370855,0.02872525316941993
HM-14980,Consumer,West,4,736.276,117.2755,29,2024-10-02,2026-04-27,True,184.069,0.031646899975458484,0.040122058860096795
PH-18790,Home Office,South,1,729.648,47.88779999999999,6,2026-10-21,2026-10-21,False,729.648,0.03136201271438066,0.016383278095429506
PA-19060,Home Office,Central,6,729.408,225.8588,27,2023-05-17,2026-09-18,True,121.568,0.03135169694149915,0.07727035968868885
JJ-15445,Consumer,Central,5,709.178,200.5558,25,2024-03-05,2025-09-03,True,141.8356,0.03048216325236148,0.06861374807469421
JD-16060,Consumer,West,3,695.442,111.11409999999998,17,2023-09-24,2026-03-05,True,231.814,0.0298917571844428,0.038014133048988756
PB-19105,Consumer,Central,4,688.324,218.15970000000002,18,2023-11-15,2026-11-03,True,172.081,0.029585808553731874,0.07463635903748915
EH-13945,Consumer,East,8,684.1709999999999,53.53980000000001,72,2023-07-02,2026-05-27,True,85.52137499999999,0.029407302700494662,0.018316929000156135
TR-21325,Consumer,West,5,675.942,220.3644,22,2023-12-01,2026-06-20,True,135.1884,0.029053600637819737,0.07539062657989021
AG-10330,Consumer,Central,5,660.972,-5.13709999999999,47,2025-08-03,2026-12-22,True,132.1944,0.028410154304335262,-0.0017574943493756398
BK-11260,Consumer,East,6,659.1379999999999,-63.764399999999995,58,2023-08-03,2026-10-14,True,109.85633333333332,0.028331324606565688,-0.021814948646381862
BD-11770,Consumer,East,6,658.466,141.265,21,2025-03-10,2026-02-06,True,109.74433333333333,0.028302440442497447,0.048329298488359235
AC-10660,Consumer,East,5,657.316,-28.700399999999995,16,2023-10-15,2026-03-23,True,131.4632,0.02825301069744019,-0.009818923288396314
AW-10840,Consumer,West,4,649.3760000000001,65.7725,24,2024-04-13,2026-12-10,True,162.34400000000002,0.02791173054461009,0.022501955791070737
LO-17170,Corporate,South,5,644.35,150.17120000000003,34,2024-02-06,2026-12-28,True,128.87,0.027695701067516364,0.05137626977067989
JB-16000,Consumer,West,7,644.1188,126.76490000000001,32,2025-01-10,2026-11-17,True,92.01697142857142,0.0276857635396405,0.043368553356790504
CD-11980,Consumer,West,3,639.766,-206.7172,22,2025-11-24,2026-11-06,True,213.2553333333333,0.027498669805479433,-0.07072167388580225
MR-17545,Home Office,Central,4,639.178,162.9363,29,2023-09-03,2026-08-27,True,159.7945,0.027473396161919725,0.05574344018184864
AJ-10960,Consumer,East,3,629.2479999999999,60.42649999999999,22,2023-09-14,2026-10-17,True,209.7493333333333,0.027046581058947056,0.02067299299265097
HO-15231,Consumer,East,2,620.24,161.2624,4,2025-06-12,2026-03-16,True,310.12,0.02665939571679421,0.05517076887091058
RR-19315,Consumer,West,2,615.932,-73.835,7,2025-11-14,2026-12-11,True,307.966,0.026474227593571025,-0.0252602821214597
SS-20515,Home Office,East,3,613.4000000000001,199.93449999999999,36,2023-07-14,2025-08-26,True,204.4666666666667,0.02636539618967105,0.06840119016473195
BG-18435,Consumer,East,5,609.88,208.6624,45,2023-12-29,2026-12-29,True,121.976,0.026214098187408833,0.07138716180863916
BT-11440,Consumer,East,4,603.876,-77.5256,16,2023-06-04,2025-06-18,True,150.969,0.02595603193582294,-0.02652290279183905
BF-10975,Corporate,East,7,599.798,227.4384,38,2023-07-14,2026-09-30,True,85.68542857142857,0.025780749761611203,0.07781076927274869
MZ-17335,Home Office,West,4,593.606,85.01910000000001,11,2024-11-08,2026-11-30,True,148.4015,0.02551460282126813,0.029086563983376373
DL-13330,Consumer,South,4,585.0200000000001,222.6812,32,2023-06-23,2026-11-03,True,146.25500000000002,0.025145556046431948,0.07618324554947101
AS-10240,Consumer,South,7,584.6080000000001,33.71579999999998,39,2023-03-15,2026-06-21,True,83.51542857142859,0.025127847302985347,0.011534781877845337
BD-11635,Consumer,East,3,582.646,141.534,19,2023-10-05,2026-12-21,True,194.21533333333332,0.02504351585967896,0.04842132822887082
NK-18490,Home Office,West,7,572.048,121.21770000000001,51,2024-05-28,2026-10-21,True,81.72114285714285,0.024587988522186084,0.041470756417884
CM-11935,Consumer,West,2,565.392,-43.7324,18,2024-09-24,2025-01-22,True,282.696,0.024301897754272078,-0.01496164098122197
CS-12460,Consumer,South,2,550.644,156.2593,13,2026-07-03,2026-12-03,True,275.322,0.023667993510703006,0.053459118332793494
CS-11860,Consumer,South,6,537.632,105.8275,16,2023-05-02,2026-07-21,True,89.60533333333332,0.023108706690976887,0.03620549205944032
JH-15820,Consumer,Central,6,528.91,26.0822,29,2023-05-19,2026-07-09,True,88.15166666666666,0.022733814311507842,0.008923189955283215
RB-19570,Consumer,Central,5,528.546,76.8879,35,2025-04-28,2026-12-05,True,105.70920000000001,0.02271816872263755,0.02630473414676754
JP-11135,Corporate,East,5,515.2,186.676,45,2023-11-24,2026-12-29,True,103.04,0.022144525785651327,0.06386521873509327
AY-10555,Corporate,West,4,497.014,103.3499,34,2023-04-06,2026-12-16,True,124.2535,0.021362848095554558,0.03535786051634926
CR-12625,Home Office,East,3,475.9,144.7594,14,2023-06-01,2025-09-16,True,158.63333333333333,0.02045531797630331,0.04952479560822419
MS-17530,Consumer,West,4,475.65599999999995,84.0268,21,2023-11-04,2025-10-22,True,118.91399999999999,0.020444830273873768,0.028747080297466913
JS-15940,Home Office,Central,5,469.169,-327.9336,37,2023-05-03,2025-09-23,True,93.8338,0.020166003529363832,-0.11219198555029344
EC-14050,Consumer,East,5,461.914,96.4256,37,2023-12-17,2026-11-07,True,92.3828,0.01985416631163305,0.03298893288726247
KM-16660,Consumer,West,5,453.538,91.1391,30,2023-12-22,2026-12-15,True,90.7076,0.01949414583806819,0.03118032610951348
KW-16570,Consumer,South,4,449.096,107.92699999999999,22,2023-09-30,2024-11-20,True,112.274,0.019303218074986153,0.03692376878882347
TT-21265,Corporate,West,3,439.5,93.9162,8,2024-08-15,2025-11-19,True,146.5,0.018890759089273595,0.032130421991947364
ST-20530,Consumer,Central,7,433.34,84.4419,33,2023-02-14,2026-08-27,True,61.90571428571428,0.01862598758531472,0.028889093476970107
VG-21805,Corporate,Central,5,427.372,-52.333,16,2023-09-22,2026-03-19,True,85.4744,0.018369468699661058,-0.01790406100443354
SS-20590,Consumer,West,6,418.49,135.5401,17,2023-08-05,2025-10-24,True,69.74833333333333,0.017987699138271005,0.04637070718183598
BT-11485,Home Office,East,2,415.19599999999997,126.8694,11,2024-12-27,2025-03-11,True,207.59799999999998,0.017846115155472218,0.04340430468721229
MH-17440,Corporate,West,4,400.01599999999996,61.428599999999996,25,2023-02-04,2025-12-19,True,100.00399999999999,0.01719364252071642,0.0210158294349062
BW-11065,Consumer,East,3,385.516,-58.2866,8,2023-05-25,2026-06-01,True,128.50533333333334,0.016570397909124915,-0.019940894696291366
JD-16015,Consumer,West,6,385.43,26.7605,39,2023-10-04,2026-09-09,True,64.23833333333333,0.01656670142384237,0.009155248590930077
JK-15325,Corporate,Central,3,383.812,55.32769999999999,15,2023-11-21,2026-03-18,True,127.93733333333334,0.016497155921666163,0.018928601762463405
NC-19470,Home Office,East,6,382.144,-52.742000000000004,26,2023-06-18,2026-12-02,True,63.690666666666665,0.016425461300139634,-0.01804398726417048
VM-21835,Consumer,Central,5,380.69,116.6373,25,2023-03-22,2026-09-04,True,76.138,0.016362964909432457,0.039903719156028056
NF-18475,Home Office,South,4,377.162,85.92779999999999,13,2023-03-14,2025-07-23,True,94.2905,0.016211323048074194,0.02939744660494839
MS-17830,Consumer,Central,4,370.348,19.4312,14,2023-01-09,2025-10-04,True,92.587,0.015918441063013194,0.0066477631740842116
LS-17230,Consumer,West,3,368.88,39.1952,16,2023-01-06,2024-11-14,True,122.96,0.01585534291888793,0.01340938321672699
AG-10300,Corporate,West,4,367.548,59.288399999999996,16,2023-04-26,2026-09-03,True,91.887,0.015798090379395523,0.02028362850314825
EM-14200,Home Office,South,3,366.822,21.77209999999996,13,2024-12-20,2026-07-25,True,122.274,0.01576688516642894,0.007448627187331641
HJ-14875,Home Office,West,5,358.1,98.6548,21,2024-04-13,2026-08-26,True,71.62,0.0153919927869599,0.03375158232052797
DW-13540,Consumer,Central,5,344.08,69.66720000000001,21,2025-02-27,2026-09-23,True,68.816,0.01478937972113142,0.023834402744120773
LT-16765,Consumer,West,3,329.876,59.036,8,2023-09-01,2026-12-04,True,109.95866666666666,0.014178857896093782,0.02019727792134482
BD-11560,Home Office,South,2,320.54,116.714,11,2024-05-30,2026-03-27,True,160.27,0.013777574331002865,0.039929959606203665
LH-17020,Consumer,Central,4,318.239,-242.73989999999998,34,2023-09-08,2026-05-05,True,79.55975,0.013678671858501343,-0.08304568776508314
JH-15430,Consumer,West,4,309.281,-24.077100000000005,29,2023-02-24,2026-12-25,True,77.32025,0.013293635635698811,-0.00823720916457774
JM-15580,Consumer,East,5,303.948,113.1204,26,2025-04-14,2026-12-30,True,60.78959999999999,0.013064410565794153,0.0387005243812876
CM-12445,Consumer,West,3,287.99,64.4296,32,2023-06-09,2025-10-20,True,95.99666666666667,0.012378497633947449,0.02204252553630121
LH-16750,Consumer,East,3,287.426,12.627699999999999,12,2023-09-21,2026-08-01,True,95.80866666666667,0.012354255567675887,0.004320163398729013
HO-15234,Consumer,East,2,281.34,109.7226,6,2025-06-12,2026-03-16,True,140.67,0.01209266476035548,0.037538075859688144
SC-20845,Consumer,Central,2,280.632,31.1757,13,2025-11-11,2026-08-21,True,140.316,0.012062233230355013,0.010665767960100103
SC-20800,Consumer,Central,4,279.256,51.8252,11,2024-12-11,2026-11-30,True,69.814,0.012003089465834327,0.017730333486843275
NB-18580,Corporate,East,2,273.87199999999996,24.788800000000002,7,2023-09-26,2023-10-22,True,136.93599999999998,0.01177167229419235,0.008480694541239795
BF-11080,Consumer,South,3,272.95,110.9272,29,2023-11-28,2026-12-05,True,90.98333333333333,0.011732042533372532,0.03795019119582291
DD-13570,Consumer,Central,6,269.542,36.4344,33,2023-03-31,2026-11-19,True,44.92366666666666,0.011585558558455025,0.012464863857602915
BN-11470,Corporate,South,4,265.296,36.6131,15,2023-09-12,2026-12-06,True,66.324,0.011403055343226231,0.012526000343214144
AR-10510,Consumer,East,5,264.864,43.6695,33,2023-05-02,2026-12-16,True,52.97279999999999,0.011384486952039504,0.014940121759370005
HD-14785,Home Office,Central,3,251.36,-135.87599999999998,31,2023-05-11,2024-11-22,True,83.78666666666668,0.010804052797906282,-0.04648562461617739
SM-20005,Consumer,West,4,244.494,-26.592700000000004,26,2023-11-23,2025-11-04,True,61.1235,0.010508935728720952,-0.009097841191458542
PL-18925,Home Office,West,5,239.481,-0.7527000000000008,29,2023-11-01,2026-12-15,True,47.8962,0.010293465022658316,-0.00025751221443519654
GP-14740,Corporate,East,2,236.53,31.837600000000002,21,2023-04-06,2024-11-26,True,118.265,0.010166623998602693,0.01089221586063771
EM-14065,Consumer,East,4,228.99,40.154599999999995,22,2023-07-22,2026-11-13,True,57.2475,0.00984253680057511,0.01373761122061848
GT-14755,Consumer,West,4,226.436,-6.139200000000002,23,2024-02-18,2026-11-26,True,56.609,0.009732759784160994,-0.002100330791630872
MK-19560,Corporate,East,7,225.696,-74.1416,48,2023-12-02,2026-12-02,True,32.242285714285714,0.009700952817776323,-0.025365175498563236
RB-19645,Corporate,West,5,221.084,72.679,29,2023-08-23,2025-03-22,True,44.2168,0.009502718048903219,0.024864793719856025
HH-15010,Corporate,West,2,218.668,86.73419999999999,20,2023-08-29,2026-10-19,True,109.334,0.009398872601895971,0.029673330555686456
AG-10390,Consumer,South,5,200.945,69.2784,33,2023-04-19,2026-09-07,True,40.189,0.008637095756983123,0.023701387267872062
JJ-15760,Home Office,South,2,195.0,34.449200000000005,11,2024-10-05,2024-12-08,True,97.5,0.008381565466230607,0.011785691214987331
AG-10765,Home Office,East,4,170.584,-8.431000000000001,20,2023-09-17,2026-10-14,True,42.646,0.007332107505084522,-0.0028843968113499933
ML-18265,Consumer,South,2,162.23200000000003,42.6648,7,2024-05-31,2026-09-21,True,81.11600000000001,0.006973118608807814,0.014596395810329163
AO-10810,Corporate,West,1,161.28,12.096,2,2025-08-16,2025-08-16,False,161.28,0.0069321993763778065,0.0041382592610709895
PT-19090,Consumer,Central,4,160.572,-20.050800000000002,19,2023-09-12,2026-10-20,True,40.143,0.0069017678463773385,-0.006859739483455871
DA-13450,Home Office,Central,4,156.76,56.7904,27,2023-04-25,2026-01-12,True,39.19,0.006737918987109281,0.019429017752970068
MO-17950,Consumer,Central,2,154.288,-82.00740000000002,14,2024-04-02,2026-07-03,True,77.144,0.006631666526429681,-0.028056207219440573
GH-14665,Consumer,Central,2,146.9408,-5.810200000000001,9,2024-11-17,2026-12-28,True,73.4704,0.006315866332616915,-0.0019877739714512788
JT-12540,Consumer,East,2,144.588,-197.6036,2,2025-03-19,2026-03-19,True,72.294,0.006214737372468466,-0.06760374733142918
HO-15232,Consumer,East,2,140.928,45.8016,12,2025-06-12,2026-03-16,True,70.464,0.006057421836025369,0.015669551535372774
PB-19210,Corporate,East,2,132.738,21.897,10,2023-11-23,2025-02-11,True,66.369,0.005705396086443683,0.007491357724840563
BO-11425,Consumer,East,2,130.83,59.4522,7,2024-09-10,2026-10-16,True,65.415,0.005623385692035642,0.02033966743064192
EL-13735,Home Office,Central,2,124.28,27.115399999999987,9,2025-04-22,2026-10-14,True,62.14,0.0053418510571443065,0.009276666267166356
CC-12550,Consumer,West,3,113.832,33.8706,14,2026-06-15,2026-12-03,True,37.943999999999996,0.00489277107770237,0.011587741743388813
RM-19750,Consumer,East,1,98.35,28.6879,4,2026-03-06,2026-03-06,False,98.35,0.0042273177620706665,0.00981464681346548
KS-16300,Corporate,South,3,88.47200000000001,0.11099999999999888,10,2024-01-13,2026-03-10,True,29.49066666666667,0.003802737743222329,3.7975097385819706e-05
AR-10570,Consumer,South,1,88.15,32.633,6,2025-07-14,2025-07-14,False,88.15,0.0037888974146062975,0.01116433651343664
FW-14395,Corporate,South,3,79.75,23.491300000000003,9,2024-03-22,2026-01-02,True,26.583333333333332,0.0034278453637532867,0.00803679644341906
JC-15340,Consumer,East,4,71.263,-0.3555999999999999,12,2023-01-28,2026-09-07,True,17.81575,0.0030630538452307266,-0.00012165715883241101
AS-10135,Home Office,West,2,58.82,21.8496,9,2025-11-13,2026-11-19,True,29.41,0.0025282240037112014,0.007475141331902835
LB-16735,Consumer,West,3,50.188,18.6507,12,2025-07-25,2026-11-12,True,16.729333333333333,0.0021572000390727266,0.006380740079402836
RE-19405,Consumer,East,1,48.36,6.045,5,2023-12-29,2023-12-29,False,48.36,0.0020786282356251903,0.002068103276552094
SG-20890,Corporate,East,3,47.946,-3.707300000000001,17,2023-03-30,2026-05-18,True,15.982,0.0020608335274045777,-0.0012683340408869447
HO-15233,Consumer,East,2,39.36,13.776,10,2025-06-12,2026-03-16,True,19.68,0.001691786752568393,0.004713017491775293
RS-19870,Home Office,East,2,22.328,9.5838,10,2025-06-07,2026-12-11,True,11.164,0.0009597107370769074,0.003278790435371375
JS-13215,Corporate,East,2,19.98,8.991,2,2025-09-26,2026-09-26,True,9.99,0.0008587880923860899,0.003075982888251428
MG-18205,Corporate,South,1,16.739,-1.2453,8,2026-04-10,2026-04-10,False,16.739,0.0007194821760986366,-0.0004260395385095654
CJ-11875,Corporate,East,1,16.52,1.652,5,2025-12-30,2025-12-30,False,16.52,0.0007100690333442545,0.0005651789268592323
HO-15230,Consumer,East,2,6.048,-1.2096,6,2023-12-30,2026-12-30,True,3.024,0.00025995747661416773,-0.000413825926107099
LD-16855,Corporate,Central,1,5.304,0.4641,3,2025-06-26,2025-06-26,False,5.304,0.00022797858068147252,0.00015877696123206404
TS-21085,Consumer,West,2,4.833,-3.3156,4,2024-07-19,2026-01-07,True,2.4165,0.0002077338764015001,-0.00113432642245428
