product_id,product_name,category,sub_category,total_sales,total_profit,total_quantity,order_count,avg_discount,profit_margin,revenue_contribution_pct,profit_contribution_pct
TEC-CO-10004722,Canon imageCLASS 2200 Advanced Copier,Technology,Copiers,61599.824,25199.928,20,5,0.12000000000000002,0.40909090909090906,2.6477074746886324,8.62134882806896
OFF-BI-10003527,Fellowes PB500 Electric Punch Plastic Comb Binding Machine with Manual Bind,Office Supplies,Binders,27453.384,7753.039,31,10,0.24000000000000005,0.28240740740740744,1.1800119757208607,2.652454153703254
TEC-MA-10002412,Cisco TelePresence System EX90 Videoconferencing Unit,Technology,Machines,22638.48,-1811.0784,6,1,0.5,-0.08,0.9730559085946269,-0.6196025100302274
FUR-CH-10002024,HON 5400 Series Task Chairs for Big and Tall,Furniture,Chairs,21870.576,1.1368683772161603e-13,39,8,0.2,5.198163858218276e-18,0.9400495616829329,3.8894312918597245e-17
OFF-BI-10001359,GBC DocuBind TL300 Electric Binding System,Office Supplies,Binders,19823.479,2233.5051000000003,37,11,0.3,0.11266968325791857,0.852060446189475,0.7641222854434762
OFF-BI-10000545,GBC Ibimaster 500 Manual ProClick Binding System,Office Supplies,Binders,19024.5,760.9799999999998,48,9,0.5222222222222223,0.03999999999999999,0.8177184216015598,0.2603449514293817
TEC-CO-10001449,Hewlett Packard LaserJet 3310 Copier,Technology,Copiers,18839.686,6983.8836,38,8,0.2,0.37070063694267513,0.8097746747293756,2.3893122508219085
TEC-MA-10001127,"HP Designjet T520 Inkjet Large Format Printer - 24"" Color",Technology,Machines,18374.895,4094.9766,12,3,0.16666666666666666,0.22285714285714284,0.7897968480903252,1.4009651817806708
OFF-BI-10004995,GBC DocuBind P400 Electric Binding System,Office Supplies,Binders,17965.068,-1878.1662000000006,27,6,0.45,-0.10454545454545458,0.7721815053706899,-0.6425544536194205
OFF-SU-10000151,High Speed Automatic Electric Letter Opener,Office Supplies,Supplies,17030.311999999998,-262.00480000000005,11,3,0.06666666666666667,-0.015384615384615389,0.7320034612222188,-0.08963655671668755
TEC-MA-10000822,Lexmark MX611dhe Monochrome Laser Printer,Technology,Machines,16829.901,-4589.973000000001,18,4,0.4,-0.27272727272727276,0.7233893180598973,-1.5703123574169804
OFF-SU-10002881,Martin Yale Chadless Opener Electric Letter Opener,Office Supplies,Supplies,16656.2,-1299.1835999999996,22,6,0.10000000000000002,-0.07799999999999997,0.715923234454514,-0.44447408767621915
OFF-BI-10001120,Ibico EPK-21 Electric Binding System,Office Supplies,Binders,15875.916000000001,3345.2823,13,3,0.3333333333333333,0.2107142857142857,0.6823847655916818,1.1444812714014434
FUR-BO-10004834,"Riverside Palais Royal Lawyers Bookcase, Royale Cherry Finish",Furniture,Bookcases,15610.9656,-669.5448000000001,24,5,0.23399999999999999,-0.042889390519187366,0.6709965649614049,-0.22906332418170672
TEC-MA-10001047,"3D Systems Cube Printer, 2nd Generation, Magenta",Technology,Machines,14299.89,3717.9714000000004,11,2,0.0,0.26,0.6146434061276738,1.271984918853098
TEC-PH-10001459,Samsung Galaxy Mega 6.3,Technology,Phones,13943.668,1822.7566,39,6,0.13333333333333333,0.13072289156626507,0.5993321342635116,0.6235978323932101
FUR-TA-10003473,Bretford Rectangular Conference Table Tops,Furniture,Tables,13565.5715,-359.35409999999973,53,14,0.23214285714285715,-0.026490155611947477,0.5830806441747801,-0.12294150399543893
TEC-PH-10002885,Apple iPhone 5,Technology,Phones,12996.6,1611.5784,24,6,0.20000000000000004,0.124,0.5586248909662189,0.5513499701340913
FUR-CH-10001215,Global Troy Executive Leather Low-Back Tilter,Furniture,Chairs,12975.382,951.862,32,9,0.2,0.07335907335907337,0.557712890678719,0.3256491184492026
FUR-CH-10004063,Global Deluxe High-Back Manager's Chair,Furniture,Chairs,12325.75,1970.3937999999996,51,12,0.19166666666666665,0.1598599517270754,0.5297901566430354,0.6741071751659109
FUR-CH-10004287,SAFCO Arco Folding Chair,Furniture,Chairs,12283.276,1257.5151999999994,59,15,0.2,0.1023762064778158,0.5279645227373293,0.43021857823557663
TEC-CO-10003763,Canon PC1060 Personal Laser Copier,Technology,Copiers,11619.834,4570.9347,19,4,0.15000000000000002,0.3933734939759036,0.4994482019370885,1.5637990124029222
OFF-AP-10002945,Honeywell Enviracaire Portable HEPA Air Cleaner for 17' x 22' Room,Office Supplies,Appliances,11304.44,3247.02,40,8,0.05,0.28723404255319146,0.4858918149696201,1.1108639703937437
TEC-MA-10000418,Cubify CubeX 3D Printer Double Head Print,Technology,Machines,11099.963,-8879.9704,9,3,0.5333333333333333,-0.8,0.4771029054217306,-3.0379976641729716
FUR-BO-10002213,DMI Eclipse Executive Suite Bookcases,Furniture,Bookcases,11046.609,90.17639999999939,27,6,0.18333333333333335,0.008163265306122394,0.47480962314539593,0.030850969116240037
OFF-ST-10000078,Tennsco 6- and 18-Compartment Lockers,Office Supplies,Storage,10925.003999999999,1575.1097999999997,43,11,0.05454545454545456,0.14417475728155338,0.4695827499734935,0.5388734058410775
TEC-AC-10003033,Plantronics CS510 - Over-the-Head monaural Wireless Headset System,Technology,Accessories,10822.36,3085.0325,35,10,0.08,0.2850609756097561,0.46517086584161776,1.0554451317650453
FUR-CH-10000454,"Hon Deluxe Fabric Upholstered Stacking Chairs, Rounded Back",Furniture,Chairs,10637.528,1927.442,51,12,0.14166666666666666,0.1811926605504587,0.4572263452864674,0.6594125914911698
TEC-AC-10003832,Logitech P710e Mobile Speakerphone,Technology,Accessories,10196.604,1645.3610999999996,41,9,0.06666666666666668,0.16136363636363635,0.43827437927809676,0.5629076397057663
FUR-TA-10000198,Chromcraft Bull-Nose Wood Oval Conference Tables & Bases,Furniture,Tables,9917.64,-2876.1156,27,5,0.28,-0.29000000000000004,0.4262838406692683,-0.9839709009268144
OFF-ST-10003716,Tennsco Double-Tier Lockers,Office Supplies,Storage,9630.856,429.7882,47,12,0.10000000000000002,0.044626168224299066,0.41395717979405044,0.14703827702951644
FUR-TA-10001889,Bush Advantage Collection Racetrack Conference Table,Furniture,Tables,9544.725,-1934.3976,33,7,0.35000000000000003,-0.20266666666666666,0.4102550638188099,-0.6617922274134834
TEC-AC-10002049,Plantronics Savi W720 Multi-Device Wireless Headset System,Technology,Accessories,9367.289999999999,3696.2819999999997,24,7,0.05714285714285715,0.3945945945945946,0.40262848398034506,1.2645645848239084
TEC-MA-10000488,Bady BDG101FRU Card Printer,Technology,Machines,9279.884,1327.9834,14,4,0.2,0.14310344827586208,0.3988715654616715,0.45432701749326565
OFF-ST-10004459,Tennsco Single-Tier Lockers,Office Supplies,Storage,9158.296,-825.7479999999999,28,8,0.07500000000000001,-0.0901639344262295,0.3936454229903482,-0.2825032496950105
FUR-CH-10003973,GuestStacker Chair with Chrome Finish Legs,Furniture,Chairs,9070.944,773.2608,31,8,0.225,0.08524590163934427,0.3898908255205729,0.26454643409583023
TEC-CO-10001046,Canon Imageclass D680 Copier / Fax,Technology,Copiers,8959.872000000001,2799.9599999999996,16,5,0.2,0.3124999999999999,0.385116685831008,0.9579166997873947
TEC-CO-10002095,Hewlett Packard 610 Color Digital Copier / Printer,Technology,Copiers,8899.822,3124.9374999999995,21,7,0.14285714285714285,0.35112359550561795,0.382535593491279,1.0690973503342447
TEC-PH-10001817,Wilson Electronics DB Pro Signal Booster,Technology,Phones,8878.4,515.5200000000002,32,10,0.22000000000000003,0.05806451612903228,0.3816148247968298,0.1763686685075494
FUR-CH-10001854,Office Star - Professional Matrix Back Chair with 2-to-1 Synchro Tilt and Mesh Fabric Seat,Furniture,Chairs,8774.5,1305.6456,28,8,0.1,0.14880000000000002,0.3771489547868741,0.44668485415646403
FUR-CH-10004086,Hon 4070 Series Pagoda Armless Upholstered Stacking Chairs,Furniture,Chairs,8430.997,1388.6348,34,8,0.1875,0.1647058823529412,0.36238437590304534,0.47507695282287216
FUR-TA-10001095,Chromcraft Round Conference Tables,Furniture,Tables,8209.059,-189.97610000000003,61,13,0.2576923076923077,-0.023142250530785568,0.3528449508956387,-0.06499424232863331
OFF-ST-10001490,"Hot File 7-Pocket, Floor Stand",Office Supplies,Storage,8138.232,2016.711,49,13,0.07692307692307693,0.24780701754385964,0.34980063737114275,0.6899531227392308
OFF-BI-10003925,Fellowes PB300 Plastic Comb Binding Machine,Office Supplies,Binders,8109.072,2536.7163,33,8,0.17500000000000002,0.3128244884248161,0.34854727096603877,0.8678562930873623
TEC-MA-10004125,Cubify CubeX 3D Printer Triple Head Print,Technology,Machines,7999.98,-3839.9904,4,1,0.5,-0.48000000000000004,0.34385823640274626,-1.3137298144199483
OFF-BI-10004600,Ibico Ibimaster 300 Manual Binding System,Office Supplies,Binders,7985.383,2318.337,28,8,0.16249999999999998,0.2903225806451613,0.3432308224996152,0.7931448049382882
FUR-CH-10003379,Global Commerce Series High-Back Swivel/Tilt Chairs,Furniture,Chairs,7979.4400000000005,926.1850000000001,33,9,0.16666666666666666,0.11607142857142858,0.34297537817363666,0.31686455470527736
TEC-MA-10000984,Okidata MB760 Printer,Technology,Machines,7834.4,881.37,7,2,0.2,0.1125,0.33674121276224134,0.30153253678324554
OFF-ST-10003208,Adjustable Depth Letter/Legal Cart,Office Supplies,Storage,7730.196,1932.5489999999998,45,11,0.06666666666666667,0.24999999999999997,0.3322622761066357,0.661159788088912
TEC-MA-10003979,Ativa V4110MDD Micro-Cut Shredder,Technology,Machines,7699.89,3772.9461,11,2,0.0,0.49,0.3309596518860225,1.2907927529635146
TEC-PH-10004165,Mitel MiVoice 5330e IP Phone,Technology,Phones,7699.72,780.9716,34,9,0.17777777777777778,0.10142857142857142,0.33095234488023145,0.26718443752756516
FUR-CH-10002331,Hon 4700 Series Mobuis Mid-Back Task Chairs with Adjustable Arms,Furniture,Chairs,7582.374,832.9931999999998,24,6,0.13333333333333333,0.10985915492957744,0.32590853369458883,0.2849819629885217
FUR-BO-10002545,"Atlantic Metals Mobile 3-Shelf Bookcases, Custom Colors",Furniture,Bookcases,7539.7122,780.3302000000001,35,8,0.18375,0.10349601938386986,0.324074827696603,0.2669650030459142
OFF-ST-10001780,Tennsco 16-Compartment Lockers with Coat Rack,Office Supplies,Storage,7515.523999999999,1114.3708,13,5,0.12000000000000002,0.1482758620689655,0.32303516112321695,0.3812463031884166
FUR-TA-10003954,Hon 94000 Series Round Tables,Furniture,Tables,7404.5,-681.2139999999999,30,5,0.16,-0.092,0.31826308458822833,-0.23305556748273917
TEC-AC-10004145,Logitech diNovo Edge Keyboard,Technology,Accessories,7399.704,1432.4427,31,5,0.04,0.1935810810810811,0.3180569410601461,0.49006442371267633
FUR-TA-10000577,Bretford CR4500 Series Slim Rectangular Table,Furniture,Tables,7242.768,-532.7613,29,8,0.2625,-0.07355769230769231,0.31131145717292363,-0.18226722748555058
TEC-CO-10002313,Canon PC1080F Personal Copier,Technology,Copiers,7217.16,2450.0787,19,6,0.03333333333333333,0.33947961525032005,0.3102107642064661,0.8382160111299414
TEC-PH-10000560,Samsung Galaxy S III - 16GB - pebble blue (T-Mobile),Technology,Phones,7139.796,83.99760000000003,28,6,0.20000000000000004,0.011764705882352946,0.30688547481810985,0.028737090452028498
TEC-MA-10000045,Zebra ZM400 Thermal Label Printer,Technology,Machines,6965.700000000001,3343.536,6,2,0.0,0.48,0.29940241316985916,1.1438838307477062
FUR-TA-10002958,"Bevis Oval Conference Table, Walnut",Furniture,Tables,6942.068,-856.0144000000001,36,8,0.275,-0.12330827067669174,0.29838665340012605,-0.292857929762742
FUR-CH-10002335,Hon GuestStacker Chair,Furniture,Chairs,6936.102,1233.0848,34,9,0.1111111111111111,0.17777777777777778,0.29813022047924637,0.42186049878355397
OFF-AP-10002651,Hoover Upright Vacuum With Dirt Cup,Office Supplies,Appliances,6832.907999999999,460.3526999999999,31,6,0.16666666666666666,0.0673728813559322,0.29369469603451714,0.15749494247139836
OFF-ST-10003470,"Tennsco Snap-Together Open Shelving Units, Starter Sets and Add-On Units",Office Supplies,Storage,6819.312,181.6619999999999,25,6,0.03333333333333333,0.026639344262295066,0.2931103075007793,0.06214983911083645
OFF-BI-10003650,GBC DocuBind 300 Electric Binding Machine,Office Supplies,Binders,6785.142,494.4212000000001,23,8,0.4125,0.07286821705426358,0.2916415993367737,0.16915038936589222
FUR-TA-10003569,Bretford CR8500 Series Meeting Room Furniture,Furniture,Tables,6776.562,461.12700000000007,21,6,0.18333333333333335,0.06804733727810652,0.2912728104562595,0.1577598444345141
TEC-PH-10001530,Cisco Unified IP Phone 7945G VoIP phone,Technology,Phones,6751.602,102.29699999999998,26,6,0.23333333333333336,0.015151515151515148,0.290199970076582,0.03499764447997511
FUR-CH-10004997,Hon Every-Day Series Multi-Task Chairs,Furniture,Chairs,6748.482,281.97,43,10,0.16,0.041782729805013935,0.2900658650291223,0.09646701089981706
TEC-PH-10001795,ClearOne CHATAttach 160 - speaker phone,Technology,Phones,6695.892,1053.9830000000002,13,4,0.2,0.15740740740740744,0.2878054212964604,0.3605865501621516
OFF-ST-10001496,Standard Rollaway File with Lock,Office Supplies,Storage,6594.954,1261.33,40,10,0.06000000000000001,0.1912568306010929,0.28346686511681746,0.431523689960869
FUR-CH-10000015,Hon Multipurpose Stacking Arm Chairs,Furniture,Chairs,6584.64,814.4160000000002,36,6,0.13333333333333333,0.12368421052631581,0.28302354477723435,0.2786263685817123
OFF-ST-10002615,"Dual Level, Single-Width Filing Carts",Office Supplies,Storage,6574.544,1640.5348,43,9,0.022222222222222223,0.24952830188679245,0.28258959459801863,0.561256475629071
FUR-TA-10001950,Balt Solid Wood Round Tables,Furniture,Tables,6518.754,-1201.0581,19,4,0.2,-0.18424657534246575,0.2801916072269366,-0.41090358841016256
FUR-CH-10002320,Hon Pagoda Stacking Chairs,Furniture,Chairs,6483.796,1540.7040000000002,22,4,0.1,0.23762376237623764,0.27868902894196995,0.5271025625470501
FUR-CH-10004495,"Global Leather and Oak Executive Chair, Black",Furniture,Chairs,6450.234,868.5591999999995,36,10,0.18,0.1346554559105917,0.2772464540692642,0.29714973157972946
TEC-CO-10004115,Sharp AL-1530CS Digital Copier,Technology,Copiers,6399.872,2064.9587,17,4,0.25,0.32265625000000003,0.2750817750948523,0.7064595291008691
TEC-PH-10000895,Polycom VVX 310 VoIP phone,Technology,Phones,6227.654,899.95,40,8,0.15000000000000002,0.1445086705202312,0.2676794343693995,0.30788908912043955
FUR-CH-10004675,"Lifetime Advantage Folding Chairs, 4/Carton",Furniture,Chairs,6146.412,1244.2964,42,10,0.1,0.20244272593506585,0.2641874592842328,0.42569618889031846
TEC-PH-10002584,Samsung Galaxy S4,Technology,Phones,6134.702,438.193,13,5,0.2,0.07142857142857142,0.2636841355323889,0.1499137103494114
TEC-PH-10002624,Samsung Galaxy S4 Mini,Technology,Phones,6109.870000000001,1104.4764999999998,15,5,0.12000000000000002,0.1807692307692307,0.2626167968982482,0.3778612851157632
FUR-CH-10000309,Global Comet Stacking Arm Chair,Furniture,Chairs,6084.144,697.1415,17,5,0.16,0.11458333333333331,0.2615110320101238,0.23850465183960987
FUR-CH-10000785,Global Ergonomic Managers Chair,Furniture,Chairs,6008.536,785.4532,39,11,0.13636363636363635,0.13072289156626507,0.25826121969335064,0.26871767353156784
FUR-CH-10002965,"Global Leather Highback Executive Chair with Pneumatic Height Adjustment, Black",Furniture,Chairs,5989.204,267.3034000000001,39,10,0.22727272727272727,0.0446308724832215,0.25743028418774466,0.09144930312216962
FUR-TA-10004575,Hon 5100 Series Wood Tables,Furniture,Tables,5965.09,-238.60360000000003,26,7,0.21428571428571427,-0.04,0.2563938069074745,-0.08163058510456996
OFF-AP-10000275,"Sanyo Counter Height Refrigerator with Crisper, 3.6 Cubic Foot, Stainless Steel/Black",Office Supplies,Appliances,5906.5199999999995,1653.8256,18,3,0.0,0.28,0.2538763285005149,0.565803497469931
FUR-CH-10003746,Hon 4070 Series Pagoda Round Back Stacking Chairs,Furniture,Chairs,5906.032,1052.8144,21,7,0.14285714285714285,0.1782608695652174,0.2538553530956558,0.3601867510738176
FUR-CH-10001394,Global Leather Executive Chair,Furniture,Chairs,5861.532999999999,701.9799999999998,21,7,0.18571428571428572,0.11976047904191614,0.25194267985626195,0.24015998975583766
FUR-TA-10004915,"Office Impressions End Table, 20-1/2""H x 24""W x 20""D",Furniture,Tables,5801.816,-66.82720000000003,23,5,0.18,-0.01151832460732985,0.24937590065140608,-0.022862787639834938
TEC-MA-10004002,Zebra GX420t Direct Thermal/Thermal Transfer Printer,Technology,Machines,5787.3550000000005,509.712,14,3,0.3,0.08807339449541284,0.24875433235290786,0.17438164719568586
OFF-ST-10001526,Iceberg Mobile Mega Data/Printer Cart,Office Supplies,Storage,5751.773999999999,1388.6082,49,8,0.025,0.24142259414225942,0.24722497604083626,0.4750678524842193
FUR-CH-10000595,Safco Contoured Stacking Chairs,Furniture,Chairs,5697.76,870.16,27,8,0.125,0.1527196652719665,0.24490332538907744,0.2976973940652722
TEC-CO-10001766,Canon PC940 Copier,Technology,Copiers,5669.874,2092.4535,15,3,0.20000000000000004,0.36904761904761907,0.2437047185450194,0.7158659949351361
FUR-TA-10004256,Bretford “Just In Time” Height-Adjustable Multi-Task Work Tables,Furniture,Tables,5634.9,-964.1940000000001,17,4,0.225,-0.17111111111111113,0.2422014525418607,-0.32986811755696777
TEC-AC-10003870,Logitech Z-906 Speaker sys - home theater - 5.1-CH,Technology,Accessories,5609.83,2243.9320000000002,17,4,0.0,0.4,0.24112388409961252,0.7676895155599825
OFF-ST-10000142,Deluxe Rollaway Locking File with Drawer,Office Supplies,Storage,5572.792,1380.7215999999999,14,5,0.08,0.2477611940298507,0.2395319024496728,0.4723697047090571
FUR-BO-10001811,"Atlantic Metals Mobile 5-Shelf Bookcases, Custom Colors",Furniture,Bookcases,5492.885,15.048999999999495,26,8,0.31625000000000003,0.0027397260273971684,0.23609730885115954,0.005148533698731418
FUR-CH-10002880,"Global High-Back Leather Tilter, Burgundy",Furniture,Chairs,5436.158,-474.74140000000006,54,14,0.18571428571428572,-0.08733031674208146,0.23365904698345255,-0.16241757565838355
FUR-CH-10002073,Hon Olson Stacker Chairs,Furniture,Chairs,5427.99,1292.1264,22,4,0.07500000000000001,0.2380487804878049,0.23330796684638494,0.44205969256566785
TEC-PH-10000984,Panasonic KX-TG9471B,Technology,Phones,5410.416,1287.9229,32,9,0.044444444444444446,0.23804507823427995,0.23255259437713607,0.4406215995759265
OFF-BI-10004632,Ibico Hi-Tech Manual Binding System,Office Supplies,Binders,5398.323,-304.99,34,11,0.4272727272727273,-0.05649717514124294,0.23203280837106877,-0.10434256713244387
TEC-PH-10004586,Wilson SignalBoost 841262 DB PRO Amplifier Kit,Technology,Phones,5327.26,1043.855,17,6,0.16666666666666666,0.19594594594594594,0.22897835100323927,0.35712157911419135
OFF-FA-10002780,Staples,Office Supplies,Fasteners,5307.836,1392.2752,46,7,0.08571428571428573,0.26230561758125154,0.22814346111802872,0.47632239916992924
FUR-CH-10000988,Hon Olson Stacker Stools,Furniture,Chairs,5294.456,833.5952,44,10,0.16,0.1574468085106383,0.22756835677988427,0.28518791802119076
TEC-PH-10004977,GE 30524EE4,Technology,Phones,5291.7300000000005,838.8371999999997,32,9,0.15555555555555556,0.15851851851851845,0.22745118679290505,0.2869813005481859
FUR-CH-10003312,Hon 2090 “Pillow Soft” Series Mid Back Swivel/Tilt Chairs,Furniture,Chairs,5282.424,-989.0496,24,6,0.21666666666666667,-0.1872340425531915,0.22705119269942434,-0.33837166558023796
FUR-BO-10002613,"Atlantic Metals Mobile 4-Shelf Bookcases, Custom Colors",Furniture,Bookcases,5184.081,-126.44100000000003,27,6,0.26666666666666666,-0.02439024390243903,0.22282417581406272,-0.0432577413383827
TEC-AC-10001838,Razer Tiamat Over Ear 7.1 Surround Sound PC Gaming Headset,Technology,Accessories,5119.744000000001,2155.8922000000002,26,7,0.028571428571428574,0.42109375,0.22005881798123772,0.7375695157507202
FUR-TA-10001932,"Chromcraft 48"" x 96"" Racetrack Double Pedestal Table",Furniture,Tables,5098.176,-404.00640000000004,22,6,0.31666666666666665,-0.07924528301886792,0.21913177385828558,-0.13821785931977107
OFF-AP-10003849,Hoover Shoulder Vac Commercial Portable Vacuum,Office Supplies,Appliances,5009.48,715.64,16,6,0.18333333333333335,0.14285714285714288,0.21531940806037383,0.2448333215602549
FUR-TA-10001539,Chromcraft Rectangular Conference Tables,Furniture,Tables,4952.673,-450.2430000000006,30,9,0.32222222222222224,-0.09090909090909104,0.21287770760170635,-0.15403623218273713
TEC-PH-10001363,Apple iPhone 5S,Technology,Phones,4901.914000000001,512.991,11,4,0.2,0.10465116279069765,0.210695964619653,0.17550345209954266
FUR-BO-10004695,O'Sullivan 2-Door Barrister Bookcase in Odessa Pine,Furniture,Bookcases,4886.46,566.4673999999999,31,7,0.15,0.1159259259259259,0.21003171481085747,0.19379869081884957
TEC-CO-10004202,Brother DCP1000 Digital 3 in 1 Multifunction Machine,Technology,Copiers,4859.838,1154.9615000000001,19,7,0.14285714285714285,0.23765432098765435,0.20888743770397544,0.39513311206642215
OFF-ST-10001932,Fellowes Staxonsteel Drawer Files,Office Supplies,Storage,4829.25,509.9688,26,7,0.028571428571428574,0.1056,0.20757269245022641,0.17446950309666495
OFF-ST-10002011,Smead Adjustable Mobile File Trolley with Lockable Top,Office Supplies,Storage,4778.766,1106.6616,12,3,0.06666666666666667,0.23157894736842105,0.20540276962459983,0.37860884714547277
FUR-CH-10000513,High-Back Leather Manager's Chair,Furniture,Chairs,4770.633,-197.5848,42,9,0.16666666666666666,-0.04141689373297003,0.20505319387107748,-0.06759731551313321
OFF-ST-10002743,SAFCO Boltless Steel Shelving,Office Supplies,Storage,4704.696,-470.4696000000001,46,10,0.1,-0.10000000000000003,0.20221906421904237,-0.1609561160096201
FUR-CH-10000847,Global Executive Mid-Back Manager's Chair,Furniture,Chairs,4626.582,750.7284,18,6,0.11666666666666665,0.16226415094339622,0.19886153804043144,0.25683769459730543
FUR-CH-10002602,DMI Arturo Collection Mission-style Design Wood Chair,Furniture,Chairs,4619.987999999999,486.15560000000005,37,11,0.19090909090909092,0.10522875816993467,0.1985781121805118,0.16632257887082702
TEC-PH-10001494,Polycom CX600 IP Phone VoIP phone,Technology,Phones,4619.23,896.8505,17,4,0.15000000000000002,0.19415584415584416,0.19854553153116103,0.3068286943965896
OFF-ST-10003306,Letter Size Cart,Office Supplies,Storage,4600.092,1252.8822,33,8,0.05,0.27236024844720497,0.19772293460863424,0.42863354556721195
FUR-TA-10002903,"Bevis Round Bullnose 29"" High Table Top",Furniture,Tables,4544.925,-192.18540000000002,24,5,0.26,-0.04228571428571429,0.19535172526465713,-0.06575008361380892
OFF-ST-10001809,Fellowes Officeware Wire Shelving,Office Supplies,Storage,4509.465999999999,-332.37100000000004,55,11,0.07272727272727274,-0.07370517928286854,0.19382761280380031,-0.11371009993894066
TEC-PH-10002200,Samsung Galaxy Note 2,Technology,Phones,4507.902,-128.79719999999998,14,2,0.30000000000000004,-0.028571428571428567,0.19376038835052248,-0.044063839756945465
OFF-ST-10000689,"Fellowes Strictly Business Drawer File, Letter/Legal Size",Office Supplies,Storage,4479.030000000001,388.746,33,7,0.05714285714285715,0.08679245283018866,0.1925194008728763,0.13299700187700916
OFF-AP-10001058,Sanyo 2.5 Cubic Foot Mid-Size Office Refrigerators,Office Supplies,Appliances,4476.96,956.9502,17,4,0.1,0.21375,0.1924304273317732,0.3273898832286488
FUR-TA-10004154,"Riverside Furniture Oval Coffee Table, Oval End Table, End Table with Drawer",Furniture,Tables,4446.175,-1147.4,25,5,0.3,-0.25806451612903225,0.19110721454778393,-0.3925461868512611
TEC-PH-10003012,Nortel Meridian M3904 Professional Digital phone,Technology,Phones,4434.912,936.2591999999999,32,10,0.08,0.21111111111111105,0.19062310392293186,0.3203111198051352
FUR-CH-10003981,Global Commerce Series Low-Back Swivel/Tilt Chairs,Furniture,Chairs,4420.0560000000005,41.11679999999912,24,7,0.2714285714285714,0.009302325581395147,0.18998455758156613,0.01406679715489418
TEC-CO-10001571,Sharp 1540cs Digital Laser Copier,Technology,Copiers,4399.92,1649.97,10,7,0.17142857142857146,0.375,0.18911906423680702,0.5644844273304647
TEC-AC-10002049,Logitech G19 Programmable Gaming Keyboard,Technology,Accessories,4389.246,729.0611999999999,36,8,0.025,0.1661016949152542,0.18866027023790166,0.2494249555875933
OFF-ST-10002756,"Tennsco Stur-D-Stor Boltless Shelving, 5 Shelves, 24"" Deep, Sand",Office Supplies,Storage,4384.044,-36.53369999999964,33,7,0.028571428571428574,-0.008333333333333252,0.18843667586069482,-0.01249883617445335
FUR-TA-10000617,"Hon Practical Foundations 30 x 60 Training Table, Light Gray/Charcoal",Furniture,Tables,4334.8275,430.0695,22,6,0.17500000000000002,0.09921259842519685,0.18632123321059874,0.14713451482135995
FUR-TA-10003748,Bevis 36 x 72 Conference Tables,Furniture,Tables,4332.2519999999995,448.16400000000004,40,8,0.1625,0.10344827586206899,0.18621053207286395,0.15332496887224034
OFF-BI-10003091,GBC DocuBind TL200 Manual Binding Machine,Office Supplies,Binders,4322.814,1592.4978,23,6,0.21666666666666667,0.3683937823834197,0.18580486430429843,0.5448221535288672
FUR-TA-10003238,"Chromcraft Bull-Nose Wood 48"" x 96"" Rectangular Conference Tables",Furniture,Tables,4297.644,-611.5877999999999,11,6,0.3333333333333333,-0.14230769230769227,0.1847229976233496,-0.20923519157639153
TEC-MA-10000864,Cisco 9971 IP Video Phone Charcoal,Technology,Machines,4268.0,466.4,16,2,0.35,0.10927835051546392,0.1834488277429345,0.15956383261933776
TEC-PH-10004094,Motorola L703CM,Technology,Phones,4211.7300000000005,467.97,32,6,0.16666666666666666,0.1111111111111111,0.18103020882608942,0.16010095787065073
OFF-BI-10004390,GBC DocuBind 200 Manual Binding Machine,Office Supplies,Binders,4209.799999999999,1052.45,15,4,0.32499999999999996,0.25000000000000006,0.18094725281916718,0.36006208327663386
TEC-CO-10000971,Hewlett Packard 310 Color Digital Copier,Technology,Copiers,4199.86,839.972,16,6,0.13333333333333333,0.2,0.18052000789232447,0.287369536048307
OFF-ST-10002574,"SAFCO Commercial Wire Shelving, Black",Office Supplies,Storage,4199.456,-635.444,35,10,0.14,-0.1513157894736842,0.18050264300797395,-0.21739682687599154
FUR-CH-10004983,Office Star - Mid Back Dual function Ergonomic High Back Chair with 2-Way Adjustable Arms,Furniture,Chairs,4185.48,342.8873999999999,31,5,0.16,0.0819230769230769,0.1799019211671737,0.11730794961595176
OFF-BI-10003656,Fellowes PB200 Plastic Comb Binding Machine,Office Supplies,Binders,4181.754,693.5592,38,9,0.3222222222222222,0.16585365853658537,0.1797417687931882,0.23727908254803132
TEC-PH-10002496,Cisco SPA301,Technology,Phones,4180.532,904.742,30,9,0.15555555555555556,0.21641791044776118,0.1796892443162665,0.3095285185499247
FUR-CH-10003774,"Global Wood Trimmed Manager's Task Chair, Khaki",Furniture,Chairs,4166.884,-503.1194,59,14,0.2285714285714286,-0.12074235807860262,0.17910262069840438,-0.17212620010536372
TEC-CO-10001943,Canon PC-428 Personal Copier,Technology,Copiers,4119.794,1469.9265,25,6,0.20000000000000004,0.3567961165048544,0.17707858009427718,0.5028883061936728
TEC-PH-10004539,Wireless Extenders zBoost YX545 SOHO Signal Booster,Technology,Phones,4044.3860000000004,733.2811999999999,24,7,0.14285714285714285,0.18130841121495322,0.17383736425490534,0.2508686935242434
OFF-ST-10000046,Fellowes Super Stor/Drawer Files,Office Supplies,Storage,4006.44,473.34150000000005,27,9,0.06666666666666668,0.1181451612903226,0.17220635459756384,0.1619386446779294
TEC-PH-10000730,Samsung Galaxy S4 Active,Technology,Phones,3999.92,1039.9792,8,2,0.0,0.26,0.17192610943428271,0.3557955981912367
TEC-AC-10002842,WD My Passport Ultra 2TB Portable External Hard Drive,Technology,Accessories,3998.4,499.8,35,8,0.025,0.125,0.1718607762060331,0.1709905736345305
TEC-MA-10002927,Canon imageCLASS MF7460 Monochrome Digital Laser Multifunction Copier,Technology,Machines,3991.98,1995.99,2,1,0.0,0.5,0.1715848292814526,0.6828640957758834
FUR-CH-10001708,Office Star - Contemporary Swivel Chair with Padded Adjustable Arms and Flex Back,Furniture,Chairs,3989.734,425.75959999999986,32,7,0.15714285714285717,0.10671378091872788,0.17148829084023642,0.14566002047700724
TEC-PH-10001578,Polycom SoundStation2 EX Conference phone,Technology,Phones,3968.5099999999998,518.3359999999999,12,4,0.2,0.13061224489795917,0.17057603265841448,0.17733207277996793
FUR-TA-10001768,Hon Racetrack Conference Tables,Furniture,Tables,3963.901,-598.5228,22,6,0.2833333333333334,-0.1509933774834437,0.1703779268367024,-0.2047654199786822
TEC-CO-10003236,Canon Image Class D660 Copier,Technology,Copiers,3959.9339999999997,1691.9718,7,2,0.1,0.4272727272727273,0.17020741570744835,0.5788539989104623
FUR-CH-10000665,"Global Airflow Leather Mesh Back Chair, Black",Furniture,Chairs,3955.676,573.7239999999997,32,9,0.15555555555555556,0.14503816793893123,0.17002439670357547,0.19628130425749765
OFF-ST-10003816,Fellowes High-Stak Drawer Files,Office Supplies,Storage,3946.656,419.3322,26,8,0.125,0.10625,0.16963669557277858,0.14346109127937107
FUR-FU-10000576,Luxo Professional Fluorescent Magnifier Lamp with Clamp-Mount Base,Furniture,Furnishings,3861.0560000000005,289.5791999999999,23,5,0.2,0.07499999999999997,0.16595740324503838,0.09907025514331415
OFF-AP-10003057,Honeywell Enviracaire Portable HEPA Air Cleaner for 16' x 20' Room,Office Supplies,Appliances,3855.1800000000003,1503.5202,14,3,0.0,0.38999999999999996,0.16570483873898928,0.5143813154643937
TEC-PH-10002549,Polycom SoundPoint IP 450 VoIP phone,Technology,Phones,3839.62,162.6192,22,6,0.23333333333333336,0.04235294117647059,0.16503603279717108,0.0556349545658032
TEC-PH-10002834,Google Nexus 5,Technology,Phones,3815.7880000000005,710.9605,23,5,0.12000000000000002,0.18632075471698112,0.1640116765500367,0.24323238040514727
FUR-TA-10004619,Hon Non-Folding Utility Tables,Furniture,Tables,3775.647,541.6539999999999,29,5,0.2,0.14345991561181431,0.16228632055321635,0.1853095801749459
OFF-BI-10001718,GBC DocuBind P50 Personal Binding Machine,Office Supplies,Binders,3753.256,1211.7508,72,14,0.2571428571428571,0.32285322397406413,0.16132390192575805,0.41456175348959823
TEC-AC-10002637,Logitech VX Revolution Cordless Laser Mouse for Notebooks (Black),Technology,Accessories,3743.7920000000004,21.5987999999999,22,5,0.08,0.005769230769230743,0.16091711661513033,0.007389338138890516
FUR-TA-10001307,"SAFCO PlanMaster Heigh-Adjustable Drafting Table Base, 43w x 30d x 30-37h, Black",Furniture,Tables,3739.115,608.043,14,5,0.27999999999999997,0.16261682242990655,0.1607160879911018,0.20802245170960545
TEC-PH-10003645,Aastra 57i VoIP phone,Technology,Phones,3684.708,575.3316,26,7,0.14285714285714285,0.15614035087719297,0.15837754526124947,0.19683129314540262
FUR-CH-10003298,"Office Star - Contemporary Task Swivel chair with Loop Arms, Charcoal",Furniture,Chairs,3680.538,-491.1750000000001,35,9,0.18888888888888888,-0.1334519572953737,0.15819830870743315,-0.16803980593225396
TEC-PH-10002415,Polycom VoiceStation 500 Conference phone,Technology,Phones,3657.38,339.1925000000001,15,5,0.16,0.092741935483871,0.15720292258914098,0.11604385783819628
FUR-CH-10002647,"Situations Contoured Folding Chairs, 4/Set",Furniture,Chairs,3641.274,234.23400000000004,64,15,0.18000000000000002,0.06432748538011697,0.15651064826401734,0.08013566631594761
FUR-BO-10004218,"Bush Heritage Pine Collection 5-Shelf Bookcase, Albany Pine Finish, *Special Order",Furniture,Bookcases,3626.0056,-208.6504,34,8,0.23374999999999999,-0.05754276827371695,0.1558543759862502,-0.07138305639270556
TEC-PH-10004447,Toshiba IPT2010-SD IP Telephone,Technology,Phones,3613.7400000000002,425.3094,31,8,0.17500000000000002,0.11769230769230768,0.1553271712201856,0.1455059989558983
FUR-TA-10001771,"Bush Cubix Conference Tables, Fully Assembled",Furniture,Tables,3603.288,311.8230000000002,19,4,0.2,0.08653846153846159,0.15487791931119563,0.10668025938863591
TEC-PH-10001557,Pyle PMP37LED,Technology,Phones,3590.026,576.8998999999999,43,10,0.1,0.16069518716577538,0.15430788689471794,0.19736783679612496
FUR-TA-10003392,Global Adaptabilities Conference Tables,Furniture,Tables,3540.348,354.03479999999996,14,4,0.15000000000000002,0.09999999999999999,0.15217260787301842,0.12112167574747151
OFF-ST-10003805,"24 Capacity Maxi Data Binder Racks, Pearl",Office Supplies,Storage,3537.24,536.9024999999999,19,4,0.1,0.15178571428571427,0.15203901861420283,0.18368400652423666
FUR-CH-10000155,Global Comet Stacking Armless Chair,Furniture,Chairs,3528.79,514.366,14,6,0.16666666666666666,0.14576271186440679,0.1516758174439995,0.17597386434193457
OFF-AP-10000828,Avanti 4.4 Cu. Ft. Refrigerator,Office Supplies,Appliances,3511.012,383.6776,24,7,0.14285714285714285,0.1092783505154639,0.1509116765678013,0.1312630110338534
FUR-TA-10002645,Hon Rectangular Conference Tables,Furniture,Tables,3481.515,-295.815,20,4,0.325,-0.08496732026143791,0.14964382509827615,-0.10120363453321056
FUR-TA-10002530,"Iceberg OfficeWorks 42"" Round Tables",Furniture,Tables,3457.442,-392.548,30,7,0.19999999999999998,-0.11353711790393013,0.14860911009587321,-0.13429773449197213
FUR-BO-10003404,"Global Adaptabilites Bookcase, Cherry/Storm Gray Finish",Furniture,Bookcases,3447.84,206.8703999999999,8,2,0.0,0.05999999999999997,0.14819639321583866,0.07077408636255453
FUR-BO-10003272,O'Sullivan Living Dimensions 5-Shelf Bookcases,Furniture,Bookcases,3420.7704,-755.7515999999999,21,6,0.24,-0.2209302325581395,0.14703287719253258,-0.2585562217071113
TEC-PH-10003505,Geemarc AmpliPOWER60,Technology,Phones,3415.04,384.1919999999999,46,11,0.18181818181818182,0.11249999999999998,0.14678657092203165,0.1314389965302071
TEC-MA-10003673,Hewlett-Packard Desktjet 6988DT Refurbished Printer,Technology,Machines,3404.5,1668.205,5,1,0.0,0.49,0.14633353656298512,0.5707229489595675
FUR-TA-10001705,Bush Advantage Collection Round Conference Table,Furniture,Tables,3401.6,210.47399999999996,19,4,0.2375,0.06187499999999999,0.14620888764066683,0.07200694276741529
OFF-ST-10000025,Fellowes Stor/Drawer Steel Plus Storage Drawers,Office Supplies,Storage,3397.308,78.25259999999989,37,8,0.05,0.023033707865168507,0.14602440723563573,0.02677162257381641
FUR-TA-10000688,"Chromcraft Bull-Nose Wood Round Conference Table Top, Wood Base",Furniture,Tables,3354.89,100.211,18,6,0.18333333333333335,0.02987012987012987,0.14420118034360205,0.03428398634351727
OFF-LA-10003930,"Dot Matrix Printer Tape Reel Labels, White, 5000/Box",Office Supplies,Labels,3322.878,1517.9064,36,8,0.05,0.45680473372781066,0.14282522817075605,0.5193030933563927
FUR-BO-10004015,"Bush Andora Bookcase, Maple/Graphite Gray Finish",Furniture,Bookcases,3317.7235,135.58869999999973,34,9,0.16666666666666666,0.04086799276672686,0.14260367545693198,0.04638733411636698
FUR-FU-10001468,Tenex Antistatic Computer Chair Mats,Furniture,Furnishings,3317.0119999999997,-530.0380000000001,25,6,0.2333333333333333,-0.15979381443298973,0.142573093488577,-0.18133553755121906
FUR-TA-10004534,Bevis 44 x 96 Conference Tables,Furniture,Tables,3253.2200000000003,-164.72000000000003,20,5,0.18,-0.05063291139240507,0.13983116105667043,-0.05635367604857917
OFF-BI-10004318,Ibico EB-19 Dual Function Manual Binding System,Office Supplies,Binders,3234.913,1086.3772,23,8,0.2375,0.3358288770053476,0.1390442824977459,0.3716691888985095
OFF-BI-10004584,GBC ProClick 150 Presentation Binding System,Office Supplies,Binders,3222.996,-461.3308,22,5,0.5,-0.14313725490196078,0.1385320613917917,-0.15782956808178644
TEC-MA-10001972,Okidata C331dn Printer,Technology,Machines,3210.8,111.6800000000002,12,5,0.24000000000000005,0.03478260869565224,0.13800784819986273,0.03820773762205762
OFF-ST-10001097,Office Impressions Heavy Duty Welded Shelving & Multimedia Storage Drawers,Office Supplies,Storage,3178.13,-167.27,20,5,0.04,-0.052631578947368425,0.13660361361636655,-0.057226076934469614
TEC-PH-10002103,Jabra SPEAK 410,Technology,Phones,3158.064,654.1704,37,9,0.08888888888888889,0.20714285714285716,0.1357411290386979,0.22380346528757555
FUR-CH-10004218,"Global Fabric Manager's Chair, Dark Gray",Furniture,Chairs,3150.576,499.851,35,9,0.13333333333333333,0.15865384615384615,0.13541927692479466,0.17100802165224827
FUR-TA-10003715,Hon 2111 Invitation Series Corner Table,Furniture,Tables,3140.55,-401.99040000000014,18,4,0.2,-0.12800000000000003,0.1349883355126694,-0.13752814944292593
OFF-ST-10000585,Economy Rollaway Files,Office Supplies,Storage,3138.8,693.8399999999999,20,7,0.08571428571428573,0.22105263157894733,0.13491311633540834,0.23737514928087758
TEC-PH-10003691,BlackBerry Q10,Technology,Phones,3099.354,548.0565,27,6,0.06666666666666667,0.17682926829268295,0.1332176330975574,0.18749999063451991
TEC-PH-10003072,Panasonic KX-TG9541B DECT 6.0 Digital 2-Line Expandable Cordless Phone With Digital Answering System,Technology,Phones,3059.7960000000003,1147.4235,25,5,0.2,0.375,0.13151733583236178,0.3925542266241311
OFF-AP-10003590,Hoover WindTunnel Plus Canister Vacuum,Office Supplies,Appliances,3051.3,697.44,9,3,0.06666666666666667,0.22857142857142856,0.13115215747235615,0.23860677406095826
TEC-PH-10001336,Digium D40 VoIP phone,Technology,Phones,3044.164,571.4257,27,9,0.1111111111111111,0.18771186440677964,0.13084543515867914,0.19549501447081458
TEC-MA-10000010,Hewlett-Packard Deskjet 3050a All-in-One Color Inkjet Printer,Technology,Machines,3040.0,1459.2,8,1,0.0,0.48000000000000004,0.13066645649918485,0.4992185775260242
OFF-AP-10002684,"Acco 7-Outlet Masterpiece Power Center, Wihtout Fax/Phone Line Protection",Office Supplies,Appliances,3039.5,401.214,31,7,0.2857142857142857,0.132,0.13064496530568168,0.13726252903202182
OFF-ST-10000991,Space Solutions HD Industrial Steel Shelving.,Office Supplies,Storage,3035.208,24.143700000000003,27,8,0.025,0.007954545454545455,0.1304604849006506,0.008259994223009232
OFF-ST-10000736,Carina Double Wide Media Storage Towers in Natural & Black,Office Supplies,Storage,3028.652,-3.2392000000000234,39,12,0.06666666666666667,-0.0010695187165775477,0.13017869237143723,-0.001108188607677021
OFF-SU-10000157,Compact Automatic Electric Letter Opener,Office Supplies,Supplies,2982.75,-57.268799999999956,26,8,0.05,-0.019199999999999984,0.12820571484307355,-0.01959268700152299
FUR-TA-10001086,"SAFCO PlanMaster Boards, 60w x 37-1/2d, White Melamine",Furniture,Tables,2979.004,54.71640000000003,26,5,0.26,0.01836734693877552,0.1280447028213479,0.018719465032445835
FUR-BO-10001337,O'Sullivan Living Dimensions 2-Shelf Bookcases,Furniture,Bookcases,2970.059,-78.637,28,10,0.11000000000000001,-0.026476578411405292,0.12766022536957647,-0.0269031327308895
FUR-CH-10004853,"Global Manager's Adjustable Task Chair, Storm",Furniture,Chairs,2959.208,493.7045999999998,23,6,0.11666666666666665,0.16683673469387747,0.127193823488171,0.1689052276110572
TEC-PH-10001944,Wi-Ex zBoost YX540 Cellular Phone Signal Booster,Technology,Phones,2957.71,689.1815999999998,29,8,0.07500000000000001,0.23301189095617886,0.12712943587243553,0.23578142681545317
OFF-BI-10004519,GBC DocuBind P100 Manual Binding Machine,Office Supplies,Binders,2954.444,489.641,27,8,0.25,0.1657303370786517,0.1269890553964729,0.16751499692874178
FUR-BO-10000780,O'Sullivan Plantations 2-Door Library in Landvery Oak,Furniture,Bookcases,2946.3668,-767.7436,22,5,0.332,-0.2605729877216917,0.12664187806014554,-0.26265890069675774
OFF-AP-10002534,3.6 Cubic Foot Counter Height Office Refrigerator,Office Supplies,Appliances,2946.2,-872.0751999999999,18,5,0.52,-0.296,0.1266347085979929,-0.29835261844827504
TEC-PH-10002200,Aastra 6757i CT Wireless VoIP phone,Technology,Phones,2929.984,482.5856,16,6,0.16666666666666666,0.16470588235294117,0.12593770621029854,0.1651012176305804
FUR-CH-10000863,Novimex Swivel Fabric Task Chair,Furniture,Chairs,2913.9139999999998,-445.391,25,8,0.2,-0.1528497409326425,0.12524697925110712,-0.15237627567358378
TEC-PH-10002922,ShoreTel ShorePhone IP 230 VoIP phone,Technology,Phones,2906.628,422.475,21,4,0.15000000000000002,0.14534883720930233,0.12493380957937915,0.1445362997123815
FUR-BO-10004357,O'Sullivan Living Dimensions 3-Shelf Bookcases,Furniture,Bookcases,2904.161,-170.83300000000008,17,4,0.2,-0.05882352941176473,0.1248277720306346,-0.05844504334875503
OFF-AP-10002518,Kensington 7 Outlet MasterPiece Power Center,Office Supplies,Appliances,2883.276,229.5941999999999,21,5,0.2,0.07962962962962959,0.12393008487800777,0.07854830724522029
TEC-AC-10002001,Logitech Wireless Gaming Headset G930,Technology,Accessories,2879.82,763.1523,21,6,0.13333333333333333,0.26499999999999996,0.12378153774851397,0.2610881343487621
TEC-PH-10001760,Bose SoundLink Bluetooth Speaker,Technology,Phones,2865.6000000000004,967.14,18,5,0.2,0.33749999999999997,0.12317032820528424,0.3308759971686671
FUR-FU-10003664,"Electrix Architect's Clamp-On Swing Arm Lamp, Black",Furniture,Furnishings,2863.8,627.1722,33,4,0.12,0.21899999999999997,0.12309295990867287,0.21456689524936068
FUR-TA-10003008,"Lesro Round Back Collection Coffee Table, End Table",Furniture,Tables,2847.7799999999997,-328.59,20,8,0.2875,-0.11538461538461539,0.12240438206883177,-0.11241655180186147
TEC-MA-10001148,Okidata MB491 Multifunction Printer,Technology,Machines,2844.2999999999997,-434.13,9,2,0.44999999999999996,-0.15263157894736842,0.1222548033620498,-0.14852368493789259
OFF-SU-10000646,Premier Automatic Letter Opener,Office Supplies,Supplies,2836.366,-427.8586,14,5,0.12000000000000002,-0.15084745762711865,0.12191378110354173,-0.1463781261473932
TEC-AC-10001908,Logitech Wireless Headset h800,Technology,Accessories,2799.72,719.928,32,6,0.06666666666666667,0.2571428571428572,0.12033864854930847,0.24630032352052872
FUR-CH-10000225,"Global Geo Office Task Chair, Gray",Furniture,Chairs,2793.808,-360.36500000000035,41,9,0.17777777777777778,-0.12898703132069217,0.12008453667732716,-0.12328735107604569
OFF-PA-10000994,Xerox 1915,Office Supplies,Paper,2789.0099999999998,1262.394,28,9,0.044444444444444446,0.45263157894736844,0.11987830718447087,0.43188770350698175
FUR-TA-10001039,KI Adjustable-Height Table,Furniture,Tables,2764.257,-226.1274,47,11,0.22272727272727275,-0.0818040435458787,0.11881436415890367,-0.07736225258200265
FUR-FU-10004306,Electrix Halogen Magnifier Lamp,Furniture,Furnishings,2759.06,314.76599999999996,17,6,0.2333333333333333,0.11408450704225351,0.11859098469363188,0.10768711264635177
TEC-AC-10004666,Maxell iVDR EX 500GB Cartridge,Technology,Accessories,2755.4,1184.8220000000001,10,2,0.0,0.43000000000000005,0.1184336691571888,0.4053489264401995
TEC-PH-10000441,VTech DS6151,Technology,Phones,2746.582,478.7620000000001,25,8,0.125,0.17431192660550462,0.11805465046856713,0.16379309526693697
TEC-PH-10002555,Nortel Meridian M5316 Digital phone,Technology,Phones,2744.87,253.77100000000002,13,4,0.2,0.09245283018867925,0.11798106462201233,0.08681962557384641
FUR-BO-10001972,O'Sullivan 4-Shelf Bookcase in Odessa Pine,Furniture,Bookcases,2740.197,-975.0988,37,7,0.4214285714285714,-0.355849889624724,0.11778020792753184,-0.3335988458630298
OFF-ST-10001128,"Carina Mini System Audio Rack, Model AR050B",Office Supplies,Storage,2730.108,-68.80759999999985,26,6,0.06666666666666667,-0.02520325203252027,0.11734655862502517,-0.02354031811607702
OFF-AP-10002118,"1.7 Cubic Foot Compact ""Cube"" Office Refrigerators",Office Supplies,Appliances,2706.08,578.6848,14,6,0.06666666666666667,0.21384615384615385,0.11631377783003755,0.19797848320444886
FUR-CH-10002084,Hon Mobius Operator's Chair,Furniture,Chairs,2705.7799999999997,499.3394,23,5,0.04,0.18454545454545457,0.11630088311393562,0.17083299408627906
FUR-FU-10002937,"GE 48"" Fluorescent Tube, Cool White Energy Saver, 34 Watts, 30/Box",Furniture,Furnishings,2699.056,1260.221,29,8,0.07500000000000001,0.46691176470588236,0.11601186954370521,0.4311442811050053
FUR-TA-10002041,"Bevis Round Conference Table Top, X-Base",Furniture,Tables,2671.421,-519.941,20,6,0.26666666666666666,-0.1946308724832215,0.1148240512787858,-0.1778811721610873
FUR-CH-10001270,Harbour Creations Steel Folding Chair,Furniture,Chairs,2670.465,446.0976,40,10,0.13,0.16704866006482016,0.11478296011680778,0.15261801624847404
TEC-AC-10002253,Imation Bio 8GB USB Flash Drive Imation Corp,Technology,Accessories,2659.84,398.976,16,4,0.0,0.15,0.11432627225486573,0.13649686896040503
FUR-CH-10000422,Global Highback Leather Tilter in Burgundy,Furniture,Chairs,2647.809,49.13459999999999,34,9,0.14444444444444446,0.01855670103092783,0.11380915115679281,0.016809830810930772
TEC-PH-10004667,Cisco 8x8 Inc. 6753i IP Business Phone System,Technology,Phones,2645.804,83.69379999999998,26,6,0.16666666666666666,0.03163265306122448,0.11372297147084515,0.02863315500530945
OFF-SU-10003505,Premier Electric Letter Opener,Office Supplies,Supplies,2641.6079999999997,-7.105427357601002e-15,24,8,0.07500000000000001,-2.6898114169857914e-18,0.11354261737496665,-2.430894557412328e-18
TEC-PH-10000526,Vtech CS6719,Technology,Phones,2630.1259999999997,418.5164,32,7,0.17142857142857146,0.1591240875912409,0.1130490936073602,0.143181991419485
TEC-AC-10003911,NETGEAR AC1750 Dual Band Gigabit Smart WiFi Router,Technology,Accessories,2623.8360000000002,723.1547999999999,18,5,0.04,0.27560975609756094,0.11277873439309051,0.24740426986507433
TEC-AC-10004171,Razer Kraken 7.1 Surround Sound Over Ear USB Gaming Headset,Technology,Accessories,2619.738,995.9004,29,6,0.06666666666666667,0.3801526717557252,0.11260259257113864,0.3407154475367314
OFF-ST-10000060,Fellowes Bankers Box Staxonsteel Drawer File/Stacking System,Office Supplies,Storage,2612.196,153.3528,43,8,0.07500000000000001,0.05870646766169155,0.11227841940833704,0.0524647523818756
TEC-PH-10001128,Motorola Droid Maxx,Technology,Phones,2609.826,341.9772,21,4,0.15000000000000002,0.13103448275862067,0.11217655115113209,0.11699655381738808
FUR-CH-10002126,Hon Deluxe Fabric Upholstered Stacking Chairs,Furniture,Chairs,2586.1879999999996,-48.7959999999997,15,4,0.275,-0.018867924528301775,0.1111605334870769,-0.0166939896580042
OFF-ST-10004186,"Stur-D-Stor Shelving, Vertical 5-Shelf: 72""H x 36""W x 18 1/2""D",Office Supplies,Storage,2552.54,51.050799999999995,23,5,0.0,0.019999999999999997,0.10971426212908857,0.017465397311928147
FUR-TA-10002356,Bevis Boat-Shaped Conference Table,Furniture,Tables,2542.467,-445.587,15,6,0.31666666666666665,-0.17525773195876287,0.10928130054477402,-0.15244333080049927
TEC-MA-10002428,Fellowes Powershred HS-440 4-Sheet High Security Shredder,Technology,Machines,2541.8360000000002,1092.6795000000002,17,3,0.06666666666666667,0.42987804878048785,0.10925417865857304,0.37382531913503797
TEC-MA-10003353,Xerox WorkCentre 6505DN Laser Multifunction Printer,Technology,Machines,2519.958,-251.9958,7,1,0.4,-0.09999999999999999,0.10831380999564895,-0.08621229771006886
OFF-ST-10004123,Safco Industrial Wire Shelving System,Office Supplies,Storage,2511.0480000000002,-218.352,30,8,0.1,-0.08695652173913043,0.10793083692742272,-0.07470214832782512
TEC-PH-10002310,Plantronics Calisto P620-M USB Wireless Speakerphone System,Technology,Phones,2508.672,505.6542,14,4,0.1,0.2015625,0.10782871077589574,0.17299340079773828
OFF-AP-10000891,Kensington 7 Outlet MasterPiece HOMEOFFICE Power Control Center,Office Supplies,Appliances,2491.2799999999997,563.816,21,5,0.2,0.22631578947368425,0.10708116110108197,0.19289159916832022
OFF-AP-10004487,Kensington 4 Outlet MasterPiece Compact Power Control Center,Office Supplies,Appliances,2488.392,380.5775999999999,36,7,0.17142857142857143,0.15294117647058822,0.10695702796740775,0.13020244525100616
FUR-BO-10002916,"Rush Hierlooms Collection 1"" Thick Stackable Bookcases",Furniture,Bookcases,2487.759,410.352,15,4,0.0375,0.16494845360824742,0.10692982011643276,0.14038880326545988
OFF-ST-10001370,Sensible Storage WireTech Storage Systems,Office Supplies,Storage,2484.2999999999997,-78.07800000000022,38,8,0.07500000000000001,-0.03142857142857152,0.10678114403977791,-0.02671188877198261
TEC-AC-10003198,Enermax Acrylux Wireless Keyboard,Technology,Accessories,2450.16,630.468,29,6,0.10000000000000002,0.2573170731707317,0.10531372534738247,0.2156944477355245
FUR-FU-10001979,Dana Halogen Swing-Arm Architect Lamp,Furniture,Furnishings,2425.424,655.5116,60,10,0.04,0.27026680695828853,0.10425051302239435,0.22426231394175447
TEC-MA-10000112,Panasonic KX MB2061 Multifunction Printer,Technology,Machines,2396.4,179.73,10,1,0.2,0.075,0.1030029922219232,0.06148886714552654
FUR-CH-10004289,Global Super Steno Chair,Furniture,Chairs,2389.902,-1.2434497875801753e-13,30,7,0.14285714285714285,-5.202932118472537e-17,0.1027236926711562,-4.2540654754715734e-17
TEC-AC-10000844,Logitech Gaming G510s - Keyboard,Technology,Accessories,2362.7219999999998,676.5204,31,8,0.07500000000000001,0.2863309352517986,0.10155543139232466,0.2314498024639096
TEC-MA-10001148,Swingline SM12-08 MicroCut Jam Free Shredder,Technology,Machines,2359.941,-447.9888,13,3,0.5333333333333333,-0.1898305084745763,0.10143589737406011,-0.15326502979960974
TEC-MA-10002073,"3D Systems Cube Printer, 2nd Generation, White",Technology,Machines,2339.982,-467.9964,3,2,0.35,-0.2,0.10057801191180116,-0.16010998978570465
TEC-AC-10004571,Logitech G700s Rechargeable Gaming Mouse,Technology,Accessories,2339.766,889.9110000000001,25,9,0.08888888888888889,0.3803418803418804,0.10056872771620778,0.3044545665739869
TEC-MA-10004679,StarTech.com 10/100 VDSL2 Ethernet Extender Kit,Technology,Machines,2330.65,-785.7620000000001,13,4,0.425,-0.33714285714285713,0.10017690027625827,-0.2688233195682592
OFF-ST-10004340,"Fellowes Mobile File Cart, Black",Office Supplies,Storage,2300.66,485.004,40,10,0.06000000000000001,0.21081081081081082,0.09888785848993902,0.16592859578839902
OFF-ST-10001522,"Gould Plastics 18-Pocket Panel Bin, 34w x 5-1/4d x 20-1/2h",Office Supplies,Storage,2299.75,-172.9412,28,10,0.12000000000000002,-0.0752,0.09884874451776328,-0.05916629650469
FUR-TA-10001520,"Lesro Sheffield Collection Coffee Table, End Table, Center Table, Corner Table",Furniture,Tables,2298.114,-12.13290000000027,39,9,0.17777777777777778,-0.0052795031055901795,0.09877842533262095,-0.004150883415066909
FUR-TA-10002855,Bevis Round Conference Table Top & Single Column Base,Furniture,Tables,2297.5380000000005,100.97459999999998,19,5,0.22000000000000003,0.043949044585987244,0.09875366747770532,0.03454522764409215
TEC-PH-10002114,Xiaomi Mi3,Technology,Phones,2279.96,592.7896,4,1,0.0,0.25999999999999995,0.09799812307890839,0.20280398909280484
FUR-FU-10001488,"Tenex 46"" x 60"" Computer Anti-Static Chairmat, Rectangular Shaped",Furniture,Furnishings,2267.972,148.372,25,7,0.14285714285714285,0.06542056074766354,0.09748285022347673,0.050760731075035134
TEC-PH-10003580,Cisco IP Phone 7961G-GE VoIP phone,Technology,Phones,2252.432,-119.119,15,4,0.35000000000000003,-0.05288461538461539,0.09681490392939865,-0.04075275338289643
TEC-AC-10003174,Plantronics S12 Corded Telephone Headset System,Technology,Accessories,2242.032,754.5300000000001,23,6,0.10000000000000002,0.33653846153846156,0.09636788710453302,0.2581382903650706
FUR-TA-10002533,BPI Conference Tables,Furniture,Tables,2241.8675,-795.9725,26,5,0.37,-0.3550488599348534,0.09636081650187048,-0.2723165153507629
TEC-PH-10000486,Plantronics HL10 Handset Lifter,Technology,Phones,2227.008,250.5383999999999,24,3,0.20000000000000004,0.11249999999999998,0.0957221197221502,0.08571369494493283
TEC-PH-10002033,Konftel 250 Conference phone - Charcoal black,Technology,Phones,2221.596,324.69480000000004,9,4,0.1,0.14615384615384616,0.09548949904367204,0.11108393378981424
OFF-AP-10000938,Avanti 1.7 Cu. Ft. Refrigerator,Office Supplies,Appliances,2221.56,476.6256,24,4,0.1,0.21454545454545457,0.09548795167773981,0.16306219438355796
FUR-CH-10000749,Office Star - Ergonomic Mid Back Chair with 2-Way Adjustable Arms,Furniture,Chairs,2207.956,231.6544000000001,13,2,0.1,0.10491803278688529,0.09490321928490598,0.07925313873742094
FUR-CH-10003817,"Global Value Steno Chair, Gray",Furniture,Chairs,2204.862,245.99699999999999,43,10,0.16,0.11157024793388429,0.09477023177950844,0.08416000028486113
FUR-CH-10001482,Office Star - Mesh Screen back chair with Vinyl seat,Furniture,Chairs,2200.464,-130.98000000000002,20,7,0.14285714285714285,-0.059523809523809534,0.0945811952414547,-0.044810614915267714
FUR-FU-10004665,"3M Polarizing Task Lamp with Clamp Arm, Light Gray",Furniture,Furnishings,2191.68,569.8368,16,4,0.0,0.26000000000000006,0.09420363795399124,0.19495142318940623
FUR-CH-10004477,"Global Push Button Manager's Chair, Indigo",Furniture,Chairs,2185.951,283.74739999999997,44,9,0.2,0.1298050139275766,0.0939573918588321,0.09707509142318241
TEC-PH-10003811,Jabra Supreme Plus Driver Edition Headset,Technology,Phones,2159.82,259.1784,22,5,0.16,0.12,0.0928342191039702,0.08866959441712645
TEC-AC-10002402,Razer Kraken PRO Over Ear PC and Music Headset,Technology,Accessories,2159.73,479.94000000000005,30,8,0.1,0.22222222222222224,0.09283035068913963,0.1641961102644189
TEC-AC-10003095,Logitech G35 7.1-Channel Surround Sound Headset,Technology,Accessories,2157.8340000000003,699.3462,17,6,0.03333333333333333,0.32409638554216863,0.09274885608337569,0.23925891938201094
TEC-PH-10002680,Samsung Galaxy Note 3,Technology,Phones,2155.902,153.9929999999999,13,3,0.20000000000000004,0.07142857142857138,0.09266581411167947,0.05268377632193324
FUR-BO-10000362,Sauder Inglewood Library Bookcases,Furniture,Bookcases,2154.348,311.1836,14,5,0.13,0.14444444444444446,0.09259901948227166,0.10646150914297375
FUR-TA-10002607,KI Conference Tables,Furniture,Tables,2140.878,-479.2164,44,8,0.325,-0.223841059602649,0.09202004672929666,-0.16394855368362268
TEC-PH-10002275,Mitel 5320 IP Phone VoIP phone,Technology,Phones,2116.688,211.66879999999998,14,4,0.2,0.09999999999999998,0.090980302787614,0.07241570534720428
TEC-AC-10000990,Imation Bio 2GB USB Flash Drive Imation Corp,Technology,Accessories,2098.88,881.5296,16,3,0.0,0.42,0.09021487243980561,0.3015871388151624
FUR-TA-10002774,Laminate Occasional Tables,Furniture,Tables,2096.168,-206.5342000000001,18,3,0.2333333333333333,-0.09852941176470593,0.09009830420624451,-0.07065906629281486
FUR-FU-10002298,"Rubbermaid ClusterMat Chairmats, Mat Size- 66"" x 60"", Lip 20"" x 11"" -90 Degree Angle",Furniture,Furnishings,2064.228,-173.12879999999998,24,5,0.2,-0.08387096774193548,0.08872544676526294,-0.059230477840451976
TEC-PH-10004345,Cisco SPA 502G IP Phone,Technology,Phones,2063.14,299.875,21,5,0.16,0.14534883720930233,0.08867868192820007,0.10259263359074595
FUR-FU-10003806,"Tenex Chairmat w/ Average Lip, 45"" x 53""",Furniture,Furnishings,2058.496,-529.76,19,4,0.3,-0.25735294117647056,0.08847907172294277,-0.18124042874875723
FUR-TA-10004086,KI Adjustable-Height Table,Furniture,Tables,2056.694,10.68719999999999,32,9,0.2222222222222222,0.0051963004705610025,0.08840161746155739,0.0036562834304660913
TEC-PH-10000369,HTC One Mini,Technology,Phones,2041.038,317.4948000000001,19,4,0.15000000000000002,0.1555555555555556,0.08772868521058658,0.10862068422965296
FUR-TA-10004607,Hon 2111 Invitation Series Straight Table,Furniture,Tables,2040.054,-115.3074,18,7,0.2714285714285714,-0.05652173913043478,0.08768639054177238,-0.03944873643518659
FUR-TA-10002228,"Bevis Traditional Conference Table Top, Plinth Base",Furniture,Tables,2033.496,-456.7032,9,3,0.3333333333333333,-0.2245901639344262,0.087404512047785,-0.15624638285059161
FUR-CH-10000229,Global Enterprise Series Seating High-Back Swivel/Tilt Chairs,Furniture,Chairs,2032.35,-460.6660000000002,10,4,0.25,-0.2266666666666668,0.08735525423227575,-0.15760212803906495
OFF-BI-10001071,GBC ProClick Punch Binding System,Office Supplies,Binders,2031.248,785.6256,39,9,0.18888888888888888,0.3867699069734468,0.08730788764179481,0.2687766546738139
TEC-PH-10000038,Jawbone MINI JAMBOX Wireless Bluetooth Speaker,Technology,Phones,2027.304,-339.7104,18,5,0.16,-0.16756756756756755,0.08713836510744193,-0.11622104074753062
TEC-PH-10001835,Jawbone JAMBOX Wireless Bluetooth Speaker,Technology,Phones,2022.272,872.1048000000001,14,3,0.06666666666666667,0.43125,0.08692207773602616,0.2983627451409113
TEC-PH-10002824,Jabra SPEAK 410 Multidevice Speakerphone,Technology,Phones,2018.702,10.299500000000009,13,3,0.26666666666666666,0.005102040816326535,0.08676863061441363,0.003523644284011301
TEC-PH-10003484,Ooma Telo VoIP Home Phone System,Technology,Phones,2015.8400000000001,314.975,18,5,0.12000000000000002,0.15625,0.08664561502280158,0.10775861530719535
TEC-AC-10002567,Logitech G602 Wireless Gaming Mouse,Technology,Accessories,1999.75,515.1356000000001,29,9,0.1111111111111111,0.25760000000000005,0.08595402841587002,0.1762371583504763
TEC-PH-10002563,Adtran 1202752G1,Technology,Phones,1990.6419999999998,312.4552,18,5,0.16,0.1569620253164557,0.08556254483501655,0.10689654638473779
TEC-PH-10003601,"Ativa D5772 2-Line 5.8GHz Digital Expandable Corded/Cordless Phone System with Answering & Caller ID/Call Waiting, Black/Silver",Technology,Phones,1979.88,593.964,12,4,0.0,0.3,0.08509996838605464,0.20320577246550675
FUR-CH-10001146,"Global Value Mid-Back Manager's Chair, Gray",Furniture,Chairs,1978.9250000000002,197.89249999999998,39,10,0.16,0.09999999999999998,0.0850589202064636,0.06770258522003064
OFF-ST-10001511,Space Solutions Commercial Steel Shelving,Office Supplies,Storage,1952.43,-74.34750000000005,33,7,0.028571428571428574,-0.038079470198675525,0.0839201018627314,-0.025435617593623977
FUR-CH-10004626,Office Star Flex Back Scooter Chair with Aluminum Finish Frame,Furniture,Chairs,1947.1770000000001,413.649,20,6,0.05000000000000001,0.21243523316062174,0.08369431538378724,0.14151676629321708
OFF-AP-10001394,Harmony Air Purifier,Office Supplies,Appliances,1946.7,374.22,13,5,0.22000000000000003,0.19223300970873788,0.08367381278518524,0.12802739588938375
TEC-PH-10000576,AT&T 1080 Corded phone,Technology,Phones,1945.258,145.2094,18,7,0.2,0.07464788732394366,0.08361183218312214,0.049678748705734264
TEC-PH-10002447,AT&T CL83451 4-Handset Telephone,Technology,Phones,1936.306,473.777,10,4,0.1,0.24468085106382978,0.08322705385464164,0.16208763706451967
TEC-AC-10004659,Imation Secure+ Hardware Encrypted USB 2.0 Flash Drive; 16GB,Technology,Accessories,1926.9360000000001,408.744,32,5,0.16666666666666666,0.21212121212121213,0.08282430888839251,0.1398386775303572
TEC-PH-10001580,Logitech Mobile Speakerphone P710e - speaker phone,Technology,Phones,1916.716,241.6142,17,5,0.16,0.12605633802816904,0.08238502889318801,0.08266056553871184
TEC-AC-10004975,Plantronics Audio 995 Wireless Stereo Headset,Technology,Accessories,1913.1299999999999,587.1329999999999,18,4,0.05,0.30689655172413793,0.08223089405338338,0.20086876444530363
FUR-BO-10003034,"O'Sullivan Elevations Bookcase, Cherry Finish",Furniture,Bookcases,1912.308,-68.10959999999997,18,5,0.2,-0.03561643835616437,0.08219556253126419,-0.0233015197559392
FUR-BO-10003159,"Sauder Camden County Collection Libraries, Planked Cherry Finish",Furniture,Bookcases,1909.8178,-78.18639999999999,19,7,0.1457142857142857,-0.04093919325707405,0.08208852779114108,-0.026748974362582736
TEC-PH-10001079,Polycom SoundPoint Pro SE-225 Corded phone,Technology,Phones,1903.8400000000001,276.0568,19,4,0.15000000000000002,0.145,0.08183158767809477,0.09444399877493569
FUR-BO-10004467,Bestar Classic Bookcase,Furniture,Bookcases,1897.8102,-612.9386999999999,31,8,0.315,-0.32297154899894626,0.08157241248092409,-0.20969735877511678
FUR-CH-10003833,Novimex Fabric Task Chair,Furniture,Chairs,1890.3799999999999,-131.107,39,9,0.1888888888888889,-0.06935483870967743,0.08125304474898981,-0.044854063900565004
TEC-AC-10000892,NETGEAR N750 Dual Band Wi-Fi Gigabit Router,Technology,Accessories,1890.0,622.8,22,7,0.05714285714285715,0.3295238095238095,0.08123671144192741,0.21307108695395272
OFF-PA-10004359,Multicolor Computer Printout Paper,Office Supplies,Paper,1887.3,851.3820000000001,19,5,0.04,0.45111111111111113,0.08112065899701038,0.29127310236517373
TEC-PH-10002660,Nortel Networks T7316 E Nt8 B27,Technology,Phones,1876.524,397.7415,29,6,0.06666666666666667,0.21195652173913043,0.08065748079463037,0.13607452429623568
FUR-BO-10002213,"Sauder Forest Hills Library, Woodland Oak Finish",Furniture,Bookcases,1875.034,-70.49,15,4,0.125,-0.03759398496240601,0.08059343703799098,-0.024115897429968093
OFF-ST-10000036,"Recycled Data-Pak for Archival Bound Computer Printouts, 12-1/2 x 12-1/2 x 16",Office Supplies,Storage,1857.252,414.918,20,6,0.06666666666666667,0.22340425531914895,0.07982912423224475,0.1419509140281955
FUR-CH-10003199,Office Star - Contemporary Task Swivel Chair,Furniture,Chairs,1842.268,155.372,20,6,0.18333333333333335,0.08433734939759037,0.07918507614534219,0.053155557036303064
FUR-CH-10004698,"Padded Folding Chairs, Black, 4/Carton",Furniture,Chairs,1830.1480000000001,80.98000000000013,30,8,0.225,0.04424778761061954,0.0786641296148257,0.02770471519192537
FUR-BO-10003441,"Bush Westfield Collection Bookcases, Fully Assembled",Furniture,Bookcases,1809.9182,111.80139999999996,26,8,0.19625,0.061771520944979695,0.07779460452216544,0.03824927074658581
TEC-PH-10001619,LG G3,Technology,Phones,1803.1080000000002,411.579,10,4,0.1,0.22826086956521738,0.07750188587017506,0.1408085820446707
TEC-AC-10001606,Logitech Wireless Performance Mouse MX for PC and Mac,Technology,Accessories,1799.8200000000002,497.9502,21,7,0.1142857142857143,0.2766666666666666,0.07736055978169831,0.1703577237683657
OFF-PA-10000418,Xerox 189,Office Supplies,Paper,1782.4499999999998,746.532,19,6,0.06666666666666667,0.41882352941176476,0.07661395571939868,0.25540203064532474
OFF-AP-10001205,Belkin 5 Outlet SurgeMaster Power Centers,Office Supplies,Appliances,1776.048,207.02400000000003,40,10,0.14,0.11656441717791413,0.07633878247778428,0.07082663568650469
FUR-CH-10001973,Office Star Flex Back Scooter Chair with White Frame,Furniture,Chairs,1775.68,-228.61880000000002,21,7,0.21428571428571427,-0.12875,0.07632296495936597,-0.07821460535341737
FUR-CH-10004886,Bevis Steel Folding Chairs,Furniture,Chairs,1775.075,117.059,24,6,0.21666666666666667,0.06594594594594594,0.07629696061522714,0.04004799031429472
TEC-PH-10003963,GE 2-Jack Phone Line Splitter,Technology,Phones,1771.5140000000001,94.75540000000001,11,3,0.20000000000000004,0.053488372093023255,0.07614390033509767,0.03241752741290394
FUR-CH-10003396,Global Deluxe Steno Chair,Furniture,Chairs,1770.54,-216.31380000000001,29,10,0.21000000000000002,-0.12217391304347827,0.07610203549015351,-0.0740048434315028
OFF-ST-10001963,Tennsco Regal Shelving Units,Office Supplies,Storage,1764.534,-6.084600000000009,18,4,0.05,-0.0034482758620689702,0.07584388327379363,-0.0020816511491329845
OFF-AP-10001005,Honeywell Quietcare HEPA Air Cleaner,Office Supplies,Appliances,1761.76,549.7635,23,6,0.05000000000000001,0.31205357142857143,0.07572465013223811,0.18808398605107482
FUR-CH-10004860,Global Low Back Tilter Chair,Furniture,Chairs,1746.9540000000002,-246.3912000000001,21,8,0.1875,-0.1410404624277457,0.0750882529102227,-0.08429486319828
FUR-CH-10001190,Global Deluxe High-Back Office Chair in Storm,Furniture,Chairs,1744.472,-206.9692,16,5,0.18,-0.11864289022695693,0.07498157062567301,-0.07080788762040789
OFF-PA-10003395,Xerox 1941,Office Supplies,Paper,1740.51,704.592,19,5,0.16,0.40481927710843374,0.07481127440835401,0.24105360195738512
TEC-PH-10003273,AT&T TR1909W,Technology,Phones,1738.662,340.173,15,4,0.1,0.1956521739130435,0.07473184295716635,0.11637930453177099
TEC-PH-10001254,Jabra BIZ 2300 Duo QD Duo Corded Headset,Technology,Phones,1727.064,129.5298,17,4,0.2,0.075,0.07423333323266716,0.04431447539969188
TEC-AC-10001142,First Data FD10 PIN Pad,Technology,Accessories,1722.2,15.799999999999905,24,5,0.08,0.00917431192660545,0.07402426690226846,0.005405464312576161
TEC-MA-10003176,Okidata B400 Printer,Technology,Machines,1716.0,193.0499999999999,5,4,0.2,0.11249999999999995,0.07375777610282934,0.06604587883182492
OFF-PA-10001970,Xerox 1908,Office Supplies,Paper,1712.9879999999998,799.3944,32,7,0.028571428571428574,0.46666666666666673,0.07362831315316631,0.27348720891602907
OFF-ST-10002292,"Sauder Facets Collection Locker/File Cabinet, Sky Alder Finish",Office Supplies,Storage,1706.508,222.588,5,2,0.1,0.13043478260869565,0.07334978728536543,0.0761513601523867
FUR-TA-10004289,BoxOffice By Design Rectangular and Half-Moon Meeting Room Tables,Furniture,Tables,1706.25,-1148.4375,15,3,0.48333333333333334,-0.6730769230769231,0.07333869782951781,-0.3929011342705204
TEC-AC-10001990,Kensington Orbit Wireless Mobile Trackball for PC and Mac,Technology,Accessories,1703.716,357.5404,33,5,0.16,0.20985915492957746,0.0732297804608438,0.1223210045888745
OFF-PA-10000100,Xerox 1945,Office Supplies,Paper,1696.986,756.2655,45,8,0.05,0.44565217391304346,0.07294050899629134,0.25873203614446777
TEC-AC-10000474,Kensington Expert Mouse Optical USB Trackball for PC or Mac,Technology,Accessories,1690.8220000000001,360.96199999999993,20,6,0.10000000000000002,0.21348314606741567,0.07267556556278446,0.12349159551874225
FUR-CH-10001714,"Global Leather & Oak Executive Chair, Burgundy",Furniture,Chairs,1689.968,-114.6764,13,5,0.18,-0.06785714285714285,0.07263885860428106,-0.03923285998067801
FUR-CH-10001545,Hon Comfortask Task/Swivel Chairs,Furniture,Chairs,1686.904,-36.4736,18,6,0.15,-0.02162162162162162,0.07250716057049371,-0.012478274882986013
FUR-FU-10000277,Deflect-o DuraMat Antistatic Studded Beveled Mat for Medium Pile Carpeting,Furniture,Furnishings,1685.44,244.3888,18,5,0.15999999999999998,0.145,0.07244423435591647,0.08360980612615955
TEC-PH-10004042,ClearOne Communications CHAT 70 OC Speaker Phone,Technology,Phones,1685.294,273.4628,12,4,0.1,0.16226415094339622,0.07243795892741356,0.09355654469728869
TEC-PH-10001299,Polycom CX300 Desktop Phone USB VoIP phone,Technology,Phones,1679.8880000000001,59.995999999999995,15,5,0.2,0.035714285714285705,0.07220559614325744,0.020525711196032994
OFF-AP-10002457,"Eureka The Boss Plus 12-Amp Hard Box Upright Vacuum, Red",Office Supplies,Appliances,1674.4,146.51000000000002,20,6,0.21666666666666667,0.08750000000000001,0.07196970880336681,0.05012370736933786
TEC-PH-10004908,Panasonic KX TS3282W Corded phone,Technology,Phones,1665.804,178.47899999999998,25,7,0.2285714285714286,0.10714285714285712,0.07160023220466057,0.0610608775344485
FUR-BO-10003965,O'Sullivan Manor Hill 2-Door Library in Brianna Oak,Furniture,Bookcases,1646.9180000000001,-285.9484,12,4,0.2475,-0.17362637362637362,0.07078846684365939,-0.09782809312900394
TEC-AC-10001432,Enermax Aurora Lite Keyboard,Technology,Accessories,1641.15,722.106,21,5,0.0,0.43999999999999995,0.07054054443540698,0.2470454565124775
FUR-FU-10004864,"Howard Miller 14-1/2"" Diameter Chrome Round Wall Clock",Furniture,Furnishings,1636.864,375.9672,29,7,0.1142857142857143,0.2296875,0.07035632192469793,0.12862514444931622
OFF-ST-10002344,"Carina 42""Hx23 3/4""W Media Storage Unit",Office Supplies,Storage,1635.796,-110.13279999999992,22,8,0.1,-0.06732673267326728,0.07031041673537518,-0.037678412661018415
TEC-PH-10002483,Motorola Moto X,Technology,Phones,1631.952,142.79579999999999,6,2,0.2,0.0875,0.07014519243972293,0.04885301271428909
FUR-FU-10003601,"Deflect-o RollaMat Studded, Beveled Mat for Medium Pile Carpeting",Furniture,Furnishings,1623.248,-343.0956,26,6,0.26666666666666666,-0.21136363636363636,0.06977107374322,-0.11737917858239978
TEC-MA-10003356,Panasonic KX MC6040 Color Laser Multifunction Printer,Technology,Machines,1619.82,-22.497500000000002,5,2,0.35,-0.013888888888888892,0.06962373012056236,-0.007696799580517906
TEC-AC-10002800,Plantronics Audio 478 Stereo USB Headset,Technology,Accessories,1619.676,514.8969999999999,34,9,0.06666666666666668,0.3179012345679012,0.06961754065683345,0.17615552899699646
OFF-AR-10000380,"Hunt PowerHouse Electric Pencil Sharpener, Blue",Office Supplies,Art,1617.9479999999999,448.164,44,10,0.06000000000000001,0.27699530516431925,0.06954326709208655,0.15332496887224034
TEC-AC-10000736,Logitech G600 MMO Gaming Mouse,Technology,Accessories,1615.798,540.7324,21,8,0.025,0.3346534653465346,0.06945085496002298,0.18499428423124525
TEC-PH-10004614,AT&T 841000 Phone,Technology,Phones,1614.6,165.6,28,7,0.17142857142857146,0.10256410256410256,0.06939936206038942,0.056654739883709976
FUR-CH-10002439,"Iceberg Nesting Folding Chair, 19w x 6d x 43h",Furniture,Chairs,1589.406,253.8392,31,6,0.11666666666666668,0.15970695970695972,0.06831646380215242,0.08684295802106905
TEC-PH-10004120,AT&T 1080 Phone,Technology,Phones,1589.084,271.2402,13,3,0.13333333333333333,0.1706896551724138,0.0683026234735364,0.09279615324278667
TEC-PH-10001425,Mophie Juice Pack Helium for iPhone,Technology,Phones,1583.8020000000001,201.57479999999998,24,6,0.16666666666666666,0.12727272727272726,0.06807559050536906,0.06896236631105591
FUR-FU-10000308,Deflect-o Glass Clear Studded Chair Mats,Furniture,Furnishings,1579.3719999999998,318.3616,26,7,0.028571428571428574,0.20157480314960632,0.0678851785309311,0.10891723210725679
TEC-AC-10004469,Microsoft Sculpt Comfort Mouse,Technology,Accessories,1574.03,634.406,42,10,0.06000000000000001,0.40304568527918777,0.06765556661954339,0.21704170839773493
FUR-BO-10001608,"Hon Metal Bookcases, Black",Furniture,Bookcases,1570.0776,-26.972400000000007,30,5,0.244,-0.017179023508137437,0.06748568303313965,-0.009227743393957606
OFF-PA-10000675,Xerox 1919,Office Supplies,Paper,1565.818,729.622,40,9,0.044444444444444446,0.46596858638743455,0.06730259525744756,0.24961681535889033
OFF-EN-10000056,Cameo Buff Policy Envelopes,Office Supplies,Envelopes,1555.75,632.2568,28,8,0.1,0.4064,0.06686984858506803,0.21630642840402683
FUR-FU-10003192,Luxo Adjustable Task Clamp Lamp,Furniture,Furnishings,1545.816,362.46720000000005,18,4,0.05,0.23448275862068968,0.06644286155254733,0.1240065515240138
TEC-PH-10004536,Avaya 5420 Digital phone,Technology,Phones,1538.886,323.976,12,3,0.06666666666666667,0.2105263157894737,0.0661449936105936,0.11083801937539145
OFF-AP-10003217,Eureka Sanitaire  Commercial Upright,Office Supplies,Appliances,1524.5320000000002,53.02719999999999,12,3,0.3333333333333333,0.03478260869565217,0.06552802442750502,0.018141559316192424
FUR-CH-10004875,Harbour Creations 67200 Series Stacking Chairs,Furniture,Chairs,1501.8980000000001,254.8244,24,8,0.1375,0.1696682464454976,0.0645551610800042,0.08718001266921778
TEC-PH-10002645,LG G2,Technology,Phones,1499.97,-374.9925,5,1,0.4,-0.25,0.06447229103785601,-0.12829168204010938
TEC-AC-10002076,Microsoft Natural Keyboard Elite,Technology,Accessories,1497.0,20.95799999999999,29,4,0.15000000000000002,0.013999999999999993,0.06434463334844727,0.007170108928036191
TEC-AC-10000109,Sony Micro Vault Click 16 GB USB 2.0 Flash Drive,Technology,Accessories,1489.334,255.31440000000003,29,9,0.08888888888888889,0.17142857142857146,0.06401513036965689,0.08734765048650656
FUR-BO-10003546,Hon 4-Shelf Metal Bookcases,Furniture,Bookcases,1474.308,-191.86200000000002,22,4,0.25,-0.13013698630136988,0.06336927702250007,-0.06563944265439835
OFF-AP-10003779,Kensington 7 Outlet MasterPiece Power Center with Fax/Phone Line Protection,Office Supplies,Appliances,1473.108,311.2199999999999,8,4,0.07500000000000001,0.21126760563380276,0.06331769815809249,0.10647396223797231
FUR-FU-10003394,"Tenex ""The Solids"" Textured Chair Mats",Furniture,Furnishings,1469.1599999999999,-40.57680000000002,26,7,0.19999999999999998,-0.027619047619047637,0.06314800369419157,-0.013882053437882394
TEC-PH-10002468,"Plantronics CS 50-USB - headset - Convertible, Monaural",Technology,Phones,1468.692,178.1469,13,5,0.12000000000000002,0.12129629629629629,0.06312788793707264,0.06094726014848606
OFF-ST-10001272,"Mini 13-1/2 Capacity Data Binder Rack, Pearl",Office Supplies,Storage,1465.7440000000001,287.914,12,5,0.08,0.1964285714285714,0.06300117586017802,0.09850056025892799
FUR-CH-10003061,"Global Leather Task Chair, Black",Furniture,Chairs,1448.839,63.892899999999806,19,8,0.1375,0.04409937888198744,0.06227455860783633,0.021858910808670785
OFF-ST-10004337,"SAFCO Commercial Wire Shelving, 72h",Office Supplies,Storage,1445.2640000000001,-24.496,24,5,0.04,-0.016949152542372878,0.062120896574288785,-0.008380522392459901
TEC-PH-10004241,Nokia Lumia 1020,Technology,Phones,1439.968,143.9968,4,1,0.2,0.1,0.06189326185270335,0.04926389642564377
FUR-CH-10002961,"Leather Task Chair, Black",Furniture,Chairs,1437.4840000000002,54.588,19,6,0.20000000000000004,0.03797468354430379,0.06178649360337968,0.01867553708195628
FUR-TA-10002622,"Bush Andora Conference Table, Maple/Graphite Gray Finish",Furniture,Tables,1436.232,-143.6232,12,4,0.3,-0.1,0.06173267965484777,-0.04913608114291096
OFF-PA-10001033,Xerox 1893,Office Supplies,Paper,1434.65,619.3589,39,11,0.09090909090909091,0.43171428571428566,0.06166468151860379,0.21189382472319285
FUR-FU-10000293,Eldon Antistatic Chair Mats for Low to Medium Pile Carpets,Furniture,Furnishings,1431.944,46.327600000000004,14,4,0.05,0.03235294117647059,0.061548371179364715,0.015849505600462332
FUR-BO-10003966,"Sauder Facets Collection Library, Sky Alder Finish",Furniture,Bookcases,1427.683,-8.549000000000031,10,4,0.15,-0.00598802395209583,0.06136522322833083,-0.002924766734697092
OFF-ST-10002790,Safco Industrial Shelving,Office Supplies,Storage,1427.552,-154.56669999999997,16,7,0.1285714285714286,-0.10827395429378403,0.061359592535632994,-0.0528800494153589
FUR-BO-10004709,"Bush Westfield Collection Bookcases, Medium Cherry Finish",Furniture,Bookcases,1426.8878,-20.293000000000006,32,9,0.22999999999999998,-0.014221861032100777,0.0613310436341834,-0.006942600461715743
OFF-ST-10000563,Fellowes Bankers Box Stor/Drawer Steel Plus,Office Supplies,Storage,1426.308,-12.792,50,12,0.10000000000000002,-0.008968609865470852,0.06130612244619715,-0.004376373385219915
FUR-CH-10001891,Global Deluxe Office Fabric Chairs,Furniture,Chairs,1420.504,229.3922,17,6,0.11666666666666668,0.1614864864864865,0.06105665267201252,0.07847919941033801
TEC-AC-10002926,Logitech Wireless Marathon Mouse M705,Technology,Accessories,1409.718,554.889,30,8,0.05,0.39361702127659576,0.060593044645762456,0.18983751183171466
TEC-AC-10003628,Logitech 910-002974 M325 Wireless Mouse for Web Scrolling,Technology,Accessories,1409.53,536.2212,52,15,0.09333333333333334,0.3804255319148936,0.06058496395700526,0.1834509215346064
OFF-ST-10004804,"Belkin 19"" Vented Equipment Shelf, Black",Office Supplies,Storage,1400.2559999999999,-179.6652,31,10,0.12000000000000002,-0.12830882352941178,0.06018634529990874,-0.061466697899485084
TEC-AC-10000420,Logitech G500s Laser Gaming Mouse with Adjustable Weight Tuning,Technology,Accessories,1399.8,429.7386,21,4,0.05,0.30700000000000005,0.06016674533143386,0.14702130797699087
FUR-CH-10003535,"Global Armless Task Chair, Royal Blue",Furniture,Chairs,1396.442,-20.73320000000001,28,8,0.175,-0.01484716157205241,0.06002241047586667,-0.00709320080288005
TEC-MA-10003626,Hewlett-Packard Deskjet 6540 Color Inkjet Printer,Technology,Machines,1396.21,139.621,6,2,0.4,0.1,0.0600124385620812,0.04776685650545574
TEC-PH-10002352,Avaya IP Phone 1140E VoIP phone,Technology,Phones,1394.95,362.687,5,1,0.0,0.26,0.05995828075445325,0.12408174905919758
TEC-MA-10002178,Cisco CP-7937G Unified IP Conference Station Phone,Technology,Machines,1391.4,-55.656,4,2,0.5,-0.039999999999999994,0.05980569328058085,-0.019040919100046873
TEC-PH-10004434,Cisco IP Phone 7961G VoIP phone - Dark gray,Technology,Phones,1386.69,228.39600000000002,12,3,0.06666666666666667,0.16470588235294117,0.059603246237781134,0.07813838146425016
TEC-PH-10001750,Samsung Rugby III,Technology,Phones,1385.79,229.6452,24,8,0.125,0.1657142857142857,0.05956456208947544,0.07856575526293813
OFF-AP-10002311,"Holmes Replacement Filter for HEPA Air Cleaner, Very Large Room, HEPA Filter",Office Supplies,Appliances,1383.0810000000001,381.20739999999995,26,10,0.21000000000000002,0.2756218905472636,0.059448122803075355,0.13041791116392137
TEC-MA-10004212,Cisco SPA525G2 5-Line IP Phone,Technology,Machines,1379.92,648.5624,8,1,0.0,0.47,0.0593122554777484,0.2218848675746055
OFF-AP-10000576,"Belkin 325VA UPS Surge Protector, 6'",Office Supplies,Appliances,1379.172,199.617,13,4,0.1,0.14473684210526314,0.05928010465226768,0.06829256770148873
FUR-BO-10003893,Sauder Camden County Collection Library,Furniture,Bookcases,1368.2620000000002,-103.482,16,2,0.235,-0.07563025210084033,0.05881116681002884,-0.035403054303418335
OFF-ST-10003656,Safco Industrial Wire Shelving,Office Supplies,Storage,1363.058,-126.7068,16,5,0.16,-0.09295774647887324,0.05858748646804799,-0.04334867630131198
TEC-MA-10003230,Okidata C610n Printer,Technology,Machines,1362.9,-19.4700000000001,3,1,0.3,-0.014285714285714356,0.058580695250900996,-0.006661037352269558
OFF-EN-10003001,Ames Color-File Green Diamond Border X-ray Mailers,Office Supplies,Envelopes,1360.4759999999999,559.3068000000001,18,4,0.05,0.4111111111111112,0.05847650594479769,0.19134892070767032
OFF-EN-10002230,Airmail Envelopes,Office Supplies,Envelopes,1359.6660000000002,514.4909,19,6,0.13333333333333333,0.37839506172839504,0.05844169021132258,0.1760165948794435
TEC-PH-10001530,Plantronics Voyager Pro Legend,Technology,Phones,1359.534,173.0316,8,3,0.20000000000000004,0.12727272727272726,0.058436016536237756,0.0591972239713898
OFF-BI-10001597,"Wilson Jones Ledger-Size, Piano-Hinge Binder, 2"", Blue",Office Supplies,Binders,1354.28,202.913,50,14,0.38571428571428573,0.14983090645952094,0.058210187074906584,0.06942018861125147
TEC-MA-10003183,DYMO CardScan Personal V9 Business Card Scanner,Technology,Machines,1343.9160000000002,463.971,11,3,0.3,0.3452380952380952,0.05776471761597319,0.1587328280107778
FUR-CH-10003968,Novimex Turbo Task Chair,Furniture,Chairs,1341.522,-32.65079999999999,22,6,0.13333333333333333,-0.024338624338624333,0.05766181778148007,-0.011170426213738148
TEC-PH-10001061,Apple iPhone 5C,Technology,Phones,1339.866,229.977,15,4,0.15000000000000002,0.17164179104477612,0.05759063894859763,0.07867927001350224
TEC-PH-10002890,AT&T 17929 Lendline Telephone,Technology,Phones,1339.104,167.388,35,10,0.14,0.125,0.05755788636969883,0.0572664468578167
FUR-FU-10004188,Luxo Professional Combination Clamp-On Lamps,Furniture,Furnishings,1329.9,345.774,13,5,0.0,0.26,0.05716227647969274,0.1182955074187798
OFF-AP-10001293,Belkin 8 Outlet Surge Protector,Office Supplies,Appliances,1326.036,260.4644,37,9,0.1111111111111111,0.19642332485694206,0.056996192536300345,0.08910955815801082
FUR-FU-10004848,"Howard Miller 13-3/4"" Diameter Brushed Chrome Round Wall Clock",Furniture,Furnishings,1324.8,201.82500000000002,31,9,0.13333333333333333,0.15234375000000003,0.05694306630596055,0.06904796423327153
FUR-FU-10003708,"Tenex Traditional Chairmats for Medium Pile Carpet, Standard Lip, 36"" x 48""",Furniture,Furnishings,1322.17,172.246,24,6,0.13333333333333333,0.13027522935779817,0.056830022628133955,0.058928456074936644
OFF-PA-10001878,Xerox 1891,Office Supplies,Paper,1320.5700000000002,542.9010000000001,30,7,0.05714285714285715,0.4111111111111111,0.056761250808923865,0.18573620131404608
FUR-BO-10002598,"Hon Metal Bookcases, Putty",Furniture,Bookcases,1320.228,362.7078,19,5,0.04,0.2747311827956989,0.056746550832567695,0.1240888651134825
OFF-AP-10000179,Honeywell Enviracaire Portable HEPA Air Cleaner for up to 10 x 16 Room,Office Supplies,Appliances,1320.166,417.0244,12,3,0.10000000000000002,0.31588785046728973,0.0567438859245733,0.14267155137174048
OFF-BI-10002026,Avery Arch Ring Binders,Office Supplies,Binders,1318.87,87.15000000000003,40,10,0.39,0.06607929515418505,0.056688180751013124,0.029815583217785786
TEC-PH-10001300,"iKross Bluetooth Portable Keyboard + Cell Phone Stand Holder + Brush for Apple iPhone 5S 5C 5, 4S 4",Technology,Phones,1315.66,350.284,64,9,0.044444444444444446,0.2662420382165605,0.05655020728872288,0.11983845957382529
FUR-CH-10002372,Office Star - Ergonomically Designed Knee Chair,Furniture,Chairs,1311.876,-42.109599999999965,19,7,0.17142857142857143,-0.03209876543209874,0.056387561936290985,-0.014406451899801156
TEC-PH-10004389,Nokia Lumia 925,Technology,Phones,1310.296,284.7374,11,3,0.06666666666666667,0.21730769230769229,0.05631964976482101,0.0974137882377046
FUR-FU-10003773,Eldon Cleatmat Plus Chair Mats for High Pile Carpets,Furniture,Furnishings,1304.128,-111.32800000000003,20,5,0.15999999999999998,-0.08536585365853662,0.05605453440176609,-0.03808731208800523
FUR-TA-10004175,"Hon 30"" x 60"" Table with Locking Drawer",Furniture,Tables,1296.028,-177.3512,6,3,0.3333333333333333,-0.1368421052631579,0.05570637706701498,-0.0606750368602888
OFF-BI-10002867,GBC Recycled Regency Composition Covers,Office Supplies,Binders,1291.248,451.9368,26,6,0.23333333333333336,0.35,0.05550092125712481,0.15461571164176485
OFF-ST-10000129,Fellowes Recycled Storage Drawers,Office Supplies,Storage,1287.948,48.8532,12,3,0.06666666666666667,0.03793103448275862,0.055359079380003985,0.016713558807287806
TEC-MA-10004241,Star Micronics TSP800 TSP847IIU Receipt Printer,Technology,Machines,1286.85,360.318,4,2,0.25,0.28,0.05531188471907105,0.1232712715303056
TEC-PH-10001305,Panasonic KX TS208W Corded phone,Technology,Phones,1283.538,154.8084,32,6,0.16666666666666666,0.12061068702290077,0.05516952705330615,0.05296273933462155
OFF-ST-10002554,Tennsco Industrial Shelving,Office Supplies,Storage,1281.442,-108.58019999999999,29,9,0.1111111111111111,-0.08473282442748091,0.05507943597014092,-0.03714724026280921
OFF-PA-10001289,White Computer Printout Paper by Universal,Office Supplies,Paper,1279.08,547.6788,37,8,0.1,0.4281818181818182,0.054977911572032016,0.18737077266800978
FUR-FU-10004071,Luxo Professional Magnifying Clamp-On Fluorescent Lamps,Furniture,Furnishings,1268.922,106.0902,13,4,0.05,0.08360655737704918,0.054541296484821915,0.036295366456586764
FUR-CH-10002758,"Hon Deluxe Fabric Upholstered Stacking Chairs, Squared Back",Furniture,Chairs,1268.696,73.194,7,2,0.25,0.057692307692307696,0.05453158246535849,0.02504098448700645
OFF-EN-10003296,Tyvek Side-Opening Peel & Seel Expanding Envelopes,Office Supplies,Envelopes,1266.72,570.024,14,5,0.0,0.45,0.05444664926863402,0.19501546767797037
FUR-BO-10001798,Bush Somerset Collection Bookcase,Furniture,Bookcases,1263.9569999999999,-56.321399999999976,12,4,0.2125,-0.044559585492227965,0.05432788893333558,-0.019268564413565108
TEC-PH-10001809,Panasonic KX T7736-B Digital phone,Technology,Phones,1259.58,134.95499999999998,10,5,0.16,0.10714285714285714,0.05413975502540896,0.046170533943273424
FUR-TA-10003469,Balt Split Level Computer Training Table,Furniture,Tables,1256.685,-386.621,20,8,0.275,-0.30765147988557195,0.05401532101502568,-0.1322700011387671
TEC-AC-10001539,Logitech G430 Surround Sound Gaming Headset with Dolby 7.1 Technology,Technology,Accessories,1247.844,377.5528,17,4,0.05,0.30256410256410254,0.0536353137315029,0.12916760674134284
OFF-AP-10000026,Tripp Lite Isotel 6 Outlet Surge Protector with Fax/Modem Protection,Office Supplies,Appliances,1243.788,74.9931,27,6,0.20000000000000004,0.060294117647058824,0.0534609771698053,0.025656488970851755
FUR-CH-10003846,Hon Valutask Swivel Chairs,Furniture,Chairs,1242.054,139.3524,13,4,0.07500000000000001,0.1121951219512195,0.053386445710736356,0.04767496361214194
OFF-ST-10001837,"SAFCO Mobile Desk Side File, Wire Frame",Office Supplies,Storage,1240.04,259.1256,31,8,0.05,0.20896551724137932,0.05329987918330564,0.0886515305870186
OFF-LA-10003510,"Avery 4027 File Folder Labels for Dot Matrix Printers, 5000 Labels per Box, White",Office Supplies,Labels,1233.412,524.5054,43,11,0.09090909090909091,0.42524752475247524,0.05301499192222782,0.17944273553503173
TEC-AC-10002473,Maxell 4.7GB DVD-R,Technology,Accessories,1231.692,411.2262,49,11,0.1272727272727273,0.3338709677419355,0.05294106221657697,0.1406878828162228
OFF-PA-10000357,Xerox 1888,Office Supplies,Paper,1231.656,539.2656,24,6,0.06666666666666667,0.4378378378378378,0.052939514850644735,0.18449246555696128
FUR-TA-10004147,Hon 4060 Series Tables,Furniture,Tables,1231.56,96.28559999999997,13,4,0.2,0.07818181818181816,0.05293538854149213,0.0329410363680371
TEC-PH-10003437,Blue Parrot B250XT Professional Grade Wireless Bluetooth Headset with,Technology,Phones,1229.836,127.483,21,4,0.25,0.10365853658536586,0.052861286906293256,0.04361422828861714
TEC-AC-10001314,Case Logic 2.4GHz Wireless Keyboard,Technology,Accessories,1229.754,-11.997600000000038,27,8,0.07500000000000001,-0.009756097560975641,0.052857762350558724,-0.004104594850415464
OFF-PA-10003228,Xerox 1917,Office Supplies,Paper,1222.75,574.6925,25,5,0.0,0.47,0.05255671371196653,0.19661264553513888
TEC-PH-10000673,Plantronics Voyager Pro HD - Bluetooth Headset,Technology,Phones,1221.812,376.942,25,5,0.12000000000000002,0.3085106382978724,0.05251639623295461,0.1289586410703225
OFF-BI-10000632,Satellite Sectional Post Binders,Office Supplies,Binders,1219.8210000000001,329.0478,38,11,0.3727272727272727,0.2697508896797153,0.05243081830042506,0.11257317341972839
TEC-MA-10002210,Epson TM-T88V Direct Thermal Printer - Monochrome - Desktop,Technology,Machines,1212.705,-1057.23,10,2,0.55,-0.8717948717948719,0.05212495563448814,-0.3616974072901854
OFF-AP-10001242,APC 7 Outlet Network SurgeArrest Surge Protector,Office Supplies,Appliances,1207.2,80.47999999999999,20,8,0.225,0.06666666666666665,0.0518883375940184,0.0275336561946919
FUR-FU-10002918,Eldon ClusterMat Chair Mat with Cordless Antistatic Protection,Furniture,Furnishings,1200.9360000000001,-256.5636,18,5,0.15999999999999998,-0.21363636363636362,0.051619095921810874,-0.08777502428519453
OFF-ST-10002974,"Trav-L-File Heavy-Duty Shuttle II, Black",Office Supplies,Storage,1193.818,278.848,30,7,0.08571428571428573,0.23357664233576644,0.05131314729109994,0.09539891852109156
OFF-ST-10001469,Fellowes Bankers Box Recycled Super Stor/Drawer,Office Supplies,Storage,1187.56,-30.228800000000035,24,7,0.08571428571428573,-0.025454545454545487,0.051044163513214454,-0.010341816431139458
FUR-FU-10000965,"Howard Miller 11-1/2"" Diameter Ridgewood Wall Clock",Furniture,Furnishings,1184.232,448.76160000000004,24,6,0.09999999999999999,0.3789473684210527,0.050901118129257454,0.15352941858573374
TEC-AC-10001465,SanDisk Cruzer 64 GB USB Flash Drive,Technology,Accessories,1184.032,319.616,34,9,0.06666666666666668,0.26993865030674846,0.05089252165185619,0.109346384919516
OFF-BI-10003718,GBC Therma-A-Bind 250T Electric Binding System,Office Supplies,Binders,1180.704,413.2464,12,2,0.2,0.35000000000000003,0.050749476267899184,0.14137902958864473
OFF-BI-10002082,GBC Twin Loop Wire Binding Elements,Office Supplies,Binders,1169.618,255.7226,50,12,0.3833333333333333,0.218637709063985,0.05027297352554722,0.0874873030518479
OFF-AR-10002135,Boston Heavy-Duty Trimline Electric Pencil Sharpeners,Office Supplies,Art,1166.44,310.89,25,5,0.04,0.2665289256198347,0.05013637549964117,0.10636106329979828
TEC-PH-10000455,GE 30522EE2,Technology,Phones,1159.9,336.371,10,3,0.0,0.29,0.0498552706886199,0.11507857191680802
TEC-AC-10001552,Logitech K350 2.4Ghz Wireless Keyboard,Technology,Accessories,1154.664,47.2815,25,5,0.08,0.040948275862068964,0.049630214910254856,0.01617585195538426
TEC-PH-10002789,LG Exalt,Technology,Phones,1154.326,-212.1464,12,3,0.3333333333333333,-0.1837837837837838,0.049615686863446716,-0.07257910090136166
TEC-PH-10004922,RCA Visys Integrated PBX 8-Line Router,Technology,Phones,1146.068,152.1705,27,9,0.06666666666666668,0.13277615289843187,0.04926073831154861,0.052060266277017445
TEC-AC-10003610,Logitech Illuminated - Keyboard,Technology,Accessories,1139.81,515.914,20,6,0.03333333333333333,0.45263157894736844,0.048991754533663105,0.17650346299736924
TEC-PH-10001700,Panasonic KX-TG6844B Expandable Digital Cordless Telephone,Technology,Phones,1135.028,75.22860000000003,22,7,0.2,0.06627906976744188,0.04878621275899894,0.025737057758548707
OFF-ST-10000675,"File Shuttle II and Handi-File, Black",Office Supplies,Storage,1125.148,260.953,34,7,0.05714285714285715,0.2319277108433735,0.04836154677537658,0.08927671701010731
TEC-PH-10001051,HTC One,Technology,Phones,1119.888,125.9874,14,4,0.2,0.1125,0.048135459419723386,0.043102556616092524
TEC-PH-10002170,ClearSounds CSC500 Amplified Spirit Phone Corded phone,Technology,Phones,1119.84,162.3768,19,6,0.13333333333333333,0.14500000000000002,0.04813339626514708,0.05555202516394443
FUR-BO-10001519,O'Sullivan 3-Shelf Heavy-Duty Bookcases,Furniture,Bookcases,1119.195,147.0942,22,5,0.16999999999999998,0.13142857142857145,0.04810567262552801,0.050323572701705385
OFF-ST-10000532,Advantus Rolling Drawer Organizers,Office Supplies,Storage,1115.92,233.18880000000001,31,6,0.10000000000000002,0.20896551724137932,0.047964905308082346,0.07977808458813086
FUR-FU-10000723,"Deflect-o EconoMat Studded, No Bevel Mat for Low Pile Carpeting",Furniture,Furnishings,1115.6399999999999,-125.1996,33,9,0.17777777777777776,-0.11222222222222224,0.04795287023972058,-0.042833036060051545
OFF-AR-10002671,"Hunt BOSTON Model 1606 High-Volume Electric Pencil Sharpener, Beige",Office Supplies,Art,1113.024,111.3024,8,1,0.2,0.10000000000000002,0.047840428315312065,0.03807855386734687
TEC-PH-10002726,netTALK DUO VoIP Telephone Service,Technology,Phones,1112.788,430.418,26,7,0.17142857142857146,0.3867924528301887,0.04783028447197858,0.14725374294243165
TEC-AC-10004353,Hypercom P1300 Pinpad,Technology,Accessories,1108.8,275.31,21,7,0.17142857142857146,0.24829545454545457,0.04765887071259742,0.09418850505666784
OFF-PA-10000474,Easy-staple paper,Office Supplies,Paper,1105.7279999999998,467.0992,34,12,0.08333333333333333,0.4224358974358975,0.047526828819714026,0.159803041521069
OFF-PA-10001125,Xerox 1988,Office Supplies,Paper,1102.888,404.289,41,9,0.1111111111111111,0.3665730337078652,0.0474047588406161,0.13831454186500738
OFF-BI-10000977,Ibico Plastic Spiral Binding Combs,Office Supplies,Binders,1100.48,328.928,47,13,0.33076923076923076,0.29889502762430936,0.04730125725270491,0.11253218768399129
OFF-BI-10004593,Ibico Laser Imprintable Binding System Covers,Office Supplies,Binders,1100.4,138.336,34,8,0.3625,0.12571428571428572,0.04729781866174441,0.04732723488256585
OFF-PA-10003302,Xerox 1906,Office Supplies,Paper,1098.6399999999999,497.5776,32,7,0.05714285714285715,0.4529032258064517,0.047222169660613295,0.17023025060362737
OFF-PA-10004071,"Eaton Premium Continuous-Feed Paper, 25% Cotton, Letter Size, White, 1000 Shts/Box",Office Supplies,Paper,1098.504,492.6624,21,10,0.06000000000000001,0.44848484848484854,0.04721632405598044,0.1685486722372239
OFF-PA-10000806,Xerox 1934,Office Supplies,Paper,1097.2079999999999,526.212,20,5,0.04,0.4795918367346939,0.047160618882420256,0.18002659410438884
OFF-BI-10004224,Catalog Binders with Expanding Posts,Office Supplies,Binders,1089.936,-242.20800000000003,36,8,0.5125,-0.22222222222222227,0.04684805096411036,-0.08286371520382625
FUR-TA-10004152,"Barricks 18"" x 48"" Non-Folding Utility Table with Bottom Storage Shelf",Furniture,Tables,1088.64,-104.832,16,5,0.32,-0.09629629629629628,0.046792345790550194,-0.035864913595948573
TEC-AC-10004568,Maxell LTO Ultrium - 800 GB,Technology,Accessories,1086.012,156.46409999999997,41,8,0.07500000000000001,0.1440721649484536,0.0466793880774976,0.053529184098060296
OFF-BI-10002735,GBC Prestige Therm-A-Bind Covers,Office Supplies,Binders,1073.903,364.7153,39,10,0.16999999999999998,0.33961661341853033,0.04615891435323819,0.1247756669873747
OFF-ST-10001418,Carina Media Storage Towers in Natural & Black,Office Supplies,Storage,1073.248,-121.96000000000001,20,5,0.12000000000000002,-0.11363636363636363,0.04613076088974906,-0.04172471060517675
OFF-AR-10001953,Boston 1645 Deluxe Heavier-Duty Electric Pencil Sharpener,Office Supplies,Art,1073.112,206.2662,27,7,0.1142857142857143,0.19221311475409836,0.046124915285116204,0.07056737867029769
OFF-ST-10000877,Recycled Steel Personal File for Standard File Folders,Office Supplies,Storage,1072.626,254.334,20,4,0.05,0.2371134020618557,0.04610402584503113,0.08701223800473123
FUR-BO-10004690,O'Sullivan Cherrywood Estates Traditional Barrister Bookcase,Furniture,Bookcases,1072.344,-78.36359999999999,9,2,0.15,-0.07307692307692307,0.04609190481189535,-0.02680959767120226
TEC-PH-10002398,AT&T 1070 Corded Phone,Technology,Phones,1070.304,133.788,12,3,0.20000000000000004,0.125,0.04600422074240248,0.04577128224373062
FUR-BO-10000330,"Sauder Camden County Barrister Bookcase, Planked Cherry Finish",Furniture,Bookcases,1064.624,24.19600000000004,10,3,0.09999999999999999,0.022727272727272766,0.04576008078420663,0.008277886994119861
OFF-ST-10003692,Recycled Steel Personal File for Hanging File Folders,Office Supplies,Storage,1053.032,151.65949999999998,21,6,0.10000000000000002,0.14402173913043478,0.04526182895402948,0.05188544398184488
OFF-ST-10003282,"Advantus 10-Drawer Portable Organizer, Chrome Metal Frame, Smoke Drawers",Office Supplies,Storage,1051.776,277.2864,18,4,0.05,0.2636363636363636,0.04520784307594955,0.09486466706093212
FUR-FU-10002253,"Howard Miller 13"" Diameter Pewter Finish Round Wall Clock",Furniture,Furnishings,1047.7359999999999,340.5142,27,7,0.1142857142857143,0.32500000000000007,0.04503419423244405,0.11649603519148306
OFF-AP-10004540,"Eureka The Boss Lite 10-Amp Upright Vacuum, Blue",Office Supplies,Appliances,1042.08,291.7824,13,4,0.0,0.28,0.04479108585153636,0.09982400950872354
FUR-FU-10004091,"Howard Miller 13"" Diameter Goldtone Round Wall Clock",Furniture,Furnishings,1042.068,294.3138,27,6,0.16666666666666666,0.28243243243243243,0.04479057006289228,0.10069004699991692
TEC-AC-10000580,Logitech G13 Programmable Gameboard with LCD Display,Technology,Accessories,1039.87,43.194599999999994,14,4,0.1,0.04153846153846154,0.04469609477625241,0.014777649923797698
TEC-MA-10004552,Star Micronics TSP100 TSP143LAN Receipt Printer,Technology,Machines,1035.8,269.308,4,1,0.0,0.26,0.044521156461136725,0.09213511285387782
OFF-AP-10001564,Hoover Commercial Lightweight Upright Vacuum with E-Z Empty Dirt Cup,Office Supplies,Appliances,1023.3520000000001,-9.303200000000004,6,3,0.26666666666666666,-0.009090909090909094,0.04398611170768218,-0.0031827921261239787
OFF-PA-10000482,"Snap-A-Way Black Print Carbonless Ruled Speed Letter, Triplicate",Office Supplies,Paper,1016.7919999999999,453.7624,28,6,0.03333333333333333,0.44626865671641797,0.04370414724892077,0.15524028225246353
FUR-BO-10001918,"Sauder Forest Hills Library with Doors, Woodland Oak Finish",Furniture,Bookcases,1014.174,-418.548,10,3,0.2833333333333333,-0.41269841269841273,0.04359161935973825,-0.14319280234811016
FUR-FU-10004017,"Tenex Contemporary Contur Chairmats for Low and Medium Pile Carpet, Computer, 39"" x 49""",Furniture,Furnishings,1010.7819999999999,150.542,10,4,0.05,0.14893617021276598,0.043445823103012836,0.05150312712302818
TEC-MA-10002937,"Canon Color ImageCLASS MF8580Cdw Wireless Laser All-In-One Printer, Copier, Scanner",Technology,Machines,1007.979,43.1991,3,1,0.3,0.04285714285714286,0.04332534347223416,0.014779189454772801
TEC-AC-10002942,WD My Passport Ultra 1TB Portable External Hard Drive,Technology,Accessories,1007.4,33.809999999999924,17,6,0.16666666666666666,0.03356164383561636,0.0433004566701575,0.011567009392924094
FUR-TA-10000849,Bevis Rectangular Conference Tables,Furniture,Tables,1007.262,-586.8396,13,4,0.475,-0.582608695652174,0.04329452510075063,-0.20076838702572714
TEC-AC-10003832,Imation 16GB Mini TravelDrive USB 2.0 Flash Drive,Technology,Accessories,1007.152,342.56419999999997,34,9,0.08888888888888889,0.3401315789473684,0.043289797038179936,0.1171973770801401
FUR-FU-10004904,"Eldon ""L"" Workstation Diamond Chairmat",Furniture,Furnishings,1002.936,-267.44960000000003,19,4,0.3,-0.26666666666666666,0.04310858329456133,-0.09149932077296065
FUR-FU-10000747,Tenex B1-RE Series Chair Mats for Low Pile Carpets,Furniture,Furnishings,1002.3639999999999,124.60579999999996,23,7,0.028571428571428574,0.12431192660550455,0.043083997369193716,0.042629886394937117
TEC-PH-10001918,Nortel Business Series Terminal T7208 Digital phone,Technology,Phones,1000.7280000000001,100.0728,9,3,0.20000000000000004,0.09999999999999999,0.0430136781840514,0.034236705636681956
OFF-BI-10001634,Wilson Jones Active Use Binders,Office Supplies,Binders,987.404,138.8902,34,8,0.33749999999999997,0.14066197827839466,0.042440980859579314,0.047516836675099365
OFF-ST-10000604,Home/Office Personal File Carts,Office Supplies,Storage,980.232,198.132,30,7,0.028571428571428574,0.2021276595744681,0.04213271117997005,0.06778452247970547
OFF-PA-10003641,Xerox 1909,Office Supplies,Paper,970.784,400.976,40,9,0.08888888888888889,0.41304347826086957,0.04172661358753443,0.13718110494933872
FUR-CH-10003761,Global Italian Leather Office Chair,Furniture,Chairs,969.252,204.3288,8,2,0.15,0.21081081081081082,0.04166076457064075,0.06990455926781763
FUR-CH-10001802,Hon Every-Day Chair Series Swivel Task Chairs,Furniture,Chairs,967.84,12.097999999999992,10,3,0.19999999999999998,0.012499999999999992,0.041600073440187846,0.00413894349705992
OFF-PA-10001815,Xerox 1885,Office Supplies,Paper,960.8,461.184,20,5,0.0,0.48000000000000004,0.041297477435663414,0.1577793451601987
OFF-PA-10001497,Xerox 1914,Office Supplies,Paper,956.304,423.74159999999995,19,5,0.08,0.443103448275862,0.04110422862368304,0.14496962636417318
OFF-ST-10001713,"Gould Plastics 9-Pocket Panel Bin, 18-3/8w x 5-1/4d x 20-1/2h, Black",Office Supplies,Storage,953.82,-63.588000000000015,20,6,0.10000000000000002,-0.06666666666666668,0.04099746037435937,-0.021754599032157918
OFF-AP-10001563,Belkin Premiere Surge Master II 8-outlet surge protector,Office Supplies,Appliances,952.168,55.38119999999989,26,7,0.27142857142857146,0.058163265306122335,0.04092645347102494,0.018946905075167348
FUR-FU-10003553,"Howard Miller 13-1/2"" Diameter Rosebrook Wall Clock",Furniture,Furnishings,949.026,247.57199999999997,17,5,0.2,0.2608695652173913,0.04079140281105111,0.08469883612614641
OFF-AP-10001271,Eureka The Boss Cordless Rechargeable Stick Vac,Office Supplies,Appliances,948.228,241.1354,19,6,0.03333333333333333,0.25430107526881723,0.04075710286622008,0.0824967594429611
OFF-EN-10001453,"Tyvek Interoffice Envelopes, 9 1/2"" x 12 1/2"", 100/Box",Office Supplies,Envelopes,939.092,421.9816,16,5,0.04,0.4493506493506494,0.04036441577853042,0.14436749869391152
OFF-AP-10003287,Tripp Lite TLP810NET Broadband Surge for Modem/Fax,Office Supplies,Appliances,937.8480000000001,130.4832,22,6,0.23333333333333336,0.1391304347826087,0.04031094568909458,0.04464065069561658
OFF-ST-10001476,Steel Personal Filing/Posting Tote,Office Supplies,Storage,937.4639999999999,185.7173,29,5,0.08,0.19810606060606062,0.04029444045248415,0.0635372302137979
FUR-BO-10001601,"Sauder Mission Library with Doors, Fruitwood Finish",Furniture,Bookcases,935.1972,-125.74080000000001,10,3,0.26333333333333336,-0.13445378151260506,0.04019700797761824,-0.043018190318657
OFF-AP-10002578,"Fellowes Premier Superior Surge Suppressor, 10-Outlet, With Phone and Remote",Office Supplies,Appliances,929.48,169.2632,21,7,0.14285714285714285,0.18210526315789474,0.03995126907462576,0.05790798652104094
TEC-AC-10001767,SanDisk Ultra 64 GB MicroSDHC Class 10 Memory Card,Technology,Accessories,927.768,37.9905,25,6,0.10000000000000002,0.040948275862068964,0.03987768322807096,0.012997233668792777
FUR-FU-10002501,Nu-Dell Executive Frame,Furniture,Furnishings,924.736,285.6472,84,11,0.08333333333333333,0.3088959443560108,0.03974736063066782,0.09772504718907053
FUR-CH-10003956,Novimex High-Tech Fabric Mesh Task Chair,Furniture,Chairs,922.74,-133.4424000000001,16,4,0.15000000000000002,-0.14461538461538473,0.03966156778620323,-0.045653046264842914
FUR-TA-10004442,Riverside Furniture Stanwyck Manor Table Series,Furniture,Tables,917.9200000000001,-415.9325,5,3,0.3666666666666667,-0.45312499999999994,0.03945439268083281,-0.14229799273358212
TEC-MA-10002859,Ativa MDM8000 8-Sheet Micro-Cut Shredder,Technology,Machines,917.8979999999999,393.2563,11,2,0.1,0.42843137254901964,0.03945344706831867,0.134540056667453
TEC-PH-10003885,Cisco SPA508G,Technology,Phones,910.662,207.86849999999998,15,5,0.12000000000000002,0.22826086956521738,0.039142426515941006,0.07111555433283193
OFF-PA-10000357,"White Dual Perf Computer Printout Paper, 2700 Sheets, 1 Part, Heavyweight, 20 lbs., 14 7/8 x 11",Office Supplies,Paper,909.9780000000001,408.2604,24,6,0.10000000000000002,0.4486486486486486,0.039113026563228695,0.13967322926823303
TEC-PH-10000215,Plantronics Cordless Phone Headset with In-line Volume - M214C,Technology,Phones,908.7,219.83550000000002,27,6,0.03333333333333333,0.24192307692307694,0.03905809507263462,0.0752096803726167
TEC-PH-10002262,LG Electronics Tone+ HBS-730 Bluetooth Headset,Technology,Phones,904.552,133.3024,18,4,0.15000000000000002,0.1473684210526316,0.03887980413133245,0.04560514974561752
FUR-CH-10002304,"Global Stack Chair without Arms, Black",Furniture,Chairs,901.5060000000001,44.166,44,7,0.17142857142857143,0.04899135446685878,0.03874887978051123,0.015109983343622794
OFF-BI-10001670,Vinyl Sectional Post Binders,Office Supplies,Binders,901.03,147.03,40,11,0.41818181818181815,0.16317991631799164,0.03872842016429622,0.05030160872646061
TEC-AC-10000158,Sony 64GB Class 10 Micro SDHC R40 Memory Card,Technology,Accessories,899.75,132.0833,27,9,0.06666666666666668,0.1468,0.03867340270892814,0.04518807369856299
OFF-ST-10003442,Eldon Portable Mobile Manager,Office Supplies,Storage,899.304,197.3944,34,9,0.06666666666666668,0.21949685534591196,0.03865423256432333,0.06753217624698672
OFF-AP-10004336,"Conquest 14 Commercial Heavy-Duty Upright Vacuum, Collection System, Accessory Kit",Office Supplies,Appliances,895.856,163.3668,20,8,0.125,0.18235832544516084,0.03850602929392557,0.05589072197846662
TEC-AC-10000358,Imation Secure Drive + Hardware Encrypted USB flash drive - 16 GB,Technology,Accessories,888.966,196.02839999999998,24,6,0.03333333333333333,0.22051282051282048,0.03820988064745209,0.06706484306654499
TEC-AC-10002323,SanDisk Ultra 32 GB MicroSDHC Class 10 Memory Card,Technology,Accessories,884.0,38.012,44,11,0.10909090909090911,0.043000000000000003,0.03799643011357875,0.013004589205673815
TEC-PH-10001433,Cisco Small Business SPA 502G VoIP phone,Technology,Phones,882.102,58.4649,11,4,0.25,0.06627906976744186,0.037914849543040766,0.020001894334704805
FUR-CH-10001797,"Safco Chair Connectors, 6/Carton",Furniture,Chairs,881.192,170.85119999999998,26,4,0.15,0.19388646288209604,0.03787573557086503,0.05845126989625428
OFF-PA-10002254,Xerox 1883,Office Supplies,Paper,881.092,354.0196,37,7,0.05714285714285715,0.40179640718562876,0.037871437332164394,0.12111647555395565
OFF-PA-10003039,Xerox 1960,Office Supplies,Paper,879.832,334.584,32,6,0.10000000000000002,0.38028169014084506,0.037817279524536444,0.11446720706069578
OFF-AR-10003373,"Boston School Pro Electric Pencil Sharpener, 1670",Office Supplies,Art,873.636,149.9432,32,7,0.1142857142857143,0.17163120567375886,0.03755096065464534,0.05129826686794143
OFF-ST-10003479,"Eldon Base for stackable storage shelf, platinum",Office Supplies,Storage,872.256,-52.569000000000045,25,7,0.08571428571428573,-0.0602678571428572,0.03749164496057664,-0.017984800851127733
OFF-AP-10004708,Fellowes Superior 10 Outlet Split Surge Protector,Office Supplies,Appliances,867.768,57.089999999999996,30,9,0.2666666666666667,0.06578947368421052,0.03729874000769231,0.01953151630411233
FUR-FU-10001290,Executive Impressions Supervisor Wall Clock,Furniture,Furnishings,867.2599999999999,266.072,21,4,0.05,0.3067961165048544,0.0372769049550931,0.0910280190237831
OFF-PA-10001144,Xerox 1913,Office Supplies,Paper,865.4879999999999,375.0448,17,5,0.04,0.43333333333333335,0.03720074016531792,0.12830957481122
OFF-PA-10000552,Xerox 200,Office Supplies,Paper,860.22,398.41130000000004,17,7,0.08571428571428573,0.46315047313477953,0.03697430895056868,0.1363036749289296
OFF-ST-10003123,Fellowes Bases and Tops For Staxonsteel/High-Stak Systems,Office Supplies,Storage,858.8820000000001,201.07160000000002,26,10,0.02,0.23410852713178296,0.03691679851675424,0.06879021253624022
FUR-BO-10004409,"Safco Value Mate Series Steel Bookcases, Baked Enamel Finish on Steel, Gray",Furniture,Bookcases,858.858,-9.937200000000004,17,6,0.245,-0.011570247933884304,0.03691576693946608,-0.0033996949346159606
OFF-PA-10000062,Green Bar Computer Printout Paper,Office Supplies,Paper,857.376,380.8728,17,5,0.04,0.4442307692307692,0.03685206704192273,0.13030343848297277
FUR-BO-10000711,"Hon Metal Bookcases, Gray",Furniture,Bookcases,851.76,229.9752,12,2,0.0,0.27,0.03661067795649529,0.07867865420111218
OFF-ST-10003994,"Belkin 19"" Center-Weighted Shelf, Gray",Office Supplies,Storage,849.3119999999999,-47.184,16,4,0.1,-0.05555555555555556,0.036505457073103834,-0.01614249545092374
TEC-PH-10004093,Panasonic Kx-TS550,Technology,Phones,846.216,95.1993,23,7,0.2,0.11249999999999999,0.0363723836029323,0.03256939359064777
TEC-PH-10002115,Plantronics 81402,Technology,Phones,844.6719999999999,112.18299999999999,15,4,0.15000000000000002,0.1328125,0.036306018797394556,0.03837982297327437
OFF-BI-10001543,GBC VeloBinder Manual Binding System,Office Supplies,Binders,842.1659999999999,280.72200000000004,30,8,0.27499999999999997,0.3333333333333334,0.03619830493555674,0.09604004764272243
OFF-BI-10002133,"Wilson Jones Elliptical Ring 3 1/2"" Capacity Binders, 800 sheets",Office Supplies,Binders,834.6,-82.17599999999999,42,8,0.5125,-0.09846153846153845,0.035873100195466995,-0.02811388831330767
TEC-PH-10003555,Motorola HK250 Universal Bluetooth Headset,Technology,Phones,832.238,-91.50019999999998,41,9,0.13333333333333336,-0.10994475138121544,0.03577157579735809,-0.031303864917315447
OFF-PA-10002377,Xerox 1916,Office Supplies,Paper,831.98,342.58,20,7,0.14285714285714285,0.4117647058823529,0.03576048634151046,0.11720278254445267
FUR-TA-10001857,Balt Solid Wood Rectangular Table,Furniture,Tables,828.0965,-216.2545,11,4,0.2625,-0.2611464968152866,0.03559356424157145,-0.07398455583443092
FUR-BO-10000112,"Bush Birmingham Collection Bookcase, Dark Cherry",Furniture,Bookcases,825.174,-117.882,9,1,0.3,-0.14285714285714288,0.03546794821554551,-0.04032955342374094
OFF-AP-10002439,Tripp Lite Isotel 8 Ultra 8 Outlet Metal Surge,Office Supplies,Appliances,823.252,-17.03280000000001,16,3,0.3333333333333333,-0.020689655172413807,0.03538533606771938,-0.005827227376154927
FUR-FU-10001185,"Advantus Employee of the Month Certificate Frame, 11 x 13-1/2",Furniture,Furnishings,822.738,311.7744,28,5,0.04,0.37894736842105264,0.03536324312079814,0.10666363245410476
FUR-CH-10004540,Global Chrome Stack Chair,Furniture,Chairs,815.864,15.0832,32,6,0.26666666666666666,0.018487394957983194,0.03506778219251676,0.005160234134142357
OFF-AP-10001391,Kensington 6 Outlet MasterPiece HOMEOFFICE Power Control Center,Office Supplies,Appliances,812.1600000000001,235.52639999999997,9,2,0.0,0.2899999999999999,0.034908575431045384,0.08057781961199655
TEC-PH-10002538,Grandstream GXP1160 VoIP phone,Technology,Phones,803.692,157.70559999999998,24,6,0.10000000000000002,0.19622641509433958,0.03454460057787594,0.053953923588190886
FUR-CH-10004754,"Global Stack Chair with Arms, Black",Furniture,Chairs,803.464,125.0166,31,7,0.14285714285714285,0.15559701492537312,0.034534800593638504,0.04277042846706411
FUR-BO-10003894,"Safco Value Mate Steel Bookcase, Baked Enamel Finish on Steel, Black",Furniture,Bookcases,802.074,106.47,14,3,0.19999999999999998,0.13274336283185842,0.03447505507569972,0.03642530287088527
TEC-AC-10001714,Logitech MX Performance Wireless Mouse,Technology,Accessories,789.822,211.8159,23,7,0.1142857142857143,0.2681818181818182,0.03394843487009841,0.07246603090419036
FUR-FU-10003930,Howard Miller 12-3/4 Diameter Accuwave DS  Wall Clock,Furniture,Furnishings,786.9,147.9372,14,2,0.4,0.188,0.03382284033526597,0.05061197817104094
OFF-EN-10003055,"Blue String-Tie & Button Interoffice Envelopes, 10 x 13",Office Supplies,Envelopes,783.608,299.85,22,7,0.08571428571428573,0.38265306122448983,0.033681342317241195,0.10258408064088428
OFF-BI-10001524,GBC Premium Transparent Covers with Diagonal Lined Pattern,Office Supplies,Binders,780.456,49.51280000000001,67,14,0.39999999999999997,0.06344086021505378,0.0335458618333973,0.01693921983643814
TEC-PH-10003931,JBL Micro Wireless Portable Bluetooth Speaker,Technology,Phones,779.87,14.99750000000002,17,6,0.23333333333333336,0.019230769230769256,0.03352067415461161,0.005130914622016555
FUR-FU-10004973,Flat Face Poster Frame,Furniture,Furnishings,779.424,162.8699,57,14,0.2714285714285714,0.20896187440982059,0.03350150401000679,0.05572072354701604
TEC-AC-10004510,Logitech Desktop MK120 Mouse and keyboard Combo,Technology,Accessories,778.736,42.536,50,12,0.06666666666666667,0.0546218487394958,0.03347193212774645,0.014552331012641834
FUR-FU-10003268,Eldon Radial Chair Mat for Low to Medium Pile Carpets,Furniture,Furnishings,775.612,135.932,20,6,0.06666666666666667,0.17525773195876287,0.033337655150738735,0.04650478322386754
TEC-AC-10001109,Logitech Trackman Marble Mouse,Technology,Accessories,773.742,286.70439999999996,28,9,0.08888888888888889,0.3705426356589147,0.03325727808703693,0.09808673433282088
OFF-AP-10000240,Belkin F9G930V10-GRY 9 Outlet Surge,Office Supplies,Appliances,770.112,162.57920000000001,16,5,0.16,0.21111111111111114,0.03310125202220403,0.05562126984602453
OFF-PA-10000157,Xerox 191,Office Supplies,Paper,767.232,354.2454,39,10,0.02,0.46171875000000007,0.03297746274762585,0.12119372579710624
FUR-CH-10002774,"Global Deluxe Stacking Chair, Gray",Furniture,Chairs,764.7,76.9798,19,7,0.21428571428571427,0.10066666666666665,0.03286863134372587,0.026336174790459042
FUR-FU-10002116,"Tenex Carpeted, Granite-Look or Clear Contemporary Contour Shape Chair Mats",Furniture,Furnishings,763.6679999999999,-222.7365,15,5,0.24,-0.29166666666666674,0.03282427352033535,-0.07620216467456502
TEC-AC-10003023,Logitech G105 Gaming Keyboard,Technology,Accessories,759.936,78.36840000000001,14,5,0.12000000000000002,0.10312500000000001,0.0326638632520278,0.02681123983757571
OFF-AP-10001469,Fellowes 8 Outlet Superior Workstation Surge Protector,Office Supplies,Appliances,759.122,166.84,20,5,0.08,0.2197802197802198,0.032628875589004666,0.05707896619684887
TEC-PH-10004531,AT&T CL2909,Technology,Phones,755.9399999999999,50.395999999999994,8,3,0.26666666666666666,0.06666666666666667,0.03249210563355059,0.017241378449151256
OFF-PA-10002581,Xerox 1951,Office Supplies,Paper,755.912,244.74200000000002,30,6,0.16666666666666666,0.3237704918032787,0.03249090212671441,0.08373064220180525
FUR-BO-10002268,Sauder Barrister Bookcases,Furniture,Bookcases,754.7336,-294.7672,16,3,0.4066666666666667,-0.3905579399141631,0.03244025168186618,-0.10084516329860818
OFF-BI-10001989,Premium Transparent Presentation Covers by GBC,Office Supplies,Binders,753.182,284.0692,43,10,0.21000000000000002,0.37715877437325906,0.03237356021018718,0.09718518499380185
TEC-PH-10002085,Clarity 53712,Technology,Phones,752.2860000000001,68.6296,14,4,0.15000000000000002,0.09122807017543859,0.03233504799142953,0.02347942111306197
OFF-BI-10002026,Ibico Recycled Linen-Style Covers,Office Supplies,Binders,749.952,262.4832,24,4,0.3,0.35000000000000003,0.0322347271001568,0.08980022596524048
FUR-BO-10002824,Bush Mission Pointe Library,Furniture,Bookcases,748.8607999999999,24.156800000000004,6,3,0.17333333333333334,0.03225806451612904,0.032187824719455506,0.008264475968736747
TEC-PH-10001819,Innergie mMini Combo Duo USB Travel Charging Kit,Technology,Phones,746.834,302.3328,19,6,0.10000000000000002,0.4048192771084338,0.03210070801747111,0.10343349119754656
TEC-PH-10003171,Plantronics Encore H101 Dual Earpieces Headset,Technology,Phones,746.17,163.618,18,7,0.08571428571428573,0.21927710843373494,0.03207216771249893,0.05597666201867668
OFF-PA-10003892,Xerox 1943,Office Supplies,Paper,743.432,328.6752,16,4,0.05,0.4421052631578948,0.03195448193687565,0.11244570025499005
TEC-PH-10002923,"Logitech B530 USB Headset - headset - Full size, Binaural",Technology,Phones,739.8,64.7325,25,10,0.16,0.08750000000000001,0.03179836990726873,0.022146153076825218
OFF-AP-10002191,Belkin 8 Outlet SurgeMaster II Gold Surge Protector,Office Supplies,Appliances,737.754,89.97,15,5,0.22000000000000003,0.12195121951219512,0.03171042794345382,0.030780355962182288
FUR-BO-10003660,"Bush Cubix Collection Bookcases, Fully Assembled",Furniture,Bookcases,729.2339999999999,48.6156,4,3,0.2333333333333333,0.06666666666666668,0.03134421800616005,0.01663227157180248
TEC-PH-10003174,RCA ViSYS 25825 Wireless digital phone,Technology,Phones,727.944,90.993,7,2,0.2,0.125,0.031288770726921905,0.031130342670521872
FUR-BO-10000468,O'Sullivan 2-Shelf Heavy-Duty Bookcases,Furniture,Bookcases,723.842,-133.1092,21,6,0.18333333333333335,-0.18389261744966443,0.031112456975422025,-0.04553905254908652
TEC-MA-10001681,Lexmark MarkNet N8150 Wireless Print Server,Technology,Machines,723.51,-506.457,6,2,0.7,-0.7,0.031098186822935928,-0.17326805312369628
OFF-PA-10001954,Xerox 1964,Office Supplies,Paper,721.744,314.73519999999996,33,4,0.04,0.43607594936708854,0.03102227992748278,0.1076765754121222
TEC-AC-10001772,Memorex Mini Travel Drive 16 GB USB 2.0 Flash Drive,Technology,Accessories,718.65,280.2735,45,6,0.0,0.39,0.030889292422085258,0.09588660772220405
FUR-FU-10002759,12-1/2 Diameter Round Wall Clock,Furniture,Furnishings,711.288,7.204800000000006,56,12,0.3833333333333333,0.010129230353949463,0.030572856088944795,0.0024648917265347463
TEC-PH-10001198,Avaya 4621SW VoIP phone,Technology,Phones,709.92,79.866,12,4,0.2,0.1125,0.03051405618352016,0.027323595746089255
OFF-ST-10003058,Eldon Mobile Mega Data Cart  Mega Stackable  Add-On Trays,Office Supplies,Storage,709.5,205.755,30,6,0.0,0.29,0.030496003580977513,0.07039248795152625
TEC-AC-10000865,WD My Passport Ultra 500GB Portable External Hard Drive,Technology,Accessories,708.0,120.36,12,4,0.0,0.17,0.030431530000468048,0.041177321814029784
FUR-CH-10003606,SAFCO Folding Chair Trolley,Furniture,Chairs,705.32,151.3232,6,3,0.16666666666666666,0.21454545454545454,0.03031633720329114,0.05177038970030569
OFF-AR-10004022,Panasonic KP-380BK Classic Electric Pencil Sharpener,Office Supplies,Art,705.2080000000001,111.53799999999998,22,6,0.10000000000000002,0.1581632653061224,0.030311523175946434,0.03815915686684325
OFF-BI-10003984,Lock-Up Easel 'Spel-Binder',Office Supplies,Binders,704.691,39.371399999999994,44,7,0.4857142857142857,0.05587044534412954,0.030289301281864165,0.013469664407352044
TEC-MA-10001695,Zebra GK420t Direct Thermal/Thermal Transfer Printer,Technology,Machines,703.71,-938.28,6,1,0.7,-1.3333333333333333,0.030247135560210973,-0.32100247184835384
FUR-FU-10004093,Hand-Finished Solid Wood Document Frame,Furniture,Furnishings,703.568,208.5644,26,8,0.022222222222222223,0.2964381552316194,0.030241032061256078,0.07135363424518142
FUR-FU-10004845,"Deflect-o EconoMat Nonstudded, No Bevel Mat",Furniture,Furnishings,702.44,123.96,14,3,0.06666666666666667,0.1764705882352941,0.03019254792871296,0.04240894659411044
TEC-PH-10001924,iHome FM Clock Radio with Lightning Dock,Technology,Phones,699.9,17.49750000000001,13,5,0.24000000000000005,0.025000000000000015,0.03008337266571693,0.00598620960818367
OFF-LA-10001474,Avery 477,Office Supplies,Labels,699.03,298.3578,26,6,0.15,0.42681687481223984,0.030045977989021436,0.10207357216954085
OFF-BI-10003007,"Premium Transparent Presentation Covers, No Pattern/Clear, 8 1/2"" x 11""",Office Supplies,Binders,698.04,90.74519999999998,29,7,0.2857142857142857,0.12999999999999998,0.03000342542588519,0.031045565831492983
FUR-CH-10002044,"Office Star - Contemporary Task Swivel chair with 2-way adjustable arms, Plum",Furniture,Chairs,694.194,-158.48579999999998,7,2,0.25,-0.2283018867924528,0.02983811516545892,-0.054220844047473925
OFF-AP-10003842,Euro-Pro Shark Turbo Vacuum,Office Supplies,Appliances,693.952,143.7472,24,6,0.05000000000000001,0.20714285714285713,0.029827713427803396,0.04917850377422485
TEC-PH-10002564,OtterBox Defender Series Case - Samsung Galaxy S4,Technology,Phones,689.77,122.95899999999995,27,8,0.15000000000000002,0.1782608695652173,0.029647961085343,0.0420664864816491
TEC-PH-10000562,Samsung Convoy 3,Technology,Phones,688.138,-31.077199999999998,9,2,0.2,-0.04516129032258064,0.0295778138297487,-0.010632069337645118
OFF-BI-10002414,GBC ProClick Spines for 32-Hole Punch,Office Supplies,Binders,686.649,147.9806,16,7,0.31428571428571433,0.21551127286284552,0.02951381305549631,0.05062682609200081
FUR-CH-10000553,"Metal Folding Chairs, Beige, 4/Carton",Furniture,Chairs,685.588,115.73539999999998,23,5,0.12,0.1688118811881188,0.029468208742882605,0.0395951629368184
OFF-PA-10003129,Tops White Computer Printout Paper,Office Supplies,Paper,684.74,321.8278,14,4,0.0,0.47000000000000003,0.02943175967870126,0.11010308149967778
OFF-ST-10002276,Safco Steel Mobile File Cart,Office Supplies,Storage,683.552,120.872,9,5,0.08,0.17682926829268292,0.02938069660293776,0.04135248622719682
FUR-FU-10001215,"Howard Miller 11-1/2"" Diameter Brentwood Wall Clock",Furniture,Furnishings,681.454,256.1922,17,4,0.15,0.37594936708860766,0.02929051955499852,0.08764796166204955
OFF-AP-10002734,Holmes Harmony HEPA Air Purifier for 17 x 20 Room,Office Supplies,Appliances,675.12,290.3016,3,1,0.0,0.43,0.02901826911570055,0.09931740118251703
FUR-FU-10004006,"Deflect-o DuraMat Lighweight, Studded, Beveled Mat for Low Pile Carpeting",Furniture,Furnishings,673.87,72.07849999999998,17,6,0.06666666666666667,0.10696202531645566,0.028964541131942658,0.024659351864178673
OFF-AR-10004010,Hunt Boston Vacuum Mount KS Pencil Sharpener,Office Supplies,Art,671.808,153.95600000000002,20,5,0.08,0.22916666666666669,0.02887591144993565,0.05267111795613801
FUR-FU-10001588,"Deflect-o SuperTray Unbreakable Stackable Tray, Letter, Black",Furniture,Furnishings,671.14,39.101200000000006,38,8,0.375,0.0582608695652174,0.02884719921541543,0.013377224125247106
OFF-BI-10004492,Tuf-Vin Binders,Office Supplies,Binders,669.496,234.3236,26,7,0.2714285714285714,0.35000000000000003,0.028776536171177057,0.08016632008825184
OFF-BI-10003364,Binding Machine Supplies,Office Supplies,Binders,667.9929999999999,182.6042,32,9,0.18888888888888888,0.27336244541484717,0.02871193364350657,0.06247218268522315
OFF-AP-10003040,Fellowes 8 Outlet Superior Workstation Surge Protector w/o Phone/Fax/Modem Protection,Office Supplies,Appliances,665.6759999999999,43.706,25,5,0.2,0.06565656565656566,0.028612343452812945,0.014952609066168045
OFF-AP-10002867,Fellowes Command Center 5-outlet power strip,Office Supplies,Appliances,664.832,-78.016,15,4,0.25,-0.11734693877551021,0.028576066318179622,-0.02669067745632559
OFF-BI-10004330,"GBC Velobind Prepunched Cover Sets, Regency Series",Office Supplies,Binders,661.942,-9.245000000000005,33,7,0.41428571428571426,-0.01396648044692738,0.028451847219731385,-0.0031628808588460085
TEC-PH-10002310,Panasonic KX T7731-B Digital phone,Technology,Phones,659.934,75.9924,8,3,0.20000000000000004,0.11515151515151516,0.02836553858662271,0.025998367482722478
OFF-BI-10000666,Surelock Post Binders,Office Supplies,Binders,653.984,210.864,29,8,0.2625,0.32242990654205606,0.028109793383935166,0.07214036878525737
FUR-TA-10001676,Hon 61000 Series Interactive Training Tables,Furniture,Tables,653.121,-148.3962,22,9,0.3111111111111111,-0.22721088435374148,0.02807269958394872,-0.05076901033050122
OFF-PA-10001357,Xerox 1886,Office Supplies,Paper,651.4399999999999,302.728,14,5,0.04,0.46470588235294125,0.028000446191391106,0.10356869622895988
FUR-BO-10003450,"Bush Westfield Collection Bookcases, Dark Cherry Finish",Furniture,Bookcases,649.376,-97.4064,14,3,0.2333333333333333,-0.15000000000000002,0.027911730544610082,-0.03332448221623556
TEC-MA-10001856,Okidata C610n Printer,Technology,Machines,649.0,-272.58,2,1,0.5,-0.42,0.02789556916709571,-0.09325452293177335
OFF-AP-10001124,Belkin 8 Outlet SurgeMaster II Gold Surge Protector with Phone Protection,Office Supplies,Appliances,647.84,168.4384,8,1,0.0,0.26,0.02784570959816839,0.05762580759920468
OFF-LA-10002762,Avery 485,Office Supplies,Labels,639.03,300.3441,51,8,0.0,0.4700000000000001,0.02746703476864279,0.10275312114195036
FUR-TA-10004767,Safco Drafting Table,Furniture,Tables,638.8199999999999,34.07039999999995,12,4,0.2,0.05333333333333326,0.02745800846737146,0.01165609691868327
OFF-PA-10000167,Xerox 1925,Office Supplies,Paper,638.188,229.252,24,8,0.125,0.3592233009708738,0.027430843598783478,0.07843123446751377
FUR-FU-10001876,"Computer Room Manger, 14""",Furniture,Furnishings,636.6080000000001,179.2896,22,7,0.14285714285714285,0.2816326530612245,0.027362931427313508,0.06133819838076334
OFF-EN-10001434,"Strathmore #10 Envelopes, Ultimate White",Office Supplies,Envelopes,632.52,309.9348,12,4,0.0,0.49,0.027187219429231708,0.10603427219148354
OFF-AP-10000576,Belkin 7 Outlet SurgeMaster II,Office Supplies,Appliances,631.6800000000001,176.87040000000002,16,3,0.0,0.28,0.02715111422414641,0.06051054652854915
TEC-AC-10003590,"TRENDnet 56K USB 2.0 Phone, Internet and Fax Modem",Technology,Accessories,626.538,212.298,25,5,0.08,0.33884297520661155,0.026930098790159958,0.07263096598932284
TEC-PH-10004080,Avaya 5410 Digital phone,Technology,Phones,625.508,-10.878400000000003,13,4,0.30000000000000004,-0.01739130434782609,0.026885826931543455,-0.0037216963910081573
OFF-PA-10001736,Xerox 1880,Office Supplies,Paper,623.744,285.64639999999997,18,5,0.04,0.4579545454545454,0.026810006000864323,0.09772477349467495
OFF-AR-10001044,"BOSTON Ranger #55 Pencil Sharpener, Black",Office Supplies,Art,618.562,120.3337,27,9,0.08888888888888889,0.1945378151260504,0.026587271271397622,0.04116832411077531
TEC-PH-10001527,Plantronics MX500i Earset,Technology,Phones,618.48,-6.4425,15,7,0.05714285714285715,-0.010416666666666666,0.026583746715663104,-0.002204095179352666
OFF-PA-10004039,Xerox 1882,Office Supplies,Paper,615.78,273.18240000000003,12,5,0.12000000000000002,0.4436363636363637,0.026467694270746064,0.09346061481164018
OFF-PA-10004475,Xerox 1940,Office Supplies,Paper,615.552,279.1968,12,4,0.05,0.45357142857142857,0.026457894286508625,0.09551824927756158
OFF-ST-10000943,Eldon ProFile File 'N Store Portable File Tub Letter/Legal Size Black,Office Supplies,Storage,614.058,127.44600000000001,35,7,0.1142857142857143,0.20754716981132076,0.0263936786003212,0.043601569922821874
OFF-ST-10000777,"Companion Letter/Legal File, Black",Office Supplies,Storage,611.712,149.5296,17,5,0.08,0.24444444444444444,0.026292841920404392,0.05115676686542994
OFF-BI-10002854,"Performers Binder/Pad Holder, Black",Office Supplies,Binders,611.054,106.514,36,8,0.3625,0.1743119266055046,0.026264559509754242,0.036440356062641815
OFF-EN-10002831,"Tyvek  Top-Opening Peel & Seel  Envelopes, Gray",Office Supplies,Envelopes,610.98,274.941,17,3,0.0,0.44999999999999996,0.026261378813115775,0.09406226351670956
TEC-PH-10003092,Motorola L804,Technology,Phones,607.068,-13.337100000000007,19,6,0.26666666666666666,-0.021969696969696983,0.026093231715147085,-0.004562861904003797
TEC-PH-10002597,Xblue XB-1670-86 X16 Small Office Telephone - Titanium,Technology,Phones,604.752,132.2895,5,2,0.1,0.21875000000000003,0.02599368450684047,0.04525861842902205
OFF-PA-10004327,Xerox 1911,Office Supplies,Paper,603.54,279.736,13,5,0.04,0.4634920634920635,0.02594158985378882,0.09570271930017811
FUR-CH-10002780,Office Star - Task Chair with Contemporary Loop Arms,Furniture,Chairs,600.4680000000001,47.3096,8,2,0.15000000000000002,0.07878787878787878,0.025809547960905437,0.016185465471028778
TEC-MA-10004626,Lexmark 20R1285 X6650 Wireless All-in-One Printer,Technology,Machines,600.0,218.4,6,2,0.25,0.364,0.02578943220378648,0.07471856999155954
TEC-PH-10001448,Anker Astro 15000mAh USB Portable Charger,Technology,Phones,599.88,-23.99520000000006,13,5,0.08,-0.040000000000000105,0.025784274317345722,-0.008209189700830925
OFF-ST-10000934,"Contico 72""H Heavy-Duty Storage System",Office Supplies,Storage,598.308,-57.372,16,5,0.08,-0.0958904109589041,0.0257167060049718,-0.019627993578551987
TEC-MA-10003674,Hewlett-Packard Deskjet 5550 Printer,Technology,Machines,597.132,49.761,3,1,0.4,0.08333333333333334,0.02566615871785238,0.01702413352266481
OFF-PA-10002923,Xerox 1942,Office Supplies,Paper,597.068,278.95799999999997,13,6,0.06666666666666667,0.4672131147540983,0.025663407845083978,0.09543655150048289
TEC-PH-10003357,Grandstream GXP2100 Mainstream Business Phone,Technology,Phones,596.6220000000001,45.894000000000005,10,4,0.25,0.07692307692307693,0.025644237700479165,0.015701163238061512
OFF-PA-10002222,"Xerox Color Copier Paper, 11"" x 17"", Ream",Office Supplies,Paper,593.84,260.83279999999996,27,6,0.03333333333333333,0.43923076923076915,0.025524660699827607,0.08923559442717238
OFF-ST-10001321,"Decoflex Hanging Personal Folder File, Blue",Office Supplies,Storage,592.6,156.16180000000003,48,13,0.04615384615384616,0.2635197435032062,0.025471362539939778,0.05342576182833298
TEC-AC-10001114,Microsoft Wireless Mobile Mouse 4000,Technology,Accessories,591.852,183.954,15,4,0.05,0.31081081081081086,0.02543921171445906,0.0629339735541545
TEC-PH-10000675,Panasonic KX TS3282B Corded phone,Technology,Phones,590.328,44.2746,9,3,0.20000000000000004,0.075,0.02537370655666144,0.015147137357821895
OFF-PA-10001790,Xerox 1910,Office Supplies,Paper,586.088,236.3568,14,5,0.12000000000000002,0.4032786885245902,0.025191461235754685,0.08086191439460182
OFF-BI-10003982,Wilson Jones Century Plastic Molded Ring Binders,Office Supplies,Binders,583.6370000000001,55.2482,48,10,0.37,0.09466192170818503,0.025086111405202217,0.018901403381903294
TEC-AC-10000991,Sony Micro Vault Click 8 GB USB 2.0 Flash Drive,Technology,Accessories,582.6759999999999,57.3278,13,4,0.05,0.09838709677419356,0.02504480533128915,0.01961287196319655
OFF-ST-10000676,Fellowes Econo/Stor Drawers,Office Supplies,Storage,581.58,-56.2194,7,2,0.1,-0.09666666666666666,0.024997696635130236,-0.019233668378129495
FUR-FU-10001986,"Dana Fluorescent Magnifying Lamp, White, 36""",Furniture,Furnishings,581.172,81.568,14,4,0.25,0.14035087719298245,0.02498015982123166,0.02790588057267183
TEC-MA-10001016,Canon PC170 Desktop Personal Copier,Technology,Machines,575.82,67.179,6,2,0.4,0.11666666666666665,0.02475011808597389,0.022983144750288363
OFF-PA-10003790,Xerox 1991,Office Supplies,Paper,575.568,254.8944,26,6,0.06666666666666667,0.44285714285714284,0.024739286524448293,0.08720396092883047
FUR-FU-10004748,"Howard Miller 16"" Diameter Gallery Wall Clock",Furniture,Furnishings,575.46,107.41919999999999,12,4,0.15,0.18666666666666665,0.024734644426651617,0.0367500412712332
OFF-PA-10002319,Xerox 1944,Office Supplies,Paper,573.648,257.3664,16,6,0.10000000000000002,0.4486486486486486,0.024656760341396182,0.08804967661115251
OFF-AR-10002240,Panasonic KP-150 Electric Pencil Sharpener,Office Supplies,Art,573.648,126.80640000000001,16,4,0.05,0.2210526315789474,0.024656760341396182,0.04338275125356088
TEC-PH-10000011,PureGear Roll-On Screen Protector,Technology,Phones,571.7139999999999,218.2908,34,5,0.16,0.38181818181818183,0.02457363240492597,0.07468121070656375
TEC-AC-10004595,First Data TMFD35 PIN Pad,Technology,Accessories,571.2,119.952,4,2,0.0,0.21,0.024551539458004732,0.041037737672287314
OFF-EN-10002504,"Tyvek  Top-Opening Peel & Seel Envelopes, Plain White",Office Supplies,Envelopes,570.78,225.0504,24,7,0.1142857142857143,0.3942857142857143,0.02453348685546208,0.07699379150196187
OFF-BI-10003876,"Green Canvas Binder for 8-1/2"" x 14"" Sheets",Office Supplies,Binders,569.24,162.64000000000001,19,5,0.26,0.28571428571428575,0.024467293979472362,0.055642070620088115
OFF-AR-10003903,Sanford 52201 APSCO Electric Pencil Sharpener,Office Supplies,Art,565.3860000000001,140.9368,14,4,0.05,0.24927536231884057,0.02430163985995004,0.04821701536257522
TEC-AC-10003280,Belkin F8E887 USB Wired Ergonomic Keyboard,Technology,Accessories,563.812,66.27789999999997,21,8,0.1,0.11755319148936165,0.024233985582802105,0.022674862225474275
FUR-FU-10003975,Eldon Advantage Chair Mats for Low to Medium Pile Carpets,Furniture,Furnishings,563.03,56.30299999999999,13,5,0.0,0.09999999999999999,0.02420037335616317,0.019262269442466923
OFF-AP-10000159,Belkin F9M820V08 8 Outlet Surge,Office Supplies,Appliances,558.74,101.00299999999989,15,3,0.13333333333333333,0.18076923076923057,0.024015978915906098,0.034554943795134976
TEC-AC-10000057,Microsoft Natural Ergonomic Keyboard 4000,Technology,Accessories,557.814,107.66409999999999,19,5,0.04,0.19301075268817203,0.023976177225538253,0.03683382596807813
TEC-AC-10002006,Memorex Micro Travel Drive 16 GB,Technology,Accessories,556.452,126.1611,39,6,0.08571428571428573,0.2267241379310345,0.023917635214435656,0.04316198251173142
OFF-BI-10001765,Wilson Jones Heavy-Duty Casebound Ring Binders with Metal Hinges,Office Supplies,Binders,554.24,157.95839999999998,22,6,0.3,0.285,0.0238225581743777,0.054040411017192105
OFF-EN-10000927,Jet-Pak Recycled Peel 'N' Seal Padded Mailers,Office Supplies,Envelopes,552.706,177.6555,19,4,0.15000000000000002,0.3214285714285714,0.02375662319271002,0.06077914336600506
TEC-AC-10001874,Logitech Wireless Anywhere Mouse MX for PC and Mac,Technology,Accessories,551.908,89.985,11,3,0.13333333333333333,0.16304347826086957,0.02372232324787898,0.03078548773209929
TEC-AC-10004901,Kensington SlimBlade Notebook Wireless Mouse with Nano Receiver,Technology,Accessories,549.89,120.9758,13,4,0.15000000000000002,0.22000000000000003,0.023635584790900246,0.04138799807502248
FUR-FU-10004270,"Eldon Image Series Desk Accessories, Burgundy",Furniture,Furnishings,548.192,123.68,51,12,0.09166666666666667,0.2256143832817699,0.02356260069776353,0.042313153555659726
FUR-FU-10001602,"Eldon Delta Triangular Chair Mat, 52"" x 58"", Clear",Furniture,Furnishings,546.192,17.44779999999998,17,6,0.16666666666666666,0.03194444444444441,0.02347663592375091,0.005969206343858658
TEC-PH-10001468,Panasonic Business Telephones KX-T7736,Technology,Phones,546.06,163.818,3,1,0.0,0.30000000000000004,0.023470962248666072,0.056045085617570066
OFF-BI-10002794,"Avery Trapezoid Ring Binder, 3"" Capacity, Black, 1040 sheets",Office Supplies,Binders,545.034,85.2384,22,7,0.5,0.15639097744360902,0.0234268623195976,0.029161590459562948
FUR-BO-10002202,"Atlantic Metals Mobile 2-Shelf Bookcases, Custom Colors",Furniture,Bookcases,544.6148000000001,-310.8642,5,4,0.605,-0.570796460176991,0.02340884410296456,-0.10635223665554103
TEC-AC-10003399,Memorex Mini Travel Drive 64 GB USB 2.0 Flash Drive,Technology,Accessories,543.6,228.312,15,6,0.0,0.42,0.023365225576630552,0.07810964355271494
OFF-PA-10001019,Xerox 1884,Office Supplies,Paper,543.456,204.5952,32,8,0.1,0.3764705882352941,0.023359036112901643,0.06999569950154359
TEC-PH-10001552,I Need's 3d Hello Kitty Hybrid Silicone Case Cover for HTC One X 4g with 3d Hello Kitty Stylus Pen Green/pink,Technology,Phones,542.984,95.2016,52,10,0.12000000000000002,0.17533039647577092,0.023338748426234665,0.032570180462035046
FUR-BO-10002853,O'Sullivan 5-Shelf Heavy-Duty Bookcases,Furniture,Bookcases,540.804,-12.290999999999997,9,4,0.175,-0.02272727272727272,0.023245046822560903,-0.004204972269992024
OFF-PA-10003656,Xerox 1935,Office Supplies,Paper,538.152,239.0028,21,4,0.05,0.4441176470588235,0.02313105753222017,0.08176715860796112
TEC-AC-10003116,Memorex Froggy Flash Drive 8 GB,Technology,Accessories,536.05,189.57,32,8,0.07500000000000001,0.3536423841059603,0.023040708554732902,0.06485530821108032
FUR-FU-10004018,Tensor Computer Mounted Lamp,Furniture,Furnishings,536.04,144.7308,36,8,0.0,0.27,0.02304027873086284,0.04951501103358243
OFF-AR-10004602,Boston KS Multi-Size Manual Pencil Sharpener,Office Supplies,Art,533.3679999999999,119.548,25,7,0.05714285714285715,0.2241379310344828,0.022925429792781976,0.04089952200252271
TEC-AC-10001013,Logitech ClearChat Comfort/USB Headset H390,Technology,Accessories,533.078,160.21629999999996,19,6,0.06666666666666667,0.3005494505494505,0.02291296490055015,0.054812879236898794
OFF-BI-10003684,Wilson Jones Legal Size Ring Binders,Office Supplies,Binders,532.158,48.378000000000014,44,9,0.4222222222222223,0.09090909090909094,0.022873421104504344,0.016550984336317163
FUR-FU-10003535,Howard Miller Distant Time Traveler Alarm Clock,Furniture,Furnishings,531.948,192.2142,21,6,0.13333333333333333,0.36134020618556706,0.022864394803233018,0.06575993661204955
OFF-AR-10002067,Newell 334,Office Supplies,Art,531.712,135.30880000000002,27,6,0.03333333333333333,0.25447761194029855,0.022854250959899527,0.04629157528971581
OFF-PA-10004353,Southworth 25% Cotton Premium Laser Paper and Envelopes,Office Supplies,Paper,527.472,236.5632,28,5,0.08,0.4484848484848485,0.02267200563899277,0.08093252754865977
OFF-BI-10002429,"Premier Elliptical Ring Binder, Black",Office Supplies,Binders,526.612,-201.51279999999997,46,9,0.6444444444444444,-0.38265895953757223,0.02263504078616734,-0.06894115499539898
OFF-AR-10003582,"Boston Electric Pencil Sharpener, Model 1818, Charcoal Black",Office Supplies,Art,523.59,118.22999999999999,20,8,0.07500000000000001,0.2258064516129032,0.022505148012634275,0.0404486104858154
OFF-ST-10003641,Space Solutions Industrial Galvanized Steel Shelving.,Office Supplies,Storage,520.0799999999999,-20.487999999999957,7,3,0.06666666666666667,-0.039393939393939315,0.022354279834242118,-0.007009313470636761
FUR-TA-10001866,Bevis Round Conference Room Tables and Bases,Furniture,Tables,519.941,-39.443800000000024,4,2,0.25,-0.07586206896551728,0.022348305282448248,-0.013494433750151455
OFF-ST-10000636,Rogers Profile Extra Capacity Storage Tub,Office Supplies,Storage,518.9399999999999,4.68719999999999,32,7,0.028571428571428574,0.00903225806451611,0.022305279913054924,0.0016035754636650051
OFF-LA-10003923,Alphabetical Labels for Top Tab Filing,Office Supplies,Labels,518.0,244.2,37,9,0.06666666666666668,0.4714285714285714,0.022264876469268995,0.0835452142488042
OFF-ST-10001590,"Tenex Personal Project File with Scoop Front Design, Black",Office Supplies,Storage,517.6320000000001,118.62400000000001,40,10,0.06000000000000001,0.22916666666666666,0.022249058950850675,0.04058340497563534
OFF-PA-10002120,Xerox 1889,Office Supplies,Paper,516.624,236.32799999999997,10,3,0.06666666666666667,0.45744680851063824,0.02220573270474831,0.08085206139636117
TEC-PH-10004912,Cisco SPA112 2 Port Phone Adapter,Technology,Phones,516.53,87.37049999999999,11,3,0.13333333333333333,0.16914893617021276,0.022201692360369715,0.029891020235565714
OFF-AP-10002350,Belkin F9H710-06 7 Outlet SurgeMaster Surge Protector,Office Supplies,Appliances,516.216,122.8368,29,8,0.07500000000000001,0.23795620437956203,0.022188195890849735,0.04202467966272527
TEC-PH-10004896,Nokia Lumia 521 (T-Mobile),Technology,Phones,515.828,83.97200000000001,20,5,0.16,0.16279069767441862,0.022171518724691287,0.028728332231370137
OFF-AP-10001154,Bionaire Personal Warm Mist Humidifier/Vaporizer,Office Supplies,Appliances,515.79,201.1581,11,3,0.0,0.39,0.022169885393985046,0.0688198057427616
FUR-FU-10004952,"C-Line Cubicle Keepers Polyproplyene Holder w/Velcro Back, 8-1/2x11, 25/Bx",Furniture,Furnishings,514.556,23.538199999999996,13,4,0.15,0.04574468085106382,0.022116845128419264,0.008052841777359553
FUR-FU-10000758,DAX Natural Wood-Tone Poster Frame,Furniture,Furnishings,513.712,123.9264,23,5,0.2,0.24123711340206186,0.022080567993785934,0.04239745142949635
OFF-PA-10000176,Xerox 1887,Office Supplies,Paper,512.19,216.25799999999998,30,8,0.1,0.42222222222222217,0.022015148800762333,0.07398575324741154
OFF-AR-10001955,Newell 319,Office Supplies,Art,511.872,123.008,28,8,0.1,0.24031007751937983,0.022001480401694324,0.042083250263377996
FUR-FU-10003623,"DataProducts Ampli Magnifier Task Lamp, Black,",Furniture,Furnishings,508.72800000000007,99.5808,21,5,0.12000000000000002,0.1957446808510638,0.021866343776946486,0.03406838358340426
TEC-MA-10001031,Socket Bluetooth Cordless Hand Scanner (CHS),Technology,Machines,506.28,177.198,3,1,0.2,0.35000000000000003,0.02176112289355503,0.06062262438353649
OFF-BI-10001510,Deluxe Heavy-Duty Vinyl Round Ring Binder,Office Supplies,Binders,504.24,88.242,33,7,0.3285714285714286,0.17500000000000002,0.02167343882406216,0.030189176067743573
TEC-AC-10002335,Logitech Media Keyboard K200,Technology,Accessories,503.856,50.385599999999975,16,4,0.1,0.09999999999999995,0.021656933587451736,0.017237820422008793
TEC-AC-10000023,"Maxell 74 Minute CD-R Spindle, 50/Pack",Technology,Accessories,503.28000000000003,181.1808,24,5,0.0,0.36,0.0216321757325361,0.06198521193189904
OFF-PA-10003823,Xerox 197,Office Supplies,Paper,501.87600000000003,195.174,18,3,0.06666666666666667,0.3888888888888889,0.021571828461179242,0.06677253745207253
FUR-FU-10003039,"Howard Miller 11-1/2"" Diameter Grantwood Wall Clock",Furniture,Furnishings,500.30800000000005,101.7868,14,6,0.16666666666666666,0.20344827586206896,0.021504432078353345,0.034823095879198136
TEC-AC-10003289,Anker Ultra-Slim Mini Bluetooth 3.0 Wireless Keyboard,Technology,Accessories,499.75,99.5502,26,5,0.08,0.19920000000000002,0.021480447906403823,0.03405791477277358
OFF-PA-10003134,Xerox 1937,Office Supplies,Paper,499.616,199.84640000000002,12,4,0.15000000000000002,0.4,0.021474688266544976,0.06837104956941943
TEC-PH-10000193,Jensen SMPS-640 - speaker phone,Technology,Phones,496.584,88.28160000000001,12,4,0.1,0.1777777777777778,0.021344365669141843,0.030202723940324465
OFF-AR-10004042,"BOSTON Model 1800 Electric Pencil Sharpeners, Putty/Woodgrain",Office Supplies,Art,496.248,113.27399999999997,30,6,0.06666666666666667,0.22826086956521735,0.02132992358710772,0.038753073705237694
OFF-BI-10000778,GBC VeloBinder Electric Binding Machine,Office Supplies,Binders,496.018,-411.332,15,4,0.725,-0.8292682926829269,0.02132003763809627,-0.14072407890003738
TEC-PH-10000439,GE DSL Phone Line Filter,Technology,Phones,495.87600000000003,69.9825,15,4,0.1,0.1411290322580645,0.02131393413914138,0.02394227254777617
TEC-AC-10002600,Belkin QODE FastFit Bluetooth Keyboard,Technology,Accessories,495.6,16.107,9,2,0.1,0.032499999999999994,0.021302071000327636,0.005510494536877516
TEC-AC-10000927,Anker Ultrathin Bluetooth Wireless Keyboard Aluminum Cover with Stand,Technology,Accessories,491.836,32.989000000000004,17,4,0.05,0.06707317073170732,0.02114028529563588,0.01128613051946684
TEC-PH-10003095,Samsung HM1900 Bluetooth Headset,Technology,Phones,491.68,195.355,27,7,0.17142857142857146,0.39732142857142855,0.021133580043262896,0.06683446080907103
FUR-BO-10004360,Rush Hierlooms Collection Rich Wood Bookcases,Furniture,Bookcases,489.37919999999997,-70.8312,4,2,0.16,-0.14473684210526316,0.021034686167238775,-0.024232628089680183
OFF-EN-10004483,"#10 White Business Envelopes,4 1/8 x 9 1/2",Office Supplies,Envelopes,488.904,223.14079999999998,32,7,0.05714285714285715,0.4564102564102564,0.021014260936933378,0.07634048297972795
TEC-PH-10000141,Clearsounds A400,Technology,Phones,488.326,-48.8326,11,3,0.3333333333333333,-0.09999999999999999,0.020989417117243732,-0.016706511176601786
FUR-FU-10000076,24-Hour Round Wall Clock,Furniture,Furnishings,487.512,180.0198,27,6,0.06666666666666667,0.36926229508196723,0.020954429454220592,0.061588012940323025
OFF-BI-10004001,GBC Recycled VeloBinder Covers,Office Supplies,Binders,487.344,100.8768,42,8,0.35,0.206993006993007,0.020947208413203532,0.0345117685042333
OFF-ST-10004180,Safco Commercial Shelving,Office Supplies,Storage,483.704,-7.441600000000009,11,5,0.08,-0.015384615384615403,0.02079075252450056,-0.002545905267624497
OFF-ST-10002370,"Sortfiler Multipurpose Personal File Organizer, Black",Office Supplies,Storage,483.414,118.9284,24,6,0.06666666666666667,0.24601769911504426,0.02077828763226873,0.04068754569315105
TEC-PH-10001615,AT&T CL82213,Technology,Phones,481.234,131.32469999999998,17,5,0.04,0.2728915662650602,0.02068458602859497,0.044928542987960424
OFF-ST-10002583,Fellowes Neat Ideas Storage Cubes,Office Supplies,Storage,480.70399999999995,-18.1888,16,7,0.08571428571428573,-0.03783783783783784,0.020661805363481625,-0.0062227157777586
TEC-MA-10002790,NeatDesk Desktop Scanner & Digital Filing System,Technology,Machines,479.988,55.9986,2,1,0.4,0.11666666666666667,0.02063102997438511,0.019158128724951217
TEC-AC-10004420,Cherry 142-key Programmable Keyboard,Technology,Accessories,479.72,52.7692,4,1,0.0,0.10999999999999999,0.02061951069466742,0.018053292873619977
FUR-FU-10004460,"Howard Miller 12"" Round Wall Clock",Furniture,Furnishings,479.33799999999997,127.2996,14,2,0.1,0.2655737704918033,0.020603091422831007,0.043551483848431924
TEC-AC-10003038,Kingston Digital DataTraveler 16GB USB 2.0,Technology,Accessories,477.93,64.70849999999996,57,13,0.06153846153846154,0.1353932584269662,0.020542572221926122,0.022137942244958
FUR-FU-10001473,DAX Wood Document Frame,Furniture,Furnishings,477.80400000000003,126.316,40,9,0.1111111111111111,0.26436781609195403,0.020537156441163325,0.04321497658907433
OFF-ST-10000107,Fellowes Super Stor/Drawer,Office Supplies,Storage,477.3,67.71,18,4,0.05,0.14186046511627906,0.020515493318112147,0.023164809405350255
OFF-AR-10000588,Newell 345,Office Supplies,Art,476.16,94.4384,26,9,0.06666666666666668,0.19833333333333333,0.020466493396924954,0.03230907600865795
TEC-PH-10000586,AT&T SB67148 SynJ,Technology,Phones,475.128,89.74640000000001,8,3,0.13333333333333333,0.1888888888888889,0.020422135573534436,0.030703858378619504
TEC-AC-10002550,"Memorex 25GB 6X Branded Blu-Ray Recordable Disc, 30/Pack",Technology,Accessories,472.86,-32.2695,17,4,0.1,-0.06824324324324324,0.020324651519804126,-0.011039976622447942
TEC-AC-10001284,Enermax Briskie RF Wireless Keyboard and Mouse Combo,Technology,Accessories,469.402,150.3748,24,5,0.04,0.32035398230088497,0.0201760184255363,0.05144592499435333
FUR-FU-10000305,"Tenex V2T-RE Standard Weight Series Chair Mat, 45"" x 53"", Lip 25"" x 12""",Furniture,Furnishings,468.468,51.105599999999995,7,3,0.06666666666666667,0.10909090909090907,0.020135872876072408,0.01748414537802493
TEC-PH-10004522,Dexim XPower Skin Super-Thin Power Case for iPhone 5 - Black,Technology,Phones,467.92,-14.622499999999985,11,3,0.20000000000000004,-0.031249999999999965,0.020112318527992952,-0.005002620374091475
FUR-FU-10000193,Tenex Chairmats For Use with Hard Floors,Furniture,Furnishings,467.712,-129.92,20,6,0.26666666666666666,-0.27777777777777773,0.020103378191495637,-0.04444796984113285
TEC-PH-10003215,Jackery Bar Premium Fast-charging Portable Charger,Technology,Phones,467.22,192.279,18,4,0.15000000000000002,0.4115384615384615,0.020082230857088535,0.06578210585809101
TEC-AC-10001267,Imation 32GB Pocket Pro USB 3.0 Flash Drive - 32 GB - Black - 1 P ...,Technology,Accessories,467.22,143.76,18,5,0.12000000000000002,0.30769230769230765,0.020082230857088535,0.04918288288455402
FUR-FU-10002878,"Seth Thomas 14"" Day/Date Wall Clock",Furniture,Furnishings,467.072,162.0512,17,6,0.06666666666666667,0.3469512195121951,0.020075869463811596,0.05544063154494603
OFF-BI-10004230,GBC Recycled Grain Textured Covers,Office Supplies,Binders,466.29,107.07400000000003,20,5,0.4,0.22962962962962968,0.020042257237172664,0.03663194213954326
OFF-BI-10001658,GBC Standard Therm-A-Bind Covers,Office Supplies,Binders,466.004,8.472800000000001,34,12,0.48333333333333334,0.018181818181818184,0.02002996427448886,0.0028986973435187074
TEC-MA-10002930,Ricoh - Ink Collector Unit for GX3000 Series Printers,Technology,Machines,465.64500000000004,36.916,14,3,0.3,0.07927927927927926,0.020014533597553594,0.01262962788373815
OFF-AP-10002892,Belkin F5C206VTEL 6 Outlet Surge,Office Supplies,Appliances,464.196,110.30399999999999,22,7,0.05714285714285715,0.23762376237623759,0.01995225211878145,0.037736983261671166
FUR-FU-10003374,Electrix Fluorescent Magnifier Lamps & Weighted Base,Furniture,Furnishings,463.79600000000005,73.0232,11,2,0.1,0.15744680851063828,0.019935059163978926,0.024982550733551514
FUR-CH-10001146,"Global Task Chair, Black",Furniture,Chairs,463.099,-80.4062,12,5,0.24,-0.17362637362637362,0.019905100440235524,-0.02750840788670025
TEC-AC-10004855,V7 USB Numeric Keypad,Technology,Accessories,461.868,-58.7832,16,4,0.15000000000000002,-0.1272727272727273,0.019852189121830757,-0.020110790492343603
OFF-AR-10001615,Newell 34,Office Supplies,Art,460.288,93.248,25,7,0.05714285714285715,0.20258620689655174,0.019784276950360787,0.03190181874804462
OFF-ST-10001328,"Personal Filing Tote with Lid, Black/Gray",Office Supplies,Storage,459.096,112.9128,31,8,0.05,0.24594594594594596,0.019733041945049264,0.03862950068563628
OFF-SU-10000898,"Acme Hot Forged Carbon Steel Scissors with Nickel-Plated Handles, 3 7/8"" Cut, 8""L",Office Supplies,Supplies,458.7,103.416,36,7,0.08571428571428573,0.22545454545454546,0.019716020919794762,0.03538047451578352
OFF-PA-10000241,"IBM Multi-Purpose Copy Paper, 8 1/2 x 11"", Case",Office Supplies,Paper,458.504,185.88,16,6,0.10000000000000002,0.4054054054054054,0.019707596371941527,0.06359289281149764
OFF-ST-10001558,Acco Perma 4000 Stacking Storage Drawers,Office Supplies,Storage,457.968,30.044,31,11,0.09090909090909091,0.06560283687943262,0.019684557812506144,0.010278593025761973
FUR-FU-10001095,DAX Black Cherry Wood-Tone Poster Frame,Furniture,Furnishings,455.456,61.433600000000006,24,8,0.22499999999999998,0.13488372093023257,0.019576586056346292,0.021017540024878538
FUR-FU-10000629,9-3/4 Diameter Round Wall Clock,Furniture,Furnishings,455.07,183.1312,34,8,0.05,0.40242424242424246,0.019559994854961855,0.06265247886830719
OFF-PA-10001970,Xerox 1881,Office Supplies,Paper,454.36,207.04080000000002,38,11,0.03333333333333333,0.4556756756756757,0.019529477360187376,0.07083238326881174
TEC-PH-10004006,Panasonic KX - TS880B Telephone,Technology,Phones,453.41999999999996,122.4234,11,3,0.0,0.27,0.019489073916401443,0.041883248083812684
OFF-AP-10002495,"Acco Smartsocket Table Surge Protector, 6 Color-Coded Adapter Outlets",Office Supplies,Appliances,452.96500000000003,105.485,8,3,0.10000000000000002,0.2328767123287671,0.019469516930313575,0.036088316646335425
OFF-BI-10000315,Poly Designer Cover & Back,Office Supplies,Binders,451.962,106.34400000000001,35,7,0.37142857142857144,0.23529411764705885,0.01942640559614624,0.03638219600358246
TEC-MA-10002109,"HP Officejet Pro 8600 e-All-In-One Printer, Copier, Scanner, Fax",Technology,Machines,449.97,47.99679999999998,4,2,0.25,0.10666666666666662,0.019340784681229673,0.01642056895682639
OFF-ST-10003638,Mobile Personal File Cube,Office Supplies,Storage,449.664,90.6354,21,5,0.04,0.2015625,0.01932763207080574,0.031008001275700525
OFF-AP-10002403,Acco Smartsocket Color-Coded Six-Outlet AC Adapter Model Surge Protectors,Office Supplies,Appliances,448.902,-7.041599999999995,14,4,0.30000000000000004,-0.01568627450980391,0.019294879491906933,-0.002409058069837753
OFF-SU-10002573,"Acme 10"" Easy Grip Assistive Scissors",Office Supplies,Supplies,448.76800000000003,129.722,26,8,0.025,0.2890625,0.019289119852048085,0.04438023047822842
TEC-MA-10003246,Hewlett-Packard Deskjet D4360 Printer,Technology,Machines,447.968,139.99,4,1,0.2,0.3125,0.019254733942443036,0.04789309804541401
OFF-AR-10002956,Boston 16801 Nautilus Battery Pencil Sharpener,Office Supplies,Art,444.60200000000003,69.9918,23,6,0.10000000000000002,0.1574257425742574,0.019110055227779796,0.02394545424512471
OFF-ST-10002485,Rogers Deluxe File Chest,Office Supplies,Storage,443.996,-34.72840000000001,22,8,0.1,-0.07821782178217823,0.019084007901253967,-0.011881210559042477
OFF-PA-10001977,Xerox 194,Office Supplies,Paper,443.84,184.1936,9,4,0.1,0.41500000000000004,0.019077302648880985,0.06301594502562875
TEC-AC-10002217,Imation Clip USB flash drive - 8 GB,Technology,Accessories,443.67999999999995,1.879999999999999,25,7,0.08571428571428573,0.004237288135593219,0.019070425466959973,0.0006431818295976733
TEC-PH-10003589,invisibleSHIELD by ZAGG Smudge-Free Screen Protector,Technology,Phones,442.554,171.2648,29,7,0.17142857142857146,0.3869918699186992,0.019022027299190867,0.05859276989876578
FUR-FU-10000222,"Seth Thomas 16"" Steel Case Clock",Furniture,Furnishings,441.72799999999995,28.257600000000004,19,5,0.24,0.06397058823529413,0.018986523847523654,0.009667433440446396
TEC-AC-10003063,Micro Innovations USB RF Wireless Keyboard with Mouse,Technology,Accessories,440.0,84.5,18,6,0.03333333333333333,0.19204545454545455,0.018912250282776752,0.02890897053244863
OFF-AR-10002987,Prismacolor Color Pencil Set,Office Supplies,Art,436.48,155.54559999999998,24,7,0.08571428571428573,0.3563636363636363,0.01876095228051454,0.05321494872014249
OFF-AP-10000358,Fellowes Basic Home/Office Series Surge Protectors,Office Supplies,Appliances,436.12800000000004,58.2802,41,9,0.13333333333333336,0.13363095238095238,0.01874582248028832,0.019938705141126778
FUR-FU-10001861,"Floodlight Indoor Halogen Bulbs, 1 Bulb per Pack, 60 Watts",Furniture,Furnishings,434.56,197.104,24,6,0.13333333333333333,0.4535714285714286,0.01867842609746242,0.06743282518139355
OFF-BI-10000069,"GBC Prepunched Paper, 19-Hole, for Binding Systems, 24-lb",Office Supplies,Binders,433.789,125.7838,38,7,0.33749999999999997,0.28996539792387543,0.018645286677080555,0.043032901392419075
OFF-EN-10004773,Staple envelope,Office Supplies,Envelopes,433.72,196.72299999999998,15,4,0.1,0.4535714285714285,0.018642320892377124,0.06730247822550167
OFF-AP-10004859,Acco 6 Outlet Guardian Premium Surge Suppressor,Office Supplies,Appliances,432.432,60.424,35,8,0.1625,0.13973063973063973,0.018586959577912992,0.020672137697664805
OFF-AR-10000937,"Dixon Ticonderoga Core-Lock Colored Pencils, 48-Color Set",Office Supplies,Art,431.28999999999996,165.206,13,2,0.1,0.38305084745762713,0.018537873691951784,0.056519945393890034
OFF-ST-10004507,Advantus Rolling Storage Box,Office Supplies,Storage,428.75,90.7235,27,10,0.08,0.2116,0.018428698428955757,0.03103814187101306
TEC-PH-10000149,Cisco SPA525G2 IP Phone - Wireless,Technology,Phones,426.93,43.092,26,5,0.2,0.10093457943925233,0.01835047048460427,0.014742548617565401
FUR-BO-10001619,O'Sullivan Cherrywood Estates Traditional Bookcase,Furniture,Bookcases,424.90000000000003,27.19359999999998,6,2,0.1,0.06399999999999995,0.018263216238981462,0.009303419894333663
OFF-PA-10004381,14-7/8 x 11 Blue Bar Computer Printout Paper,Office Supplies,Paper,422.752,172.94400000000002,10,4,0.1,0.4090909090909091,0.018170890071691904,0.059167254435074514
OFF-BI-10001191,Canvas Sectional Post Binders,Office Supplies,Binders,422.63599999999997,59.0672,28,6,0.3333333333333333,0.13975903614457832,0.01816590411479917,0.020207952002772187
OFF-LA-10001074,Round Specialty Laser Printer Labels,Office Supplies,Labels,421.008,162.0129,39,6,0.13333333333333333,0.3848214285714286,0.018095928788752897,0.05542752842575795
TEC-AC-10000397,"Perixx PERIBOARD-512B, Ergonomic Split Keyboard",Technology,Accessories,419.88,29.391599999999997,12,3,0.0,0.06999999999999999,0.01804744465620978,0.0100553952461718
TEC-PH-10002807,Motorla HX550 Universal Bluetooth Headset,Technology,Phones,419.23,122.60499999999999,15,4,0.25,0.29245283018867924,0.018019506104655678,0.041945376711607855
OFF-PA-10004243,Xerox 1939,Office Supplies,Paper,417.34,200.32319999999999,22,5,0.0,0.48,0.01793826939321375,0.06853417142918122
OFF-PA-10000483,Xerox 19,Office Supplies,Paper,415.132,159.547,15,4,0.1,0.3843283582089552,0.017843364282703816,0.054583899663202144
TEC-PH-10003800,i.Sound Portable Power - 8000 mAh,Technology,Phones,413.322,-58.8189,9,5,0.12000000000000002,-0.1423076923076923,0.017765566162222392,-0.020123004104746066
OFF-BI-10000962,"Acco Flexible ACCOHIDE Square Ring Data Binder, Dark Blue, 11 1/2"" X 14"" 7/8""",Office Supplies,Binders,410.004,111.2868,36,10,0.29,0.2714285714285714,0.017622950602135454,0.038073216826633186
OFF-AP-10004532,Kensington 6 Outlet Guardian Standard Surge Protector,Office Supplies,Appliances,409.6,110.592,20,6,0.0,0.26999999999999996,0.017605585717784904,0.03783551324407762
OFF-ST-10001172,"Tennsco Lockers, Sand",Office Supplies,Storage,407.012,56.2264,22,5,0.12000000000000002,0.13814432989690723,0.01749434730021257,0.019236063204090766
OFF-ST-10002289,"Safco Wire Cube Shelving System, For Use as 4 or 5 14"" Cubes, Black",Office Supplies,Storage,406.784,14.300999999999979,13,4,0.05,0.03515624999999995,0.01748454731597513,0.004892629438870382
OFF-PA-10000659,"TOPS Carbonless Receipt Book, Four 2-3/4 x 7-1/4 Money Receipts per Page",Office Supplies,Paper,406.464,178.704,25,4,0.1,0.43965517241379315,0.017470792952133114,0.06113785408320355
OFF-PA-10001295,Computer Printout Paper with Letter-Trim Perforations,Office Supplies,Paper,405.95799999999997,169.2124,24,7,0.08571428571428573,0.4168224299065421,0.017449043864307918,0.057890606926922016
OFF-AR-10000538,"Boston Model 1800 Electric Pencil Sharpener, Gray",Office Supplies,Art,405.36,109.785,15,3,0.06666666666666667,0.2708333333333333,0.017423340396878147,0.03755942402254287
OFF-AR-10001897,Model L Table or Wall-Mount Pencil Sharpener,Office Supplies,Art,402.976,92.10879999999999,24,5,0.08,0.22857142857142854,0.0173208703862551,0.031512077928747974
OFF-ST-10000642,"Tennsco Lockers, Gray",Office Supplies,Storage,402.81600000000003,-26.43480000000002,22,6,0.10000000000000002,-0.06562500000000004,0.017313993204334095,-0.009043820760132232
TEC-MA-10004458,Lexmark X 9575 Professional All-in-One Color Printer,Technology,Machines,396.0,190.08,4,1,0.0,0.48000000000000004,0.017021025254499077,0.06502978838825842
TEC-PH-10004100,Griffin GC17055 Auxiliary Audio Cable,Technology,Phones,395.78,46.0544,27,6,0.16666666666666666,0.11636363636363638,0.01701156912935769,0.01575603896437399
FUR-FU-10004960,"Seth Thomas 12"" Clock w/ Goldtone Case",Furniture,Furnishings,390.66,132.8244,17,3,0.0,0.33999999999999997,0.01679149930788538,0.045441617344262365
OFF-BI-10002852,Ibico Standard Transparent Covers,Office Supplies,Binders,390.576,104.81280000000001,34,10,0.32999999999999996,0.2683544303797468,0.01678788878737685,0.03585834493045482
OFF-AR-10004260,Boston 1799 Powerhouse Electric Pencil Sharpener,Office Supplies,Art,389.70000000000005,109.116,15,3,0.0,0.27999999999999997,0.01675023621635932,0.037330547084244554
TEC-AC-10004001,Logitech Wireless Headset H600 Over-The-Head Design,Technology,Accessories,386.90999999999997,133.269,10,2,0.1,0.3444444444444445,0.01663031535661171,0.04559372300460233
OFF-AP-10002765,Fellowes Advanced Computer Series Surge Protectors,Office Supplies,Appliances,386.75399999999996,100.662,15,6,0.03333333333333333,0.26027397260273977,0.016623610104238726,0.03443828155902182
OFF-BI-10004236,"XtraLife ClearVue Slant-D Ring Binder, White, 3""",Office Supplies,Binders,386.084,76.9232,39,10,0.3,0.19923954372623573,0.0165948119049445,0.026316810911972213
TEC-MA-10001570,Cisco Desktop Collaboration Experience DX650 IP Video Phone,Technology,Machines,385.8,130.2075,5,1,0.2,0.3375,0.016582604907034705,0.04454632876454207
TEC-PH-10004188,OtterBox Commuter Series Case - Samsung Galaxy S4,Technology,Phones,384.846,-55.9776,18,4,0.15000000000000002,-0.14545454545454545,0.016541599709830688,-0.019150944247067415
TEC-AC-10002647,"Logitech Wireless Boombox Speaker - portable - wireless, wired",Technology,Accessories,383.04,148.96,4,2,0.1,0.3888888888888889,0.016463973518897293,0.05096189645578163
TEC-AC-10004864,Memorex Micro Travel Drive 32 GB,Technology,Accessories,379.70399999999995,129.9756,12,5,0.12000000000000002,0.3423076923076923,0.016320584275844232,0.044466991601625205
FUR-FU-10004622,Eldon Advantage Foldable Chair Mats for Low Pile Carpets,Furniture,Furnishings,379.4,-48.78,10,3,0.19999999999999998,-0.1285714285714286,0.016307517630194317,-0.01668851577009283
TEC-PH-10002075,AT&T EL51110 DECT,Technology,Phones,377.97,109.6113,3,1,0.0,0.29,0.016246052816775297,0.03749999812690398
FUR-FU-10002045,"Executive Impressions 14""",Furniture,Furnishings,377.91,166.2804,17,4,0.0,0.43999999999999995,0.016243473873554917,0.05688751696714522
OFF-BI-10002498,Clear Mylar Reinforcing Strips,Office Supplies,Binders,377.538,90.2727,29,7,0.41428571428571426,0.2391089108910891,0.016227484425588568,0.0308839150791074
FUR-FU-10000246,Aluminum Document Frame,Furniture,Furnishings,376.798,84.75199999999998,31,7,0.1142857142857143,0.2249268839006576,0.016195677459203896,0.02899518426705427
OFF-EN-10002500,Globe Weis Peel & Seel First Class Envelopes,Office Supplies,Envelopes,375.73199999999997,164.862,30,7,0.028571428571428574,0.4387755102040817,0.01614985823465517,0.056402256803793446
OFF-ST-10002301,Tennsco Commercial Shelving,Office Supplies,Storage,374.256,-48.612600000000015,21,9,0.1111111111111111,-0.12989130434782614,0.016086416231433854,-0.016631245217819085
TEC-AC-10004859,"Maxell Pro 80 Minute CD-R, 10/Pack",Technology,Accessories,374.072,122.36,24,4,0.1,0.32710280373831774,0.016078507472224692,0.04186155780296349
TEC-AC-10001553,"Memorex 25GB 6X Branded Blu-Ray Recordable Disc, 15/Pack",Technology,Accessories,373.78000000000003,24.805400000000006,26,5,0.16,0.06636363636363637,0.016065956615218854,0.008486373699947945
OFF-ST-10004950,Acco Perma 3000 Stacking Storage Drawers,Office Supplies,Storage,373.444,16.574199999999998,21,6,0.13333333333333333,0.0443820224719101,0.016051514533184732,0.005670332063892426
OFF-LA-10004544,Avery 505,Office Supplies,Labels,372.96000000000004,165.76,28,7,0.1142857142857143,0.44444444444444436,0.016030711057873678,0.056709478762824665
OFF-BI-10003638,GBC Durable Plastic Covers,Office Supplies,Binders,369.585,14.318999999999999,34,8,0.35,0.0387434554973822,0.01588564550172738,0.004898787562770792
FUR-FU-10003247,36X48 HARDFLOOR CHAIRMAT,Furniture,Furnishings,369.248,-40.491400000000006,21,6,0.2333333333333333,-0.10965909090909093,0.01587116043730625,-0.013852836561154918
OFF-ST-10000464,"Multi-Use Personal File Cart and Caster Set, Three Stacking Bins",Office Supplies,Storage,368.456,93.15679999999999,11,5,0.04,0.2528301886792452,0.01583711838679725,0.031870617586949236
TEC-AC-10003657,Lenovo 17-Key USB Numeric Keypad,Technology,Accessories,367.092,22.43339999999998,13,5,0.16,0.06111111111111106,0.015778490410920644,0.0076748698170725745
TEC-AC-10001383,Logitech Wireless Touch Keyboard K400,Technology,Accessories,364.854,53.728499999999976,15,3,0.06666666666666667,0.1472602739726027,0.01568229582880052,0.018381486665712016
FUR-FU-10001473,"Eldon Executive Woodline II Desk Accessories, Mahogany",Furniture,Furnishings,361.87199999999996,50.008700000000005,17,5,0.24,0.13819444444444448,0.015554122350747698,0.01710887614989425
TEC-AC-10002399,SanDisk Cruzer 32 GB USB Flash Drive,Technology,Accessories,361.38,102.708,20,6,0.06666666666666667,0.28421052631578947,0.015532975016340598,0.03513825497570099
TEC-AC-10004114,KeyTronic 6101 Series - Keyboard - Black,Technology,Accessories,360.712,127.06899999999999,10,2,0.1,0.35227272727272724,0.015504262781820382,0.043472591438907866
TEC-AC-10001956,Microsoft Arc Touch Mouse,Technology,Accessories,359.70000000000005,91.124,7,2,0.1,0.2533333333333333,0.015460764606169998,0.031175160127797027
FUR-FU-10000521,"Seth Thomas 14"" Putty-Colored Wall Clock",Furniture,Furnishings,357.948,94.7682,13,4,0.05,0.2647540983606557,0.015385459464134938,0.03242190652323312
OFF-AP-10000696,Holmes Odor Grabber,Office Supplies,Appliances,357.616,67.774,30,8,0.225,0.18951612903225806,0.015371189311648843,0.023186704956996134
TEC-AC-10002167,Imation 8gb Micro Traveldrive Usb 2.0 Flash Drive,Technology,Accessories,357.0,23.25,25,8,0.07500000000000001,0.06512605042016807,0.015344712161252955,0.007954243371354208
TEC-AC-10003441,Kingston Digital DataTraveler 32GB USB 2.0,Technology,Accessories,355.95,5.4239999999999995,22,7,0.05714285714285715,0.015238095238095236,0.015299580654896328,0.0018556480019881819
OFF-BI-10003707,Aluminum Screw Posts,Office Supplies,Binders,354.032,41.202,41,11,0.43636363636363634,0.11637931034482758,0.015217140436618225,0.01409594560802306
OFF-ST-10002406,Pizazz Global Quick File,Office Supplies,Storage,353.29200000000003,94.6104,24,6,0.03333333333333333,0.2677966101694915,0.015185333470233556,0.03236792030370625
OFF-PA-10000595,Xerox 1929,Office Supplies,Paper,351.736,154.39839999999998,16,4,0.05,0.43896103896103894,0.015118452876051737,0.05282247095689013
TEC-MA-10002981,I.R.I.S IRISCard Anywhere 5 Card Scanner,Technology,Machines,350.973,152.0883,3,1,0.1,0.43333333333333335,0.01508565731476592,0.052032144177872275
TEC-AC-10003027,Imation 8GB Mini TravelDrive USB 2.0 Flash Drive,Technology,Accessories,350.20399999999995,8.7551,13,3,0.06666666666666667,0.025000000000000005,0.015052603859158064,0.0029952772533566987
OFF-ST-10004963,Eldon Gobal File Keepers,Office Supplies,Storage,348.22,-0.6056000000000212,24,6,0.06666666666666667,-0.0017391304347826695,0.014967326803337549,-0.0002071866574491302
OFF-ST-10000615,"SimpliFile Personal File, Black Granite, 15w x 6-15/16d x 11-1/4h",Office Supplies,Storage,347.31,85.806,32,8,0.07500000000000001,0.24705882352941175,0.014928212831161804,0.029355776633222332
FUR-FU-10004090,"Executive Impressions 14"" Contract Wall Clock",Furniture,Furnishings,346.788,93.5883,17,7,0.05714285714285715,0.26987179487179486,0.01490577602514451,0.032018241501561684
OFF-BI-10001721,Trimflex Flexible Post Binders,Office Supplies,Binders,346.356,112.8864,21,4,0.30000000000000004,0.3259259259259259,0.014887207633957783,0.03862046877058235
OFF-ST-10001325,Sterilite Officeware Hinged File Box,Office Supplies,Storage,345.84000000000003,78.076,35,11,0.07272727272727274,0.2257575757575757,0.014865028722262528,0.0267112045359936
OFF-ST-10000876,Eldon Simplefile Box Office,Office Supplies,Storage,345.832,77.128,30,8,0.07500000000000001,0.22302158273381295,0.014864684863166477,0.026386876677239025
OFF-ST-10000798,2300 Heavy-Duty Transfer File Systems by Perma,Office Supplies,Storage,344.724,20.983199999999982,16,4,0.1,0.06086956521739126,0.014817060378363483,0.007178730301496752
OFF-AP-10000692,Fellowes Mighty 8 Compact Surge Protector,Office Supplies,Appliances,344.59000000000003,67.2964,19,6,0.10000000000000002,0.1952941176470588,0.014811300738504642,0.02302330940283877
FUR-FU-10004597,Eldon Cleatmat Chair Mats for Medium Pile Carpets,Furniture,Furnishings,344.1,-42.18000000000001,8,4,0.3,-0.12258064516129033,0.014790239368871546,-0.014430537006611639
OFF-AP-10001492,"Acco Six-Outlet Power Strip, 4' Cord Length",Office Supplies,Appliances,343.076,81.54520000000001,41,9,0.022222222222222223,0.23768844221105528,0.014746225404577085,0.02789808028239799
OFF-BI-10002353,GBC VeloBind Cover Sets,Office Supplies,Binders,342.768,18.528,42,11,0.4636363636363636,0.05405405405405406,0.014732986829379138,0.0063387622014817535
OFF-PA-10004092,Tops Green Bar Computer Printout Paper,Office Supplies,Paper,342.58,171.29,7,3,0.0,0.5,0.014724906140621953,0.058601391272226334
OFF-AR-10004648,Boston 19500 Mighty Mite Electric Pencil Sharpener,Office Supplies,Art,342.55,92.4885,17,4,0.0,0.27,0.014723616669011765,0.03164198013124704
TEC-MA-10000904,"Brother MFC-9340CDW LED All-In-One Printer, Copier Scanner",Technology,Machines,341.991,-319.1916,3,1,0.7,-0.9333333333333333,0.014699589514675237,-0.10920119004266426
TEC-PH-10004959,Classic Ivory Antique Telephone ZL1810,Technology,Phones,341.666,40.196,4,2,0.1,0.11764705882352941,0.014685620238898186,0.013751774905589409
OFF-ST-10000136,Letter Size File,Office Supplies,Storage,341.41999999999996,59.55,10,2,0.1,0.1744186046511628,0.01467504657169463,0.02037312657050078
TEC-PH-10002293,Anker 36W 4-Port USB Wall Charger Travel Power Adapter for iPhone 5s 5c 5,Technology,Phones,339.83,23.18840000000001,22,6,0.23333333333333336,0.06823529411764709,0.0146067045763546,0.007933168902895055
FUR-FU-10000397,Luxo Economy Swing Arm Lamp,Furniture,Furnishings,338.98,94.9144,17,5,0.0,0.27999999999999997,0.014570169547399236,0.03247192417402417
OFF-ST-10003455,"Tenex File Box, Personal Filing Tote with Lid, Black",Office Supplies,Storage,338.118,62.6604,24,7,0.08571428571428573,0.1853211009174312,0.014533118729799795,0.021437250380490463
OFF-EN-10001335,"White Business Envelopes with Contemporary Seam, Recycled White Business Envelopes",Office Supplies,Envelopes,336.952,150.97199999999998,34,6,0.10000000000000002,0.448051948051948,0.014483001266550437,0.05165023786064892
TEC-MA-10003066,Wasp CCD Handheld Bar Code Reader,Technology,Machines,336.51,44.868,3,1,0.4,0.13333333333333333,0.014464003051493647,0.015350150175738524
TEC-PH-10001644,"BlueLounge Milo Smartphone Stand, White/Metallic",Technology,Phones,335.88800000000003,76.77440000000001,12,3,0.06666666666666667,0.2285714285714286,0.014437268006775724,0.026265903754395557
OFF-PA-10003441,Xerox 226,Office Supplies,Paper,334.368,155.7792,53,11,0.03636363636363637,0.4658914728682171,0.01437193477852613,0.05329486748364996
OFF-BI-10002225,"Square Ring Data Binders, Rigid 75 Pt. Covers, 11"" x 14-7/8""",Office Supplies,Binders,334.368,98.2464,22,7,0.2571428571428572,0.2938271604938271,0.01437193477852613,0.0336118613315877
FUR-FU-10001475,"Contract Clock, 14"", Brown",Furniture,Furnishings,334.096,29.4532,21,5,0.27999999999999997,0.0881578947368421,0.014360243569260415,0.010076469714630958
OFF-AP-10002998,Holmes 99% HEPA Air Purifier,Office Supplies,Appliances,333.564,86.8566,17,4,0.1,0.2603896103896104,0.014337376939373057,0.0297152057982092
FUR-FU-10002379,Eldon Econocleat Chair Mats for Low Pile Carpets,Furniture,Furnishings,331.76,39.8112,8,2,0.0,0.12,0.014259836713213672,0.013620127901318568
OFF-AR-10004344,Bulldog Vacuum Base Pencil Sharpener,Office Supplies,Art,330.924,59.5903,31,6,0.10000000000000002,0.18007246376811595,0.014223903437676395,0.02038691392567779
TEC-AC-10004227,SanDisk Ultra 16 GB MicroSDHC Class 10 Memory Card,Technology,Accessories,329.94599999999997,-48.5826,31,7,0.14285714285714285,-0.14724409448818898,0.014181866663184222,-0.016620981677985074
OFF-PA-10003625,Xerox 1979,Office Supplies,Paper,328.38800000000003,140.959,11,3,0.06666666666666667,0.4292452830188679,0.014114900104228393,0.048224610382052384
OFF-PA-10003127,Easy-staple paper,Office Supplies,Paper,327.11199999999997,141.9244,13,6,0.03333333333333333,0.4338709677419355,0.014060054578408338,0.048554891093910674
OFF-EN-10004206,Multimedia Mailers,Office Supplies,Envelopes,325.86,149.8956,2,1,0.0,0.45999999999999996,0.014006240629876437,0.051281982051404815
TEC-AC-10002305,KeyTronic E03601U1 - Keyboard - Beige,Technology,Accessories,324.0,58.32,18,6,0.0,0.18,0.013926293390044699,0.019952321437306558
TEC-PH-10002817,RCA ViSYS 25425RE1 Corded phone,Technology,Phones,323.976,36.4473,3,1,0.2,0.11249999999999999,0.013925261812756549,0.012469277179731538
FUR-BO-10003433,Sauder Cornerstone Collection Library,Furniture,Bookcases,322.192,-81.1676,14,3,0.2333333333333333,-0.2519230769230769,0.01384858123433729,-0.0277688965276873
TEC-AC-10000682,Kensington K72356US Mouse-in-a-Box USB Desktop Mouse,Technology,Accessories,321.846,106.17599999999999,20,6,0.03333333333333333,0.3298969072164948,0.013833709328433107,0.03632472018051202
OFF-PA-10004530,Personal Creations Ink Jet Cards and Labels,Office Supplies,Paper,321.44000000000005,157.5056,28,4,0.0,0.4899999999999999,0.013816258479308546,0.05388549998929752
OFF-EN-10000483,"White Envelopes, White Envelopes with Clear Poly Window",Office Supplies,Envelopes,320.25,139.07999999999998,22,5,0.08,0.4342857142857142,0.013765109438771034,0.04758177067044917
TEC-MA-10004255,Konica Minolta magicolor 1690MF Multifunction Printer,Technology,Machines,319.92,118.3704,8,1,0.0,0.37,0.013750925251058952,0.04049664385223855
OFF-ST-10002214,X-Rack File for Hanging Folders,Office Supplies,Storage,318.378,67.74,30,9,0.044444444444444446,0.2127659574468085,0.013684646410295221,0.023175072945184262
OFF-ST-10000419,"Rogers Jumbo File, Granite",Office Supplies,Storage,317.772,-4.888800000000006,24,7,0.028571428571428574,-0.015384615384615405,0.013658599083769395,-0.0016725464513495272
FUR-FU-10003799,"Seth Thomas 13 1/2"" Wall Clock",Furniture,Furnishings,316.48400000000004,71.11999999999999,20,5,0.16,0.22471910112359544,0.013603237769305268,0.024331431766482205
FUR-FU-10004270,"Executive Impressions 13"" Clairmont Wall Clock",Furniture,Furnishings,315.372,88.458,20,8,0.22499999999999998,0.28048780487804875,0.013555441354954251,0.030263073554548412
OFF-BI-10002931,"Avery Trapezoid Extra Heavy Duty 4"" Binders",Office Supplies,Binders,314.55,-7.105427357601002e-15,15,4,0.44999999999999996,-2.2589182507076782e-17,0.013520109832835064,-2.430894557412328e-18
OFF-BI-10004233,"GBC Pre-Punched Binding Paper, Plastic, White, 8-1/2"" x 11""",Office Supplies,Binders,310.206,52.447199999999995,31,8,0.2875,0.1690721649484536,0.013333394343679647,0.017943130879401654
FUR-FU-10000087,"Executive Impressions 14"" Two-Color Numerals Wall Clock",Furniture,Furnishings,308.99199999999996,94.51520000000001,16,6,0.13333333333333333,0.30588235294117655,0.013281213725853985,0.032335350670633006
OFF-BI-10002824,Recycled Easel Ring Binders,Office Supplies,Binders,308.844,21.634,35,9,0.3888888888888889,0.07004830917874397,0.013274852332577051,0.007401380692295782
OFF-SU-10001218,Fiskars Softgrip Scissors,Office Supplies,Supplies,307.44,86.0832,28,7,0.0,0.28,0.013214505061220192,0.029450611741288546
OFF-SU-10002537,Acme Box Cutter Scissors,Office Supplies,Supplies,306.9,72.2238,31,6,0.03333333333333333,0.23533333333333334,0.013191294572236783,0.024709061608774712
OFF-AP-10004980,3M Replacement Filter for Office Air Cleaner for 20' x 33' Room,Office Supplies,Appliances,303.36,-20.476799999999997,14,4,0.25,-0.06749999999999999,0.013039136922234445,-0.007005481749098747
OFF-ST-10000760,Eldon Fold 'N Roll Cart System,Office Supplies,Storage,301.968,63.7488,24,5,0.12000000000000002,0.2111111111111111,0.01297930543952166,0.021809611605668182
OFF-ST-10002486,Eldon Shelf Savers Cubes and Bins,Office Supplies,Storage,300.14,-7.678000000000007,45,8,0.05,-0.025581395348837233,0.012900733636074123,-0.0026267819615164592
TEC-MA-10000597,Lexmark S315 Color Inkjet Printer,Technology,Machines,299.97,34.996500000000005,5,2,0.44999999999999996,0.11666666666666667,0.012893426630283051,0.011972932393359037
FUR-FU-10001057,Tensor Track Tree Floor Lamp,Furniture,Furnishings,299.85,38.180899999999994,17,4,0.1,0.1273333333333333,0.012888268743842295,0.013062372934939264
OFF-AP-10004233,Honeywell Enviracaire Portable Air Cleaner for up to 8 x 10 Room,Office Supplies,Appliances,299.20799999999997,-177.22320000000002,9,2,0.45,-0.5923076923076924,0.012860674051384241,-0.060631245756997056
TEC-AC-10001266,Memorex Micro Travel Drive 8 GB,Technology,Accessories,299.0,113.1,26,8,0.1,0.3782608695652174,0.01285173371488693,0.038693545174200476
FUR-FU-10003347,Coloredge Poster Frame,Furniture,Furnishings,298.2,116.298,21,6,0.0,0.39,0.012817347805281881,0.03978763852050545
OFF-AR-10001725,Boston Home & Office Model 2000 Electric Pencil Sharpeners,Office Supplies,Art,297.99,70.477,13,6,0.03333333333333333,0.2365079365079365,0.012808321504010556,0.024111449896040027
TEC-AC-10000710,Maxell DVD-RAM Discs,Technology,Accessories,296.64,127.5552,18,3,0.0,0.43,0.012750295281552035,0.04363892920781765
OFF-FA-10004854,"Vinyl Coated Wire Paper Clips in Organizer Box, 800/Box",Office Supplies,Fasteners,296.18399999999997,119.7364,29,8,0.1,0.40426356589147294,0.012730695313077156,0.04096397703268026
OFF-PA-10001363,Xerox 1933,Office Supplies,Paper,294.72,138.5184,24,5,0.0,0.47000000000000003,0.01266776909849992,0.0473896372047566
OFF-AR-10002952,Stanley Contemporary Battery Pencil Sharpeners,Office Supplies,Art,293.7,63.012,24,4,0.05,0.21454545454545457,0.012623927063753482,0.02155753906734501
TEC-AC-10003447,Micropad Numeric Keypads,Technology,Accessories,291.854,66.9665,15,4,0.05,0.22945205479452055,0.012544581577339831,0.022910444676464154
FUR-FU-10002813,"DAX Contemporary Wood Frame with Silver Metal Mat, Desktop, 11 x 14 Size",Furniture,Furnishings,291.45599999999996,97.152,15,5,0.04,0.33333333333333337,0.01252747458731132,0.033237447398443185
OFF-AP-10001947,Acco 6 Outlet Guardian Premium Plus Surge Suppressor,Office Supplies,Appliances,289.456,-113.7672,31,6,0.4000000000000001,-0.3930379746835443,0.012441509813298699,-0.038921806300108754
OFF-AR-10001915,Peel-Off China Markers,Office Supplies,Art,287.96999999999997,109.4286,31,7,0.08571428571428573,0.38000000000000006,0.01237763798620732,0.03743749316931489
OFF-BI-10001628,"Acco Data Flex Cable Posts For Top & Bottom Load Binders, 6"" Capacity",Office Supplies,Binders,287.868,64.1445,39,10,0.29,0.22282608695652173,0.012373253782732676,0.021944987696078708
TEC-PH-10004531,OtterBox Commuter Series Case - iPhone 5 & 5s,Technology,Phones,285.87,102.91319999999999,16,4,0.15000000000000002,0.35999999999999993,0.012287374973494067,0.035208457588165584
OFF-EN-10003286,Staple envelope,Office Supplies,Envelopes,284.832,131.238,35,7,0.028571428571428574,0.46075581395348836,0.012242759255781516,0.044898881357840155
OFF-ST-10001228,"Fellowes Personal Hanging Folder Files, Navy",Office Supplies,Storage,284.716,52.6456,24,4,0.1,0.1849056603773585,0.012237773298888786,0.018011007089503876
OFF-PA-10002421,Embossed Ink Jet Note Cards,Office Supplies,Paper,284.382,108.336,15,4,0.15000000000000002,0.38095238095238093,0.01222341718162868,0.03706369504856041
OFF-ST-10002182,"Iris 3-Drawer Stacking Bin, Black",Office Supplies,Storage,284.104,-43.4512,16,3,0.13333333333333333,-0.15294117647058825,0.012211468078040922,-0.014865437401177892
OFF-PA-10000380,"REDIFORM Incoming/Outgoing Call Register, 11"" X 8 1/2"", 100 Messages",Office Supplies,Paper,281.892,127.602,37,8,0.07500000000000001,0.45266272189349116,0.012116391037982965,0.0436549403299587
TEC-PH-10001870,Lunatik TT5L-002 Taktik Strike Impact Protection System for iPhone 5,Technology,Phones,281.658,6.122999999999979,6,3,0.26666666666666666,0.021739130434782532,0.012106333159423489,0.0020947884801205013
OFF-PA-10002986,Xerox 1898,Office Supplies,Paper,280.56,120.7744,46,11,0.07272727272727274,0.43047619047619046,0.012059138498490558,0.04131909551093685
TEC-AC-10004518,Memorex Mini Travel Drive 32 GB USB 2.0 Flash Drive,Technology,Accessories,280.0,109.19999999999999,14,2,0.0,0.38999999999999996,0.012035068361767024,0.037359284995779764
TEC-MA-10000029,"Epson WorkForce WF-2530 All-in-One Printer, Copier Scanner",Technology,Machines,279.96,120.3828,4,2,0.0,0.43000000000000005,0.01203334906628677,0.04118512210430363
OFF-PA-10000565,Easy-staple paper,Office Supplies,Paper,279.9,137.151,5,2,0.0,0.4900000000000001,0.012030770123066392,0.04692182505912263
TEC-PH-10004833,Macally Suction Cup Mount,Technology,Phones,279.63,-31.07,26,4,0.15000000000000002,-0.11111111111111112,0.01201916487857469,-0.010629606088084958
FUR-FU-10003724,Westinghouse Clip-On Gooseneck Lamps,Furniture,Furnishings,279.558,44.1936,38,9,0.1111111111111111,0.15808383233532936,0.012016070146710234,0.01511942580027008
OFF-SU-10000381,Acme Forged Steel Scissors with Black Enamel Handles,Office Supplies,Supplies,279.3,67.7768,32,8,0.05,0.24266666666666664,0.012004980690862607,0.023187662887380642
OFF-ST-10004950,"Tenex Personal Filing Tote With Secure Closure Lid, Black/Frost",Office Supplies,Storage,279.18,23.26499999999998,22,5,0.12000000000000002,0.08333333333333326,0.01199982280442185,0.007959375141271204
OFF-AP-10002670,Belkin 8-Outlet Premiere SurgeMaster II Surge Protectors,Office Supplies,Appliances,277.92,83.376,4,2,0.0,0.3,0.011945664996793899,0.028524429906667894
OFF-LA-10001158,"Avery Address/Shipping Labels for Typewriters, 4"" x 2""",Office Supplies,Labels,277.38,126.684,28,7,0.05714285714285715,0.45671641791044776,0.011922454507810489,0.04334087601103813
OFF-BI-10003719,Large Capacity Hanging Post Binders,Office Supplies,Binders,276.945,-19.461,22,5,0.45999999999999996,-0.07027027027027026,0.011903757169462745,-0.006657958290319323
OFF-ST-10000344,"Neat Ideas Personal Hanging Folder Files, Black",Office Supplies,Storage,276.658,58.0176,22,7,0.1142857142857143,0.20970873786407768,0.011891421224391935,0.019848864955779782
TEC-AC-10002345,HP Standard 104 key PS/2 Keyboard,Technology,Accessories,275.5,58.0,20,6,0.06666666666666667,0.21052631578947367,0.011841647620238625,0.019842843679077165
OFF-AR-10001958,Stanley Bostitch Contemporary Electric Pencil Sharpeners,Office Supplies,Art,275.076,42.7896,19,7,0.14285714285714285,0.15555555555555553,0.01182342308814795,0.014639092136038628
TEC-PH-10000213,Seidio BD2-HK3IPH5-BK DILEX Case and Holster Combo for Apple iPhone 5/5s - Black,Technology,Phones,272.88800000000003,27.288800000000002,11,3,0.20000000000000004,0.09999999999999999,0.011729377625378143,0.009335989527406914
OFF-BI-10001294,Fellowes Binding Cases,Office Supplies,Binders,271.44,71.955,31,5,0.28,0.2650862068965517,0.011667139128993004,0.024617100291862027
FUR-FU-10001591,Advantus Panel Wall Certificate Holder - 8.5x11,Furniture,Furnishings,270.84,108.092,23,6,0.06666666666666667,0.39909909909909913,0.011641349696789215,0.0369802182579105
OFF-ST-10001031,Adjustable Personal File Tote,Office Supplies,Storage,270.24800000000005,53.3984,18,5,0.08,0.1975903614457831,0.011615904123681483,0.01826855351573852
OFF-BI-10001460,Plastic Binding Combs,Office Supplies,Binders,269.67,84.9915,23,5,0.26,0.3151685393258427,0.011591060303991834,0.029077121526729085
OFF-BI-10000309,"GBC Twin Loop Wire Binding Elements, 9/16"" Spine, Black",Office Supplies,Binders,269.394,-2.2830000000000013,35,9,0.3888888888888889,-0.008474576271186446,0.011579197165178091,-0.0007810553813678137
OFF-BI-10001107,"GBC White Gloss Covers, Plain Front",Office Supplies,Binders,269.328,31.421600000000005,31,7,0.5,0.1166666666666667,0.011576360327635675,0.010749894774939503
OFF-PA-10001509,"Recycled Desk Saver Line ""While You Were Out"" Book, 5 1/2"" X 4""",Office Supplies,Paper,268.5,123.51,30,5,0.0,0.46,0.01154077091119445,0.042254993496600356
OFF-PA-10002558,Xerox 1938,Office Supplies,Paper,268.24,93.884,7,1,0.2,0.35,0.01152959549057281,0.03211940579252553
OFF-LA-10003498,Avery 475,Office Supplies,Labels,266.4,133.2,18,4,0.0,0.5,0.011450507898481196,0.04557011686298411
OFF-AP-10000055,Belkin F9S820V06 8 Outlet Surge,Office Supplies,Appliances,266.336,-120.17599999999999,17,4,0.4,-0.4512195121951219,0.011447757025712794,-0.041114372103047886
TEC-AC-10002718,Belkin Standard 104 key USB Keyboard,Technology,Accessories,265.538,5.106499999999999,21,6,0.16666666666666666,0.019230769230769225,0.011413457080881758,0.0017470255387449572
OFF-AR-10003696,Panasonic KP-350BK Electric Pencil Sharpener with Auto Stop,Office Supplies,Art,265.416,72.08239999999999,16,5,0.12000000000000002,0.2715827229707327,0.011408213229666987,0.0246606861243571
FUR-FU-10001889,Ultra Door Pull Handle,Furniture,Furnishings,265.104,74.7972,27,6,0.06666666666666667,0.2821428571428572,0.011394802724921018,0.025589468055735698
TEC-AC-10004761,Maxell 4.7GB DVD+RW 3/Pack,Technology,Accessories,264.438,88.4115,17,4,0.05,0.3343373493975904,0.011366176455174815,0.03024716506780571
OFF-AR-10000658,Newell 324,Office Supplies,Art,263.34000000000003,72.072,23,7,0.028571428571428574,0.27368421052631575,0.011318981794241888,0.02465712809721465
OFF-PA-10002137,"Southworth 100% Résumé Paper, 24lb.",Office Supplies,Paper,262.964,113.199,35,7,0.05714285714285715,0.43047337278106507,0.011302820416727513,0.03872741485565269
FUR-FU-10001756,"Eldon Expressions Desk Accessory, Wood Photo Frame, Mahogany",Furniture,Furnishings,262.752,-7.616000000000019,20,6,0.3,-0.028985507246376885,0.011293708150682176,-0.0026055706458595184
OFF-ST-10002205,File Shuttle I and Handi-File,Office Supplies,Storage,262.668,51.42059999999999,13,3,0.13333333333333333,0.19576271186440675,0.011290097630173645,0.017591912546281986
OFF-AP-10003971,Belkin 6 Outlet Metallic Surge Strip,Office Supplies,Appliances,262.449,28.749599999999997,29,9,0.16666666666666666,0.10954356846473028,0.011280684487419264,0.009835755493724084
TEC-PH-10003988,"LF Elite 3D Dazzle Designer Hard Case Cover, Lf Stylus Pen and Wiper For Apple Iphone 5c Mini Lite",Technology,Phones,261.6,41.856,28,8,0.1,0.16,0.011244192440850906,0.014319690776404378
FUR-FU-10002960,"Eldon 200 Class Desk Accessories, Burgundy",Furniture,Furnishings,261.248,97.348,45,9,0.06666666666666668,0.3726267760901519,0.011229062640624685,0.03330450252535869
OFF-AP-10002472,3M Office Air Cleaner,Office Supplies,Appliances,259.8,90.93,10,2,0.0,0.35000000000000003,0.011166824144239546,0.031108789236870462
OFF-ST-10004946,Desktop 3-Pocket Hot File,Office Supplies,Storage,259.68,59.510000000000005,5,2,0.1,0.22916666666666669,0.011161666257798788,0.020359441850722106
OFF-EN-10004386,"Recycled Interoffice Envelopes with String and Button Closure, 10 x 13",Office Supplies,Envelopes,259.092,115.152,12,5,0.08,0.4444444444444445,0.011136392614239078,0.039395571298846445
FUR-FU-10000672,"Executive Impressions 10"" Spectator Wall Clock",Furniture,Furnishings,258.72,87.9648,22,5,0.0,0.33999999999999997,0.011120403166272733,0.030094340959677363
OFF-BI-10003676,"GBC Standard Recycled Report Covers, Clear Plastic Sheets",Office Supplies,Binders,258.72,-27.165600000000005,51,12,0.4916666666666667,-0.10500000000000001,0.011120403166272733,-0.0092938405904886
OFF-BI-10004308,Avery Legal 4-Ring Binder,Office Supplies,Binders,258.054,90.214,16,4,0.32499999999999996,0.34959349593495936,0.011091776896526526,0.030863832752832197
TEC-PH-10004897,Mediabridge Sport Armband iPhone 5s,Technology,Phones,257.742,-38.961,30,7,0.14285714285714285,-0.1511627906976744,0.011078366391780559,-0.013329259182422854
OFF-PA-10001685,Easy-staple paper,Office Supplies,Paper,257.556,107.58539999999999,29,5,0.12000000000000002,0.41771653543307086,0.011070371667797384,0.03680690128191359
OFF-BI-10004828,GBC Poly Designer Binding Covers,Office Supplies,Binders,256.122,102.4488,18,6,0.21666666666666667,0.4,0.011008734924830335,0.03504957799153519
OFF-AR-10003727,Berol Giant Pencil Sharpener,Office Supplies,Art,254.85000000000002,49.78069999999999,17,4,0.1,0.19533333333333328,0.010954061328558308,0.0170308732471558
FUR-FU-10002445,"DAX Two-Tone Rosewood/Black Document Frame, Desktop, 5 x 7",Furniture,Furnishings,254.06400000000002,89.104,29,12,0.06666666666666667,0.350714780527741,0.010920277172371349,0.030484081778973996
FUR-FU-10004017,"Executive Impressions 13"" Chairman Wall Clock",Furniture,Furnishings,253.8,72.333,11,3,0.06666666666666667,0.285,0.010908929822201683,0.024746420893770493
FUR-FU-10003878,"Linden 10"" Round Wall Clock, Black",Furniture,Furnishings,253.648,41.8672,21,6,0.16666666666666666,0.1650602409638554,0.010902396499376722,0.014323522497942406
TEC-PH-10002350,Apple EarPods with Remote and Mic,Technology,Phones,251.91,50.382000000000005,10,4,0.1,0.2,0.010827693110759753,0.017236588797228725
FUR-FU-10001934,Magnifier Swing Arm Lamp,Furniture,Furnishings,251.76,65.4576,12,5,0.0,0.26,0.010821245752708807,0.02239422283461313
TEC-AC-10004708,Sony 32GB Class 10 Micro SDHC R40 Memory Card,Technology,Accessories,251.4,52.794,12,4,0.0,0.21,0.010805772093386535,0.018061777399882756
OFF-ST-10000649,Hanging Personal Folder File,Office Supplies,Storage,251.2,51.025,17,5,0.08,0.203125,0.010797175615985272,0.017456570667670902
TEC-AC-10004803,Sony Micro Vault Click 4 GB USB 2.0 Flash Drive,Technology,Accessories,250.92000000000002,35.1288,18,3,0.0,0.13999999999999999,0.010785140547623508,0.012018194604026998
OFF-ST-10000918,Crate-A-Files,Office Supplies,Storage,249.82,51.3145,25,9,0.1111111111111111,0.20540589224241457,0.010737859921916563,0.017555613827069057
OFF-LA-10001297,Avery 473,Office Supplies,Labels,248.4,119.232,24,6,0.0,0.48,0.010676824932367603,0.04079141271627118
OFF-ST-10003324,Belkin OmniView SE Rackmount Kit,Office Supplies,Storage,248.35999999999999,0.0,7,2,0.0,0.0,0.010675105636887349,0.0
TEC-AC-10000171,"Verbatim 25 GB 6x Blu-ray Single Layer Recordable Disc, 25/Pack",Technology,Accessories,248.29199999999997,91.0404,12,5,0.12000000000000002,0.36666666666666675,0.01067218283457092,0.0311465590634596
OFF-EN-10003134,Staple envelope,Office Supplies,Envelopes,247.61599999999999,107.45599999999999,24,7,0.1142857142857143,0.43396226415094336,0.010643126740954655,0.036762631213429584
FUR-FU-10003577,Nu-Dell Leatherette Frames,Furniture,Furnishings,246.64800000000002,81.4512,18,3,0.06666666666666667,0.33023255813953484,0.010601519790332548,0.027865921190918106
OFF-PA-10001776,"Wirebound Message Books, Four 2 3/4"" x 5"" Forms per Page, 600 Sets per Book",Office Supplies,Paper,246.582,109.01520000000001,28,9,0.044444444444444446,0.4421052631578948,0.01059868295279013,0.037296061590402295
OFF-BI-10001308,GBC Standard Plastic Binding Systems' Combs,Office Supplies,Binders,246.132,64.7664,50,12,0.3,0.2631368533957389,0.01057934087863729,0.022157750876837645
OFF-PA-10003673,Strathmore Photo Mount Cards,Office Supplies,Paper,245.436,106.3104,38,9,0.06666666666666668,0.4331491712707182,0.010549425137280898,0.036370700838968366
FUR-CH-10002017,SAFCO Optional Arm Kit for Workspace Cribbage Stacking Chair,Furniture,Chairs,245.088,14.9184,12,5,0.2,0.06086956521739131,0.010534467266602702,0.0051038530886542205
OFF-PA-10002499,Xerox 1890,Office Supplies,Paper,244.7,122.35,5,2,0.0,0.5,0.010517790100444253,0.041858136623018814
OFF-EN-10001532,Brown Kraft Recycled Envelopes,Office Supplies,Envelopes,244.512,117.16199999999999,15,5,0.04,0.47916666666666663,0.010509709411687067,0.04008322846772481
OFF-AP-10003860,Fellowes Advanced 8 Outlet Surge Suppressor with Phone/Fax Protection,Office Supplies,Appliances,244.288,41.64,10,3,0.13333333333333333,0.17045454545454544,0.010500081356997653,0.014245793289599538
OFF-BI-10000088,GBC Imprintable Covers,Office Supplies,Binders,241.56,39.967200000000005,36,8,0.3625,0.16545454545454547,0.010382825405244437,0.013673498308455396
OFF-EN-10003040,Quality Park Security Envelopes,Office Supplies,Envelopes,240.764,88.19290000000001,11,4,0.15000000000000002,0.36630434782608695,0.010348611425187415,0.030172378074215255
TEC-PH-10001795,RCA H5401RE1 DECT 6.0 4-Line Cordless Handset With Caller ID/Call Waiting,Technology,Phones,239.97,2.39969999999998,3,1,0.0,0.009999999999999917,0.010314483409904403,0.0008209805513220877
TEC-AC-10000303,Logitech M510 Wireless Mouse,Technology,Accessories,239.94,52.3869,7,3,0.13333333333333333,0.21833333333333332,0.010313193938294213,0.017922501164335303
TEC-PH-10000923,"Belkin SportFit Armband For iPhone 5s/5c, Fuchsia",Technology,Phones,239.84,79.2971,21,5,0.2,0.330625,0.010308895699593583,0.02712896481903707
OFF-AP-10002082,Holmes HEPA Air Purifier,Office Supplies,Appliances,239.58,41.382000000000005,14,6,0.2333333333333333,0.17272727272727273,0.010297720278971943,0.014157526847027093
OFF-BI-10001196,"Avery Flip-Chart Easel Binder, Black",Office Supplies,Binders,239.466,37.8222,17,4,0.425,0.15794392523364487,0.010292820286853223,0.012939655210324008
OFF-PA-10004100,Xerox 216,Office Supplies,Paper,238.464,96.9408,42,8,0.125,0.40652173913043477,0.010249751935072899,0.03316519207801179
OFF-BI-10003291,Wilson Jones Leather-Like Binders with DublLock Round Rings,Office Supplies,Binders,238.329,25.491600000000002,46,12,0.35000000000000003,0.10695970695970697,0.010243949312827048,0.008721135067751096
OFF-PA-10000740,Xerox 1982,Office Supplies,Paper,237.536,89.5328,12,3,0.06666666666666667,0.3769230769230769,0.010209864279931043,0.030630781975001378
OFF-SU-10004498,Martin-Yale Premier Letter Opener,Office Supplies,Supplies,236.99200000000002,-12.88,20,7,0.08571428571428573,-0.05434782608695652,0.01018648186139961,-0.004406479768732999
FUR-FU-10000023,Eldon Wave Desk Accessories,Furniture,Furnishings,236.778,88.35,45,9,0.2,0.3731343283582089,0.010177283630580259,0.030226124811145994
OFF-ST-10002444,Recycled Eldon Regeneration Jumbo File,Office Supplies,Storage,235.77599999999998,58.944,20,6,0.03333333333333333,0.25000000000000006,0.010134215278799935,0.02016580306585387
OFF-LA-10004545,Avery 50,Office Supplies,Labels,235.564,102.746,20,5,0.04,0.43617021276595747,0.010125103012754598,0.03515125545949073
OFF-BI-10001098,Acco D-Ring Binder w/DublLock,Office Supplies,Binders,235.18,-102.8378,31,9,0.6222222222222222,-0.43727272727272726,0.010108597776144174,-0.03518266189138279
FUR-FU-10004053,DAX Two-Tone Silver Metal Document Frame,Furniture,Furnishings,234.784,84.80560000000001,13,6,0.13333333333333333,0.3612068965517242,0.010091576750889675,0.029013521791557702
OFF-AR-10004078,Newell 312,Office Supplies,Art,234.768,34.456,49,11,0.16363636363636364,0.14676616915422888,0.010090889032697574,0.011788017617349704
OFF-AP-10004249,Staple holder,Office Supplies,Appliances,234.61200000000002,42.3738,22,5,0.2,0.18061224489795918,0.010084183780324591,0.014496839473939312
TEC-PH-10001536,Spigen Samsung Galaxy S5 Case Wallet,Technology,Phones,234.462,45.873000000000005,15,5,0.08,0.19565217391304351,0.010077736422273643,0.015693978760177706
OFF-AR-10004456,Panasonic KP-4ABK Battery-Operated Pencil Sharpener,Office Supplies,Art,234.24,67.92960000000001,16,4,0.0,0.29000000000000004,0.010068194332358242,0.023239938516935177
OFF-ST-10001505,"Perma STOR-ALL Hanging File Box, 13 1/8""W x 12 1/4""D x 10 1/2""H",Office Supplies,Storage,233.382,21.57379999999998,43,10,0.08,0.09243986254295525,0.010031315444306828,0.0073807851890288715
TEC-AC-10002331,"Maxell 74 Minute CDR, 10/Pack",Technology,Accessories,232.76399999999998,72.5676,26,5,0.08,0.31176470588235294,0.010004752329136926,0.02482668177527242
FUR-FU-10004666,DAX Clear Channel Poster Frame,Furniture,Furnishings,232.376,68.145,20,5,0.16,0.29325317588735494,0.009988075162978479,0.023313630732943336
OFF-PA-10000501,Petty Cash Envelope,Office Supplies,Paper,231.856,94.36,10,3,0.13333333333333333,0.4069767441860465,0.009965724321735196,0.03228225395789175
OFF-BI-10001078,"Acco PRESSTEX Data Binder with Storage Hooks, Dark Blue, 14 7/8"" X 11""",Office Supplies,Binders,231.668,88.846,49,10,0.15,0.3835057064419773,0.00995764363297801,0.030395815336401552
OFF-ST-10001291,"Tenex Personal Self-Stacking Standard File Box, Black/Gray",Office Supplies,Storage,229.976,44.811499999999995,15,5,0.08,0.19485294117647056,0.009884917434163332,0.015330820509051145
OFF-AP-10001962,Black & Decker Filter for Double Action Dustbuster Cordless Vac BLDV7210,Office Supplies,Appliances,229.886,53.696000000000005,28,6,0.03333333333333333,0.23357664233576644,0.009881049019332764,0.018370367830891854
OFF-AR-10003179,Dixon Ticonderoga Core-Lock Colored Pencils,Office Supplies,Art,229.572,58.6684,28,7,0.1142857142857143,0.25555555555555554,0.009867552549812782,0.020071515346578805
OFF-PA-10004665,Advantus Motivational Note Cards,Office Supplies,Paper,227.94,94.32,20,5,0.12000000000000002,0.41379310344827586,0.009797405294218483,0.032268569238113075
OFF-PA-10002713,"Adams Phone Message Book, 200 Message Capacity, 8 1/16” x 11”",Office Supplies,Paper,227.04,104.4384,33,8,0.0,0.46,0.009758721145912804,0.03573025595332643
FUR-FU-10004712,"Westinghouse Mesh Shade Clip-On Gooseneck Lamp, Black",Furniture,Furnishings,226.784,30.465400000000002,11,4,0.1,0.1343366375052914,0.00974771765483919,0.010422761548630304
TEC-PH-10000702,"Square Credit Card Reader, 4 1/2"" x 4 1/2"" x 1"", White",Technology,Phones,225.728,64.77189999999999,32,7,0.2,0.2869466791891125,0.009702328254160526,0.02215963252580721
OFF-ST-10002352,Iris Project Case,Office Supplies,Storage,225.036,47.88,30,6,0.06666666666666667,0.2127659574468085,0.009672584442352158,0.01638060957507267
OFF-FA-10002280,Advantus Plastic Paper Clips,Office Supplies,Fasteners,225.0,102.80000000000001,47,10,0.06000000000000001,0.45688888888888896,0.00967103707641993,0.035169729831191945
TEC-MA-10003589,Cisco 8961 IP Phone Charcoal,Technology,Machines,224.937,-164.9538,3,1,0.7,-0.7333333333333333,0.009668329186038533,-0.05643366323568551
OFF-ST-10004258,Portable Personal File Box,Office Supplies,Storage,224.66400000000002,55.3113,19,6,0.03333333333333333,0.24619565217391304,0.00965659499438581,0.018922991027354154
TEC-PH-10000127,iOttie XL Car Mount,Technology,Phones,223.88799999999998,-50.3748,14,2,0.2,-0.22500000000000003,0.009623240662068912,-0.01723412554766856
OFF-PA-10004082,"Adams Telephone Message Book w/Frequently-Called Numbers Space, 400 Messages per Book",Office Supplies,Paper,223.44,111.72,28,7,0.0,0.5,0.009603984552690084,0.038221422341836224
OFF-AR-10003478,"Avery Hi-Liter EverBold Pen Style Fluorescent Highlighters, 4/Pack",Office Supplies,Art,219.78,68.376,31,6,0.10000000000000002,0.3111111111111111,0.009446669016246988,0.02339265998966518
FUR-FU-10001940,Staple-based wall hangings,Furniture,Furnishings,219.696,50.3072,38,10,0.27999999999999997,0.2289855072463768,0.009443058495738458,0.0172109983712426
OFF-ST-10002562,Staple magnet,Office Supplies,Storage,219.49200000000002,30.391199999999998,28,7,0.14285714285714285,0.13846153846153844,0.009434290088789172,0.010397376393440861
OFF-PA-10000726,"Black Print Carbonless Snap-Off Rapid Letter, 8 1/2"" x 7""",Office Supplies,Paper,219.144,87.9673,27,6,0.06666666666666667,0.401413226006644,0.009419332218110974,0.030095196254663528
OFF-ST-10003996,"Letter/Legal File Tote with Clear Snap-On Lid, Black Granite",Office Supplies,Storage,218.416,52.0344,14,4,0.05,0.23823529411764705,0.009388041040370379,0.01780190457128574
OFF-PA-10000575,"Wirebound Message Books, Four 2 3/4 x 5 White Forms per Page",Office Supplies,Paper,218.094,95.2656,34,7,0.028571428571428574,0.4368098159509203,0.009374200711754347,0.03259207601368093
OFF-SU-10004261,"Fiskars 8"" Scissors, 2/Pack",Office Supplies,Supplies,217.224,45.85839999999998,14,4,0.1,0.21111111111111103,0.009336806035058856,0.01568898383745848
TEC-PH-10000169,ARKON Windshield Dashboard Air Vent Car Mount Holder,Technology,Phones,216.96,-15.594000000000023,14,4,0.1,-0.0718750000000001,0.009325458684889192,-0.005334988005716031
FUR-FU-10001085,3M Polarizing Light Filter Sleeves,Furniture,Furnishings,216.34,75.34599999999999,14,4,0.2,0.34827586206896544,0.009298809604945278,0.0257772224110991
TEC-PH-10002583,iOttie HLCRIO102 Car Mount,Technology,Phones,215.892,-11.99400000000001,12,5,0.16,-0.05555555555555561,0.009279553495566452,-0.004103363225635375
OFF-PA-10001972,Xerox 214,Office Supplies,Paper,215.136,90.46079999999999,37,9,0.06666666666666668,0.42048192771084336,0.00924705881098968,0.03094826747386661
OFF-BI-10003910,DXL Angle-View Binders with Locking Rings by Samsill,Office Supplies,Binders,215.109,66.69149999999999,35,10,0.24,0.31003584229390674,0.00924589828654051,0.02281636222798577
TEC-PH-10001949,Cisco SPA 501G IP Phone,Technology,Phones,213.48,16.011,3,1,0.2,0.075,0.00917587997810723,0.005477651209408698
OFF-PA-10004156,Xerox 188,Office Supplies,Paper,213.192,97.524,20,8,0.05,0.4574468085106383,0.009163501050649413,0.033364715292384856
OFF-BI-10004781,GBC Wire Binding Strips,Office Supplies,Binders,212.658,-18.409200000000002,14,5,0.5,-0.0865671641791045,0.00914054845598804,-0.006298118583739093
OFF-BI-10004728,Wilson Jones Turn Tabs Binder Tool for Ring Binders,Office Supplies,Binders,212.08,58.5148,59,13,0.2692307692307692,0.2759090909090909,0.009115704636298395,0.0200189660226287
OFF-EN-10000461,"#10- 4 1/8"" x 9 1/2"" Recycled Envelopes",Office Supplies,Envelopes,211.508,86.43860000000001,27,8,0.07500000000000001,0.40867768595041326,0.009091118710930785,0.029572200476522065
OFF-SU-10001664,Acme Office Executive Series Stainless Steel Trimmers,Office Supplies,Supplies,211.362,43.9292,27,9,0.06666666666666668,0.20783868434250244,0.009084843282427865,0.015028969802533047
OFF-PA-10003022,Standard Line “While You Were Out” Hardbound Telephone Message Book,Office Supplies,Paper,211.00799999999998,80.4468,11,2,0.1,0.38125000000000003,0.009069627517427629,0.027522297877275604
FUR-FU-10003464,"Seth Thomas 8 1/2"" Cubicle Clock",Furniture,Furnishings,210.912,59.217600000000004,11,4,0.05,0.28076923076923077,0.009065501208275024,0.02025940654914
OFF-PA-10000019,Xerox 1931,Office Supplies,Paper,209.952,88.6464,36,8,0.07500000000000001,0.4222222222222222,0.009024238116748965,0.030327528584705967
OFF-AR-10001468,"Sanford Prismacolor Professional Thick Lead Art Pencils, 36-Color Set",Office Supplies,Art,209.664,49.7952,7,3,0.20000000000000004,0.23750000000000002,0.009011859189291148,0.017035833958075574
OFF-AR-10002445,SANFORD Major Accent Highlighters,Office Supplies,Art,209.56799999999998,77.88,30,7,0.028571428571428574,0.37162162162162166,0.009007732880138541,0.026644149409078097
OFF-BI-10001036,Cardinal EasyOpen D-Ring Binders,Office Supplies,Binders,209.30599999999998,26.506,40,8,0.25,0.12663755458515286,0.008996471494742888,0.009068179561338265
OFF-BI-10001636,Ibico Plastic and Wire Spiral Binding Combs,Office Supplies,Binders,208.221,21.580800000000004,41,9,0.35555555555555557,0.10364372469635628,0.008949835604841042,0.007383180014990148
OFF-ST-10000352,Acco Perma 2700 Stacking Storage Drawers,Office Supplies,Storage,208.18,5.948,8,4,0.1,0.028571428571428574,0.008948073326973784,0.0020349178310888104
TEC-AC-10001998,Logitech LS21 Speaker System - PC Multimedia - 2.1-CH - Wired,Technology,Accessories,207.896,62.76859999999999,11,6,0.03333333333333333,0.3019230769230769,0.00893586632906399,0.021474267547491772
OFF-BI-10001575,GBC Linen Binding Covers,Office Supplies,Binders,207.566,-82.4068,18,6,0.5499999999999999,-0.3970149253731343,0.008921682141351908,-0.028192849146430624
FUR-CH-10002317,Global Enterprise Series Seating Low-Back Swivel/Tilt Chairs,Furniture,Chairs,207.184,25.898,1,1,0.2,0.125,0.008905262869515497,0.008860171820702421
TEC-MA-10004521,Epson Perfection V600 Photo Scanner,Technology,Machines,206.991,-172.4925,3,1,0.7,-0.8333333333333333,0.00889696726882328,-0.05901278816057273
OFF-BI-10004826,JM Magazine Binder,Office Supplies,Binders,204.72400000000002,50.190400000000004,18,6,0.21666666666666665,0.24516129032258063,0.008799526197479974,0.017171038989488876
TEC-MA-10000423,Texas Instruments TI-34 Scientific Calculator,Technology,Machines,204.507,64.6506,12,3,0.2333333333333333,0.3161290322580645,0.008790199019499604,0.022118133613078385
OFF-AP-10004785,"Holmes Replacement Filter for HEPA Air Cleaner, Medium Room",Office Supplies,Appliances,203.94,87.69420000000001,18,4,0.0,0.43000000000000005,0.008765828006067025,0.030001763830374638
TEC-AC-10004992,Kingston Digital DataTraveler 64GB USB 2.0,Technology,Accessories,202.68,16.21439999999998,6,2,0.0,0.0799999999999999,0.008711670198439074,0.005547238009483248
FUR-FU-10004351,Staple-based wall hangings,Furniture,Furnishings,202.592,71.68639999999999,24,6,0.16666666666666666,0.3538461538461538,0.008707887748382518,0.02452520739854823
TEC-PH-10004830,Pyle PRT45 Retro Home Telephone,Technology,Phones,201.568,22.6764,4,1,0.2,0.1125,0.008663873784088056,0.007758004489728025
OFF-ST-10000885,Fellowes Desktop Hanging File Manager,Office Supplies,Storage,201.45000000000002,50.362500000000004,15,4,0.0,0.25,0.00865880186242131,0.01722991749633662
OFF-PA-10003465,Xerox 1912,Office Supplies,Paper,201.082,92.5736,11,4,0.05,0.46037735849056605,0.008642984344002987,0.03167109437257617
OFF-PA-10001950,Southworth 25% Cotton Antique Laid Paper & Envelopes,Office Supplies,Paper,200.16,80.898,26,5,0.12000000000000002,0.4041666666666667,0.00860335458318317,0.027676661516379042
TEC-PH-10004071,PayAnywhere Card Reader,Technology,Phones,199.8,17.4825,25,5,0.2,0.08750000000000001,0.008587880923860898,0.005981077838266666
OFF-AP-10004036,Bionaire 99.97% HEPA Air Cleaner,Office Supplies,Appliances,199.728,17.52,16,4,0.25,0.08771929824561403,0.008584786191996444,0.005993907263059171
OFF-EN-10003862,Laser & Ink Jet Business Envelopes,Office Supplies,Envelopes,198.462,83.226,20,5,0.04,0.41935483870967744,0.008530370490046454,0.028473112207497864
FUR-FU-10004864,Eldon 500 Class Desk Accessories,Furniture,Furnishings,197.948,60.4707,17,6,0.06666666666666667,0.3054878048780488,0.008508277543125211,0.020688114608006406
OFF-BI-10000050,"Angle-D Binders with Locking Rings, Label Holders",Office Supplies,Binders,197.82999999999998,35.332,42,10,0.33,0.1785977859778598,0.008503205621458464,0.012087712980502664
OFF-AR-10002818,Panasonic KP-310 Heavy-Duty Electric Pencil Sharpener,Office Supplies,Art,197.82,59.346000000000004,9,2,0.0,0.30000000000000004,0.008502775797588402,0.020303334499629545
OFF-EN-10003567,"Inter-Office Recycled Envelopes, Brown Kraft, Button-String,10"" x 13"" , 100/Box",Office Supplies,Envelopes,197.82,81.326,10,3,0.06666666666666667,0.4111111111111111,0.008502775797588402,0.027823088018010853
OFF-AP-10003099,"Eureka Hand Vacuum, Bagless",Office Supplies,Appliances,197.72,55.3616,4,1,0.0,0.28,0.008498477558887772,0.018940199562475835
OFF-FA-10001883,"Alliance Super-Size Bands, Assorted Sizes",Office Supplies,Fasteners,197.61200000000002,-10.347400000000002,27,4,0.05,-0.05236220472440945,0.00849383546109109,-0.0035400317359462604
OFF-BI-10000474,Avery Recycled Flexi-View Covers for Binding Systems,Office Supplies,Binders,197.169,-69.5702,32,7,0.5285714285714286,-0.35284552845528455,0.008474794263647296,-0.023801217298657487
OFF-PA-10002005,Xerox 225,Office Supplies,Paper,196.99200000000002,85.7952,33,9,0.06666666666666668,0.4355263157894736,0.008467186381147178,0.029352081758882088
OFF-PA-10004911,"Rediform S.O.S. 1-Up Phone Message Bk, 4-1/4x3-1/16 Bk, 1 Form/Pg, 40 Messages/Bk, 3/Pk",Office Supplies,Paper,196.98000000000002,94.5504,21,5,0.0,0.4799999999999999,0.008466670592503103,0.032347393224038234
OFF-PA-10000249,Easy-staple paper,Office Supplies,Paper,196.48,85.8372,17,6,0.06666666666666667,0.436875,0.008445179398999947,0.029366450714649696
OFF-AR-10001446,Newell 309,Office Supplies,Art,196.35000000000002,34.65,20,5,0.12000000000000002,0.1764705882352941,0.008439591688689126,0.011854388508276272
FUR-FU-10003976,"DAX Executive Solid Wood Document Frame, Desktop or Hang, Mahogany, 5 x 7",Furniture,Furnishings,196.248,55.1004,17,5,0.04,0.28076923076923077,0.008435207485214482,0.018850838342321097
OFF-EN-10001539,Staple envelope,Office Supplies,Envelopes,196.056,88.8476,26,7,0.028571428571428574,0.4531746031746032,0.00842695486690927,0.030396362725192697
OFF-SU-10004231,Acme Tagit Stainless Steel Antibacterial Scissors,Office Supplies,Supplies,196.01999999999998,37.026,22,6,0.10000000000000002,0.1888888888888889,0.008425407500977042,0.012667260863129503
OFF-SU-10004884,Acme Galleria Hot Forged Steel Scissors with Colored Handles,Office Supplies,Supplies,195.052,49.864099999999986,13,3,0.06666666666666667,0.2556451612903225,0.008383800550354934,0.017059405887894334
FUR-FU-10004245,"Career Cubicle Clock, 8 1/4"", Black",Furniture,Furnishings,194.68800000000002,68.952,10,3,0.06666666666666667,0.35416666666666663,0.008368154961484638,0.023589719954478082
TEC-AC-10003499,Memorex Mini Travel Drive 8 GB USB 2.0 Flash Drive,Technology,Accessories,194.54399999999998,53.268,20,5,0.16,0.27380952380952384,0.008361965497755728,0.018223941329260043
FUR-FU-10004909,Contemporary Wood/Metal Frame,Furniture,Furnishings,193.92,4.848,18,4,0.35,0.025,0.00833514448826379,0.0016585880371752775
OFF-ST-10003722,Project Tote Personal File,Office Supplies,Storage,193.61399999999998,44.19449999999999,15,4,0.05,0.22826086956521738,0.008321991877839859,0.015119733706465098
OFF-FA-10003495,Staples,Office Supplies,Fasteners,192.128,85.728,35,7,0.05714285714285715,0.4462025316455696,0.00825812005074848,0.029329091429653918
OFF-BI-10000174,"Wilson Jones Clip & Carry Folder Binder Tool for Ring Binders, Clear",Office Supplies,Binders,191.98,50.228,47,9,0.2888888888888889,0.26163141993957706,0.008251758657471547,0.017183902626080827
OFF-PA-10001281,Computer Printout Paper with Letter-Trim Fine Perforations,Office Supplies,Paper,191.6,91.968,4,1,0.0,0.48000000000000004,0.008235425350409149,0.03146390771512705
OFF-PA-10002245,Xerox 1895,Office Supplies,Paper,191.36,82.82300000000001,33,7,0.05714285714285715,0.4328125,0.008225109577527635,0.02833523865572773
OFF-BI-10002706,Avery Premier Heavy-Duty Binder with Round Locking Rings,Office Supplies,Binders,191.352,29.416800000000002,21,7,0.34285714285714286,0.1537313432835821,0.008224765718431585,0.010064016619632365
TEC-AC-10001101,Sony 16GB Class 10 Micro SDHC R40 Memory Card,Technology,Accessories,190.772,5.155999999999999,16,4,0.1,0.02702702702702702,0.008199835933967925,0.0017639603794710663
TEC-PH-10004774,Gear Head AU3700S Headset,Technology,Phones,189.654,-11.950800000000001,16,3,0.06666666666666667,-0.06301369863013699,0.008151781625294868,-0.004088583728274404
FUR-FU-10004963,"Eldon 400 Class Desk Accessories, Black Carbon",Furniture,Furnishings,189.24200000000002,38.301500000000004,27,8,0.22499999999999998,0.2023942887942423,0.00813407288184827,0.013103632365071968
TEC-PH-10002844,Speck Products Candyshell Flip Case,Technology,Phones,188.946,-18.1948,8,4,0.30000000000000004,-0.0962962962962963,0.0081213500952944,-0.006224768485725401
OFF-PA-10003797,Xerox 209,Office Supplies,Paper,187.92000000000002,90.2016,29,5,0.0,0.48,0.008077250166225926,0.030859590489700807
OFF-AP-10001366,Staple holder,Office Supplies,Appliances,186.66000000000003,50.3982,17,4,0.0,0.26999999999999996,0.008023092358597977,0.017242131108739085
OFF-PA-10001457,White GlueTop Scratch Pads,Office Supplies,Paper,186.49599999999998,72.7936,14,2,0.1,0.39032258064516134,0.00801604324712894,0.024904000442021925
OFF-FA-10000089,Acco Glide Clips,Office Supplies,Fasteners,186.06,78.16199999999999,32,6,0.0,0.42009029345372456,0.007997302926394187,0.026740626683517746
OFF-AR-10004587,"Boston 1827 Commercial Additional Cutter, Drive Gear & Gear Rack for 1606",Office Supplies,Art,185.07799999999997,55.7772,11,6,0.03333333333333333,0.3013713137163791,0.007955094222353989,0.019082383800976255
OFF-PA-10003724,"Wirebound Message Book, 4 per Page",Office Supplies,Paper,184.62,87.6945,35,7,0.028571428571428574,0.47500000000000003,0.007935408289105099,0.030001866465772978
TEC-AC-10004633,"Verbatim 25 GB 6x Blu-ray Single Layer Recordable Disc, 3/Pack",Technology,Accessories,184.536,67.104,30,6,0.10000000000000002,0.36363636363636365,0.007931797768596571,0.02295748590070335
OFF-BI-10001617,GBC Wire Binding Combs,Office Supplies,Binders,184.052,41.5668,26,7,0.37142857142857144,0.2258426966292135,0.007910994293285515,0.014220750252404563
OFF-BI-10004965,Ibico Covers for Plastic or Wire Binding Elements,Office Supplies,Binders,184.0,57.5,20,7,0.2285714285714286,0.3125,0.007908759209161188,0.019671784681843742
FUR-FU-10002364,"Eldon Expressions Wood Desk Accessories, Oak",Furniture,Furnishings,183.024,10.110600000000002,33,12,0.16666666666666666,0.05524193548387098,0.007866808399443028,0.0034590181948565106
OFF-PA-10000312,Xerox 1955,Office Supplies,Paper,182.72,59.384,10,2,0.2,0.325,0.007853741753793109,0.020316334983419282
OFF-BI-10004209,"Fellowes Twister Kit, Gray/Clear, 3/pkg",Office Supplies,Binders,182.508,-3.216,42,10,0.43,-0.01762114537444934,0.007844629487747772,-0.0011002514702053822
OFF-AR-10003752,Deluxe Chalkboard Eraser Cleaner,Office Supplies,Art,182.49,76.461,17,5,0.08,0.41898734177215186,0.007843855804781658,0.026158683974929643
OFF-PA-10004996,"Speediset Carbonless Redi-Letter 7"" x 8 1/2""",Office Supplies,Paper,181.45600000000002,77.6343,19,5,0.08,0.42784090909090905,0.007799412016617133,0.026560091017837593
OFF-PA-10002689,Weyerhaeuser First Choice Laser/Copy Paper (20Lb. and 88 Bright),Office Supplies,Paper,181.44,83.72,29,9,0.022222222222222223,0.46141975308641975,0.007798724298425031,0.028642118496764492
OFF-AP-10003884,"Fellowes Smart Surge Ten-Outlet Protector, Platinum",Office Supplies,Appliances,180.66,50.5848,3,1,0.0,0.28,0.00776519803656011,0.0173059703265066
FUR-FU-10002703,"Tenex Traditional Chairmats for Hard Floors, Average Lip, 36"" x 48""",Furniture,Furnishings,180.46,-46.403999999999996,4,2,0.3,-0.2571428571428571,0.007756601559158848,-0.015875643415239598
FUR-FU-10003691,"Eldon Image Series Desk Accessories, Ebony",Furniture,Furnishings,180.31,55.821999999999996,18,5,0.16,0.30958904109589036,0.007750154201107901,0.019097710687128372
TEC-MA-10003337,Okidata B401 Printer,Technology,Machines,179.991,-251.9874,3,1,0.7,-1.4,0.007736442819652888,-0.08620942391891534
OFF-ST-10001580,Super Decoflex Portable Personal File,Office Supplies,Storage,179.76,39.547200000000004,13,5,0.08,0.22000000000000003,0.007726513888254428,0.01352980875077932
OFF-SU-10004782,"Elite 5"" Scissors",Office Supplies,Supplies,179.14,37.17999999999999,24,7,0.08571428571428573,0.20754716981132074,0.0076998648083105165,0.012719947034277394
OFF-BI-10002103,"Cardinal Slant-D Ring Binder, Heavy Gauge Vinyl",Office Supplies,Binders,179.014,5.387800000000001,37,10,0.41,0.030097087378640783,0.007694449027547723,0.0018432633305884825
OFF-PA-10003848,Xerox 1997,Office Supplies,Paper,178.848,77.76,30,8,0.05,0.43478260869565216,0.007687313951304675,0.026603095249742078
OFF-PA-10001725,Xerox 1892,Office Supplies,Paper,178.296,79.458,5,2,0.1,0.4456521739130435,0.00766358767367719,0.027184011604346782
OFF-ST-10001228,Personal File Boxes with Fold-Down Carry Handle,Office Supplies,Storage,177.612,37.392,12,5,0.04,0.2105263157894737,0.007634187720964874,0.012792476049104369
OFF-LA-10002312,Avery 490,Office Supplies,Labels,177.6,81.4,13,5,0.08,0.45833333333333337,0.0076336719323207985,0.027848404749601402
FUR-FU-10000221,"Master Caster Door Stop, Brown",Furniture,Furnishings,176.784,49.3776,38,9,0.1111111111111111,0.2793103448275862,0.007598598304523648,0.01689296548358622
OFF-BI-10000014,Heavy-Duty E-Z-D Binders,Office Supplies,Binders,176.742,9.055299999999999,29,8,0.5,0.05123456790123457,0.007596793044269384,0.003097981075295646
FUR-FU-10004671,"Executive Impressions 12"" Wall Clock",Furniture,Furnishings,176.70000000000002,23.324399999999997,14,6,0.26666666666666666,0.13199999999999998,0.007594987784015119,0.00797969695014254
OFF-LA-10001569,Avery 499,Office Supplies,Labels,176.292,68.724,40,11,0.10909090909090911,0.3898305084745763,0.007577450970116544,0.023511717051739642
OFF-EN-10002986,"#10-4 1/8"" x 9 1/2"" Premium Diagonal Seam Envelopes",Office Supplies,Envelopes,176.288,63.747,13,2,0.1,0.36160714285714285,0.007577279040568519,0.02180899579327814
OFF-PA-10003172,Xerox 1996,Office Supplies,Paper,176.256,81.9072,28,8,0.025,0.4647058823529412,0.0075759036041843164,0.028021926996394986
OFF-EN-10002592,"Peel & Seel Recycled Catalog Envelopes, Brown",Office Supplies,Envelopes,176.01600000000002,77.586,17,4,0.1,0.44078947368421045,0.007565587831302803,0.026543566718704847
FUR-FU-10000010,"DAX Value U-Channel Document Frames, Easel Back",Furniture,Furnishings,175.938,52.4832,36,10,0.06,0.2983050847457627,0.00756223520511631,0.01795544712720246
FUR-FU-10000448,Tenex Chairmats For Use With Carpeted Floors,Furniture,Furnishings,175.78,8.789,11,4,0.0,0.049999999999999996,0.0075554439879693125,0.0030068750533691242
TEC-PH-10002070,Griffin GC36547 PowerJolt SE Lightning Charger,Technology,Phones,175.422,17.992,10,3,0.26666666666666666,0.10256410256410257,0.007540056293421054,0.006155386956447523
OFF-BI-10004002,Wilson Jones International Size A4 Ring Binders,Office Supplies,Binders,174.73000000000002,12.802000000000007,18,7,0.37142857142857144,0.0732673267326733,0.007510312481612686,0.004379794565164586
OFF-PA-10002160,Xerox 1978,Office Supplies,Paper,174.556,74.33080000000001,34,8,0.1,0.42582781456953644,0.007502833546273589,0.025429904223116365
TEC-AC-10004396,Logitech Keyboard K120,Technology,Accessories,174.24,-19.60199999999999,12,3,0.20000000000000004,-0.11249999999999993,0.007489251111979595,-0.006706196927539145
TEC-PH-10000376,Square Credit Card Reader,Technology,Phones,173.826,11.1888,22,7,0.17142857142857146,0.06436781609195402,0.007471456403758981,0.0038278898164906656
OFF-AR-10001860,BIC Liqua Brite Liner,Office Supplies,Art,173.5,53.576800000000006,27,6,0.06666666666666667,0.3088,0.007457444145594924,0.01832958736595141
OFF-BI-10000320,GBC Plastic Binding Combs,Office Supplies,Binders,172.692,59.778000000000006,30,10,0.26,0.34615384615384615,0.007422714376893825,0.020451129473239224
OFF-PA-10002377,"Adams Telephone Message Book W/Dividers/Space For Phone Numbers, 5 1/4""X8 1/2"", 200/Messages",Office Supplies,Paper,172.672,72.70400000000001,32,7,0.028571428571428574,0.4210526315789474,0.007421854729153699,0.024873346669717696
OFF-AR-10001683,Lumber Crayons,Office Supplies,Art,171.39000000000001,55.357,19,6,0.13333333333333333,0.3229885057471264,0.007366751309011608,0.018938625819701287
OFF-AR-10003514,4009 Highlighters by Sanford,Office Supplies,Art,171.14,53.8096,44,8,0.05,0.31441860465116284,0.00735600571226003,0.01840923243506329
FUR-FU-10002396,"DAX Copper Panel Document Frame, 5 x 7 Size",Furniture,Furnishings,171.088,39.7528,18,5,0.2,0.2323529411764706,0.007353770628135702,0.013600148210441703
OFF-PA-10001870,Xerox 202,Office Supplies,Paper,171.072,76.7232,28,8,0.05,0.4484848484848485,0.007353082909943602,0.026248387313078853
OFF-AR-10004691,Boston 1730 StandUp Electric Pencil Sharpener,Office Supplies,Art,171.04,44.4704,8,3,0.0,0.26,0.0073517074735594,0.015214124061138501
OFF-BI-10001249,Avery Heavy-Duty EZD View Binder with Locking Rings,Office Supplies,Binders,170.984,29.7308,41,10,0.35,0.17388059701492536,0.007349300459887046,0.010171441669894955
TEC-AC-10004814,Logitech Illuminated Ultrathin Keyboard with Backlighting,Technology,Accessories,170.97,70.0977,3,1,0.0,0.41000000000000003,0.007348698706468958,0.02398168454073875
OFF-AP-10000390,Euro Pro Shark Stick Mini Vacuum,Office Supplies,Appliances,170.744,-325.6332,11,3,0.6,-1.907142857142857,0.007338984687005531,-0.11140497731582191
FUR-FU-10002088,Nu-Dell Float Frame 11 x 14 1/2,Furniture,Furnishings,170.62,56.0352,22,7,0.17142857142857143,0.32842105263157895,0.0073336548710167485,0.019170650243548706
OFF-PA-10002764,Easy-staple paper,Office Supplies,Paper,170.10000000000002,83.349,15,3,0.0,0.48999999999999994,0.007311304029773469,0.02851519272081729
OFF-PA-10001667,Great White Multi-Use Recycled Paper (20Lb. and 84 Bright),Office Supplies,Paper,169.832,64.584,32,8,0.07500000000000001,0.3802816901408451,0.007299784750055776,0.02209534855464689
OFF-PA-10004101,Xerox 1894,Office Supplies,Paper,169.776,78.79679999999999,27,5,0.08,0.4641221374045801,0.007297377736383423,0.026957803186405303
OFF-PA-10002968,Xerox 1973,Office Supplies,Paper,169.01600000000002,70.3472,8,2,0.1,0.4162162162162162,0.007264711122258627,0.02406704298035823
FUR-FU-10002671,Electrix 20W Halogen Replacement Bulb for Zoom-In Desk Lamp,Furniture,Furnishings,168.84,78.256,13,5,0.04,0.4634920634920635,0.0072571462221455154,0.026772785774997636
FUR-FU-10001037,"DAX Charcoal/Nickel-Tone Document Frame, 5 x 7",Furniture,Furnishings,168.744,48.822,23,7,0.17142857142857143,0.28932584269662925,0.00725301991299291,0.01670288472586044
OFF-AP-10000027,Hoover Commercial SteamVac,Office Supplies,Appliances,168.392,35.308,14,4,0.2,0.20967741935483872,0.007237890112766689,0.012079502148635457
OFF-LA-10004093,Avery 486,Office Supplies,Labels,168.13,75.1468,24,9,0.044444444444444446,0.4469565217391304,0.007226628727371035,0.025709072506601312
FUR-FU-10002554,"Westinghouse Floor Lamp with Metal Mesh Shade, Black",Furniture,Furnishings,167.93,38.6239,7,4,0.0,0.22999999999999998,0.007218032249969772,0.013213931206488078
OFF-PA-10002666,Southworth 25% Cotton Linen-Finish Paper & Envelopes,Office Supplies,Paper,166.704,67.044,20,4,0.1,0.4021739130434782,0.007165335843500036,0.022936958821035337
OFF-SU-10004664,Acme Softgrip Scissors,Office Supplies,Supplies,166.056,33.1298,23,4,0.1,0.19950980392156864,0.0071374832567199465,0.011334300733087771
OFF-PA-10003651,Xerox 1968,Office Supplies,Paper,165.664,75.35040000000001,26,5,0.08,0.45483870967741946,0.007120634161013472,0.025778727730274766
OFF-BI-10000301,GBC Instant Report Kit,Office Supplies,Binders,164.985,3.2349999999999994,50,13,0.49230769230769234,0.019607843137254898,0.007091449120236189,0.001106751712100252
OFF-PA-10001804,Xerox 195,Office Supplies,Paper,164.328,70.54079999999999,27,8,0.125,0.42926829268292677,0.007063209691973041,0.024133277024087005
OFF-EN-10004459,Security-Tint Envelopes,Office Supplies,Envelopes,163.496,73.8788,23,9,0.06666666666666668,0.45186915887850465,0.0070274483459837915,0.025275266889617343
FUR-FU-10004587,"GE General Use Halogen Bulbs, 100 Watts, 1 Bulb per Pack",Furniture,Furnishings,163.332,3.141000000000002,15,3,0.39999999999999997,0.019230769230769242,0.007020399234514756,0.0010745926206203692
FUR-FU-10003849,"DAX Metal Frame, Desktop, Stepped-Edge",Furniture,Furnishings,161.92,26.1096,11,5,0.24,0.16125,0.006959708104061844,0.008932563988331607
OFF-PA-10004041,"It's Hot Message Books with Stickers, 2 3/4"" x 5""",Office Supplies,Paper,161.32,59.57,25,6,0.13333333333333333,0.36926605504587157,0.006933918671858059,0.020379968930390117
FUR-FU-10001487,"Eldon Expressions Wood and Plastic Desk Accessories, Cherry Wood",Furniture,Furnishings,160.54000000000002,46.5566,23,5,0.0,0.29,0.0069003924099931375,0.01592785062119524
OFF-EN-10001099,Staple envelope,Office Supplies,Envelopes,160.392,65.3304,18,5,0.12000000000000002,0.4073170731707317,0.0068940310167162015,0.022350705425716946
TEC-PH-10003535,RCA ViSYS 25423RE1 Corded phone,Technology,Phones,159.984,13.9986,2,1,0.2,0.0875,0.006876494202817627,0.0047891729573436145
OFF-LA-10002043,Avery 489,Office Supplies,Labels,159.39,73.278,16,5,0.04,0.45974025974025984,0.0068509626649358776,0.025069722398541668
FUR-FU-10000175,DAX Wood Document Frame,Furniture,Furnishings,159.268,7.6888000000000005,16,4,0.35,0.048275862068965524,0.006845718813721109,0.002630476835856699
FUR-FU-10003798,"Ultra Door Kickplate, 8""H x 34""W",Furniture,Furnishings,158.24,27.692,10,2,0.2,0.175,0.006801532919878621,0.009473931502775947
OFF-AP-10000326,Belkin 7 Outlet SurgeMaster Surge Protector with Phone Protection,Office Supplies,Appliances,157.92,17.766,5,1,0.2,0.1125,0.006787778556036601,0.006078068289698015
OFF-AR-10003338,"Eberhard Faber 3 1/2"" Golf Pencils",Office Supplies,Art,157.532,33.354200000000006,23,9,0.044444444444444446,0.21172968031891937,0.006771101389878154,0.011411072011046134
OFF-AR-10004062,Staples in misc. colors,Office Supplies,Art,157.2,39.3,15,3,0.0,0.25,0.006756831237392057,0.013445237182547112
OFF-BI-10004817,GBC Personal VeloBind Strips,Office Supplies,Binders,156.938,-11.261199999999999,27,7,0.42857142857142855,-0.0717557251908397,0.006745569851996404,-0.0038526591592900647
FUR-FU-10002157,Artistic Insta-Plaque,Furniture,Furnishings,156.8,61.152,10,3,0.0,0.38999999999999996,0.006739638282589533,0.02092119959763667
OFF-PA-10000300,Xerox 1936,Office Supplies,Paper,155.844,60.5394,9,3,0.13333333333333333,0.38846153846153847,0.0066985471206115,0.02071161811422628
FUR-FU-10003832,"Eldon Expressions Punched Metal & Wood Desk Accessories, Black & Cherry",Furniture,Furnishings,155.708,20.636,20,5,0.2,0.1325301204819277,0.006692701515978642,0.0070599469338178695
FUR-FU-10000794,"Eldon Stackable Tray, Side-Load, Legal, Smoke",Furniture,Furnishings,155.38,52.8292,17,5,0.0,0.34,0.006678603293040573,0.01807381995328799
OFF-LA-10000414,Avery 503,Office Supplies,Labels,155.25,74.52,15,4,0.0,0.48,0.0066730155827297525,0.025494632947669488
OFF-PA-10000919,Xerox 1918,Office Supplies,Paper,155.04,75.9696,4,1,0.0,0.49000000000000005,0.006663989281458426,0.025990567192448633
TEC-AC-10004877,Imation 30456 USB Flash Drive 8GB,Technology,Accessories,154.56,8.556000000000001,23,5,0.04,0.05535714285714286,0.006643357735695397,0.0029271615606583493
FUR-FU-10002456,"Master Caster Door Stop, Large Neon Orange",Furniture,Furnishings,154.336,42.2968,27,7,0.17142857142857143,0.2740566037735849,0.006633729681005985,0.014470496388365362
OFF-LA-10002945,"Permanent Self-Adhesive File Folder Labels for Typewriters, 1 1/8 x 3 1/2, White",Office Supplies,Labels,153.72,55.062,29,6,0.13333333333333333,0.3581967213114754,0.006607252530610096,0.018837701011333568
OFF-LA-10000240,Self-Adhesive Address Labels for Typewriters by Universal,Office Supplies,Labels,153.51,64.4011,23,7,0.08571428571428573,0.4195238095238095,0.0065982262293387715,0.022032775173458904
OFF-BI-10001922,Storex Dura Pro Binders,Office Supplies,Binders,153.252,49.361399999999996,33,5,0.32,0.3220930232558139,0.006587136773491143,0.016887423172075852
OFF-SU-10000946,Staple remover,Office Supplies,Supplies,153.216,34.2342,21,4,0.1,0.22343749999999998,0.006585589407558916,0.011712135846176957
OFF-PA-10000174,"Message Book, Wirebound, Four 5 1/2"" X 4"" Forms/Pg., 200 Dupl. Sets/Book",Office Supplies,Paper,152.144,54.0728,18,6,0.16666666666666666,0.3554054054054054,0.006539512288688151,0.01849927789120696
FUR-FU-10003142,"Master Big Foot Doorstop, Beige",Furniture,Furnishings,152.06400000000002,42.768,30,6,0.03333333333333333,0.28124999999999994,0.006536073697727647,0.014631702387358142
FUR-FU-10003424,Nu-Dell Oak Frame,Furniture,Furnishings,151.656,35.45759999999999,16,3,0.13333333333333333,0.2338028169014084,0.006518536883829072,0.012130683000607696
OFF-PA-10004888,Xerox 217,Office Supplies,Paper,151.632,67.392,25,8,0.07500000000000001,0.4444444444444444,0.00651750530654092,0.023056015883109796
OFF-PA-10003591,Southworth 100% Cotton The Best Paper,Office Supplies,Paper,151.536,65.43599999999999,15,3,0.06666666666666667,0.43181818181818177,0.006513378997388313,0.022386833085932645
OFF-AP-10003266,"Holmes Replacement Filter for HEPA Air Cleaner, Large Room",Office Supplies,Appliances,151.062,47.9844,12,4,0.15000000000000002,0.3176470588235294,0.006493005345947323,0.016416326693695006
TEC-AC-10003614,"Verbatim 25 GB 6x Blu-ray Single Layer Recordable Disc, 10/Pack",Technology,Accessories,150.67000000000002,41.955799999999996,14,5,0.08,0.2784615384615384,0.006476156250240849,0.014353834152252169
FUR-FU-10001025,"Eldon Imàge Series Desk Accessories, Clear",Furniture,Furnishings,150.66,48.166599999999995,37,7,0.1142857142857143,0.3197039692021771,0.006475726426370786,0.016478660592286865
OFF-PA-10000061,Xerox 205,Office Supplies,Paper,150.336,69.4656,24,4,0.05,0.4620689655172413,0.006461800132980741,0.023765431756436254
OFF-AP-10003281,Acco 6 Outlet Guardian Standard Surge Suppressor,Office Supplies,Appliances,149.916,22.971,15,5,0.2,0.1532258064516129,0.006443747530438091,0.007858792450897958
OFF-PA-10001712,Xerox 1948,Office Supplies,Paper,149.85000000000002,67.4325,15,3,0.0,0.44999999999999996,0.006440910692895675,0.023069871661885708
FUR-FU-10003731,"Eldon Expressions Wood and Plastic Desk Accessories, Oak",Furniture,Furnishings,149.7,41.916,15,5,0.0,0.28,0.006434463334844726,0.014340217856072387
OFF-AR-10002656,Sanford Liquid Accent Highlighters,Office Supplies,Art,149.632,48.6304,24,5,0.08,0.325,0.006431540532528298,0.01663733491812059
FUR-FU-10002268,Ultra Door Push Plate,Furniture,Furnishings,149.264,37.4142,34,7,0.05714285714285715,0.2506578947368421,0.006415723014109975,0.012800071068581534
TEC-AC-10001635,KeyTronic KT400U2 - Keyboard - Black,Technology,Accessories,148.03199999999998,24.672,15,3,0.06666666666666667,0.16666666666666669,0.0063627687133182,0.008440735159486066
TEC-PH-10003187,Anker Astro Mini 3000mAh Ultra-Compact Portable Charger,Technology,Phones,147.926,-31.984,9,4,0.2,-0.21621621621621626,0.006358212580295531,-0.010942301935027657
OFF-PA-10001934,Xerox 1993,Office Supplies,Paper,147.744,68.4288,24,8,0.07500000000000001,0.4631578947368421,0.006350389785860383,0.023410723819773025
OFF-AP-10004136,Kensington 6 Outlet SmartSocket Surge Protector,Office Supplies,Appliances,147.528,-36.882000000000005,6,2,0.4,-0.25000000000000006,0.00634110559026702,-0.012617995871926278
OFF-AP-10001303,"Holmes Cool Mist Humidifier for the Whole House with 8-Gallon Output per Day, Extended Life Filter",Office Supplies,Appliances,147.26,48.754999999999995,9,4,0.2,0.3310810810810811,0.006329586310549328,0.016679962820231157
OFF-BI-10004970,"ACCOHIDE 3-Ring Binder, Blue, 1""",Office Supplies,Binders,147.028,50.7164,44,13,0.16153846153846155,0.34494382022471914,0.006319614396763864,0.017350993054578434
OFF-BI-10000948,"GBC Laser Imprintable Binding System Covers, Desert Sand",Office Supplies,Binders,146.981,18.408299999999997,17,6,0.35000000000000003,0.12524271844660192,0.006317594224574568,0.006297810677544071
OFF-FA-10003112,Staples,Office Supplies,Fasteners,146.754,51.285000000000004,22,7,0.14285714285714285,0.34946236559139787,0.0063078372227241344,0.017545521346232287
OFF-EN-10001219,"#10- 4 1/8"" x 9 1/2"" Security-Tint Envelopes",Office Supplies,Envelopes,146.688,64.86359999999999,21,8,0.07500000000000001,0.44218749999999996,0.006305000385181718,0.022191004745899818
TEC-AC-10002550,Maxell 4.7GB DVD-RW 3/Pack,Technology,Accessories,146.55599999999998,41.418,10,4,0.1,0.28260869565217395,0.006299326710096885,0.014169843094827899
OFF-PA-10004735,Xerox 1905,Office Supplies,Paper,146.448,68.94720000000001,23,5,0.04,0.47079646017699117,0.0062946846123002045,0.023588077788104643
FUR-FU-10000820,Tensor Brushed Steel Torchiere Floor Lamp,Furniture,Furnishings,146.114,6.795999999999999,10,4,0.2,0.04651162790697674,0.0062803284950400965,0.0023250338903966967
OFF-AR-10004999,Newell 315,Office Supplies,Art,145.912,33.787,25,6,0.03333333333333333,0.2315573770491803,0.0062716460528648215,0.011559140679051384
OFF-ST-10004634,"Personal Folder Holder, Ebony",Office Supplies,Storage,145.73000000000002,35.872,14,6,0.03333333333333333,0.2461538461538461,0.006263823258429674,0.01227245669751476
FUR-FU-10000719,"DAX Cubicle Frames, 8-1/2 x 11",Furniture,Furnishings,145.69,52.4484,17,4,0.0,0.36,0.0062621039629494205,0.017943541420995014
OFF-PA-10001800,Xerox 220,Office Supplies,Paper,145.152,60.912,25,8,0.1,0.41964285714285715,0.006238979438740025,0.020839091278964626
OFF-PA-10000143,Astroparche Fine Business Paper,Office Supplies,Paper,144.672,65.0496,29,6,0.06666666666666667,0.44963503649635034,0.006218347892976996,0.022254638692870657
FUR-FU-10001967,Telescoping Adjustable Floor Lamp,Furniture,Furnishings,143.928,-5.997000000000002,10,6,0.3,-0.04166666666666668,0.006186368997044301,-0.002051681612817686
OFF-PA-10001639,Xerox 203,Office Supplies,Paper,143.856,62.985600000000005,24,6,0.06666666666666667,0.4378378378378379,0.006183274265179847,0.021548507152291084
OFF-BI-10002215,"Wilson Jones Hanging View Binder, White, 1""",Office Supplies,Binders,143.42,55.238,23,7,0.1142857142857143,0.38514851485148516,0.006164533944445095,0.018897913778359733
OFF-BI-10002982,Avery Self-Adhesive Photo Pockets for Polaroid Photos,Office Supplies,Binders,143.01,-2.1791999999999963,41,11,0.5363636363636363,-0.015238095238095212,0.006146911165772507,-0.0007455435335421533
OFF-PA-10002262,Xerox 192,Office Supplies,Paper,142.56,68.4288,22,6,0.0,0.48,0.006127569091619668,0.023410723819773025
OFF-BI-10004738,Flexible Leather- Look Classic Collection Ring Binder,Office Supplies,Binders,142.05,18.940000000000005,13,6,0.3833333333333333,0.13333333333333336,0.006105648074246449,0.006479714815202098
OFF-BI-10000829,Avery Non-Stick Binders,Office Supplies,Binders,141.884,57.022999999999996,35,7,0.1142857142857143,0.4018987341772152,0.006098512998003402,0.019508594398483056
OFF-BI-10001153,Ibico Recycled Grain-Textured Covers,Office Supplies,Binders,141.614,3.453999999999999,8,4,0.39999999999999997,0.024390243902439015,0.006086907753511698,0.0011816755528884914
OFF-PA-10004983,Xerox 23,Office Supplies,Paper,141.264,63.7632,23,6,0.03333333333333333,0.4513761467889908,0.00607186391805949,0.021814538104788502
OFF-PA-10004621,Xerox 212,Office Supplies,Paper,141.264,57.024,25,7,0.1142857142857143,0.40366972477064217,0.00607186391805949,0.01950893651647752
OFF-BI-10004040,Wilson Jones Impact Binders,Office Supplies,Binders,140.728,22.5148,48,11,0.35454545454545455,0.15998806207719857,0.006048825358624107,0.007702718221822183
OFF-FA-10000621,"OIC Colored Binder Clips, Assorted Sizes",Office Supplies,Fasteners,139.62,59.284800000000004,44,7,0.08571428571428573,0.4246153846153846,0.006001200873821114,0.02028239687836817
OFF-FA-10000134,"Advantus Push Pins, Aluminum Head",Office Supplies,Fasteners,139.44,43.2264,24,5,0.0,0.31,0.005993464044159978,0.014788529276021744
OFF-PA-10002479,Xerox 4200 Series MultiUse Premium Copy Paper (20Lb. and 84 Bright),Office Supplies,Paper,139.392,52.272,30,8,0.07500000000000001,0.375,0.005991400889583675,0.017883191806771063
OFF-PA-10001184,Xerox 1903,Office Supplies,Paper,138.736,65.54079999999999,24,6,0.03333333333333333,0.4724137931034482,0.005963204443707535,0.022422687051752765
OFF-PA-10002036,Xerox 1930,Office Supplies,Paper,138.672,59.3568,24,5,0.12000000000000002,0.4280373831775701,0.005960453570939131,0.020307029373969783
OFF-PA-10002250,Things To Do Today Pad,Office Supplies,Paper,138.53199999999998,59.1696,26,7,0.1142857142857143,0.4271186440677967,0.005954436036758247,0.020242984885405595
OFF-AR-10003156,50 Colored Long Pencils,Office Supplies,Art,138.176,32.9184,14,5,0.04,0.23823529411764707,0.005939134306984001,0.011261976989057478
FUR-FU-10000771,"Eldon 200 Class Desk Accessories, Smoke",Furniture,Furnishings,138.16,58.0272,22,4,0.0,0.42000000000000004,0.0059384465887919,0.019852149288526664
OFF-BI-10003694,"Avery 3 1/2"" Diskette Storage Pages, 10/Pack",Office Supplies,Binders,137.808,-14.407200000000005,27,6,0.3833333333333333,-0.10454545454545458,0.0059233167885656786,-0.00492896236988277
OFF-BI-10003460,Acco 3-Hole Punch,Office Supplies,Binders,137.53199999999998,55.5384,36,9,0.23333333333333334,0.4038216560509555,0.005911453649751936,0.019000686023897574
OFF-PA-10001166,Xerox 2,Office Supplies,Paper,137.376,53.135999999999996,25,9,0.15555555555555556,0.38679245283018865,0.005904748397378953,0.018178781753990417
OFF-BI-10004632,GBC Binding covers,Office Supplies,Binders,137.26999999999998,58.9225,11,3,0.06666666666666667,0.429245283018868,0.005900192264356283,0.020158447528972834
FUR-FU-10001918,C-Line Cubicle Keepers Polyproplyene Holder With Velcro Backings,Furniture,Furnishings,137.17,47.7257,31,8,0.125,0.3479310344827587,0.005895894025655652,0.016327820768526433
OFF-LA-10004484,Avery 476,Office Supplies,Labels,137.11599999999999,54.5986,37,10,0.08,0.39819277108433737,0.005893572976757311,0.018679163532697628
OFF-PA-10000246,Riverleaf Stik-Withit Designer Note Cubes,Office Supplies,Paper,136.816,55.33,15,5,0.08,0.40441176470588236,0.0058806782606554186,0.018929388633850682
OFF-BI-10003429,"Cardinal HOLDit! Binder Insert Strips,Extra Strips",Office Supplies,Binders,136.728,4.367700000000003,41,9,0.4555555555555556,0.03194444444444446,0.005876895810598863,0.0014942687644328516
FUR-TA-10001691,"Barricks Non-Folding Utility Table with Steel Legs, Laminate Tops",Furniture,Tables,136.464,15.3522,2,1,0.2,0.1125,0.005865548460429197,0.005252263874653939
OFF-BI-10001072,"GBC Clear Cover, 8-1/2 x 11, unpunched, 25 covers per pack",Office Supplies,Binders,136.44,13.644000000000002,15,4,0.375,0.10000000000000002,0.005864516883141046,0.00466785791650567
FUR-FU-10002597,"C-Line Magnetic Cubicle Keepers, Clear Polypropylene",Furniture,Furnishings,136.344,56.1184,28,7,0.028571428571428574,0.41159420289855075,0.005860390573988439,0.019199114460688345
OFF-PA-10001593,Xerox 1947,Office Supplies,Paper,136.344,54.119,25,5,0.08,0.3969298245614035,0.005860390573988439,0.018515083742551328
OFF-SU-10003567,Stiletto Hand Letter Openers,Office Supplies,Supplies,136.32000000000002,-21.983999999999998,17,4,0.15000000000000002,-0.16126760563380277,0.005859358996700289,-0.007521121990359179
TEC-AC-10004209,Memorex Froggy Flash Drive 4 GB,Technology,Accessories,136.276,42.4214,14,5,0.08,0.31129032258064515,0.005857467771672011,0.014513124290475932
OFF-BI-10003476,Avery Metallic Poly Binders,Office Supplies,Binders,135.80100000000002,43.4334,31,6,0.3,0.31983122362869193,0.005837051137844014,0.014859347700876381
OFF-AP-10004052,"Hoover Replacement Belts For Soft Guard & Commercial Ltweight Upright Vacs, 2/Pk",Office Supplies,Appliances,135.714,21.1486,24,7,0.17142857142857146,0.15583211754130008,0.005833311670174464,0.0072353166177815745
OFF-PA-10004451,Xerox 222,Office Supplies,Paper,134.784,60.6528,22,7,0.08571428571428573,0.45,0.0057933380502585945,0.02075041429479882
OFF-BI-10004139,Fellowes Presentation Covers for Comb Binding Machines,Office Supplies,Binders,133.86,21.825000000000003,14,2,0.4,0.16304347826086957,0.005753622324664765,0.007466725229238952
OFF-PA-10004285,Xerox 1959,Office Supplies,Paper,133.6,60.6544,21,6,0.06666666666666667,0.454,0.0057424469040431225,0.020750961683589968
FUR-FU-10000732,Eldon 200 Class Desk Accessories,Furniture,Furnishings,133.136,39.187200000000004,22,7,0.028571428571428574,0.2943396226415095,0.005722503076472195,0.013406646272771255
TEC-PH-10004348,OtterBox Defender Series Case - iPhone 5c,Technology,Phones,133.128,3.6979999999999995,5,2,0.30000000000000004,0.027777777777777776,0.005722159217376143,0.0012651523435384027
OFF-PA-10001838,"Adams Telephone Message Book W/Dividers/Space For Phone Numbers, 5 1/4""X8 1/2"", 300/Messages",Office Supplies,Paper,132.888,60.916799999999995,24,10,0.04,0.4584070796460176,0.00571184344449463,0.020840733445338065
OFF-AR-10000940,Newell 343,Office Supplies,Art,131.124,23.5216,52,11,0.10909090909090911,0.1793843994997102,0.005636022513815497,0.008047162618651404
TEC-MA-10003173,Hewlett-Packard 300S Scientific Calculator,Technology,Machines,131.1,60.306,10,2,0.0,0.46,0.005634990936527346,0.020631767774317716
OFF-BI-10003712,"Acco Pressboard Covers with Storage Hooks, 14 7/8"" x 11"", Light Blue",Office Supplies,Binders,131.097,18.4125,45,11,0.4636363636363636,0.1404494382022472,0.005634861989366327,0.006299247573120835
OFF-PA-10000743,Xerox 1977,Office Supplies,Paper,130.928,61.455999999999996,20,6,0.03333333333333333,0.4693877551020408,0.0056275979659622605,0.02102520346795459
OFF-EN-10001990,Staple envelope,Office Supplies,Envelopes,130.64,61.400800000000004,23,6,0.0,0.4700000000000001,0.005615219038504443,0.021006318554660022
OFF-PA-10004040,Universal Premium White Copier/Laser Paper (20Lb. and 87 Bright),Office Supplies,Paper,129.168,55.9728,24,5,0.08,0.4333333333333333,0.0055519489648311535,0.019149302080693972
OFF-AP-10000252,Harmony HEPA Quiet Air Purifiers,Office Supplies,Appliances,128.7,37.44,12,4,0.1,0.2909090909090909,0.0055318332077122,0.012808897712838777
OFF-FA-10000624,OIC Binder Clips,Office Supplies,Fasteners,128.164,60.144,38,7,0.028571428571428574,0.46927374301675984,0.005508794648276817,0.020576344659214086
OFF-AR-10001419,Newell 325,Office Supplies,Art,128.03,29.736,34,6,0.10000000000000002,0.23225806451612904,0.005503035008417972,0.010173220683466183
OFF-LA-10001404,Avery 517,Office Supplies,Labels,127.944,-8.737899999999998,17,6,0.10000000000000002,-0.06829472269117737,0.005499338523135429,-0.002989392823851868
TEC-PH-10004700,PowerGen Dual USB Car Charger,Technology,Phones,127.87200000000001,52.3476,14,4,0.1,0.40937499999999993,0.0054962437912709754,0.017909055927152757
OFF-AR-10003504,Newell 347,Office Supplies,Art,127.544,30.302400000000002,32,7,0.08571428571428573,0.2375838926174497,0.005482145568332904,0.010366996315532206
OFF-PA-10001534,Xerox 230,Office Supplies,Paper,127.008,56.2464,21,5,0.08,0.4428571428571429,0.005459107008897522,0.019242905563980103
TEC-PH-10003875,KLD Oscar II Style Snap-on Ultra Thin Side Flip Synthetic Leather Cover Case for HTC One HTC M7,Technology,Phones,126.36,36.644400000000005,13,3,0.0,0.29000000000000004,0.005431254422117433,0.012536708636440956
OFF-PA-10002893,"Wirebound Service Call Books, 5 1/2"" x 4""",Office Supplies,Paper,125.84,60.4032,13,5,0.0,0.48,0.005408903580874151,0.020665021643379897
FUR-FU-10001196,DAX Cubicle Frames - 8x10,Furniture,Furnishings,125.786,20.772,26,5,0.12,0.16513761467889906,0.005406582531975811,0.00710647498106536
OFF-BI-10004364,Storex Dura Pro Binders,Office Supplies,Binders,125.334,1.1879999999999988,38,12,0.4666666666666666,0.00947867298578198,0.005387154493048958,0.0004064361774266146
OFF-EN-10001141,"Manila Recycled Extra-Heavyweight Clasp Envelopes, 6"" x 9""",Office Supplies,Envelopes,125.172,52.3746,13,4,0.15000000000000002,0.41842105263157897,0.005380191346353935,0.017918293113003362
TEC-AC-10001590,Dell Slim USB Multimedia Keyboard,Technology,Accessories,125.0,30.0,5,2,0.0,0.24,0.00537279837578885,0.010263539834005431
OFF-PA-10002870,"Ampad Phone Message Book, Recycled, 400 Message Capacity, 5 ¾” x 11”",Office Supplies,Paper,124.8,56.16,20,5,0.0,0.44999999999999996,0.005364201898387588,0.019213346569258164
FUR-FU-10000073,Deflect-O Glasstique Clear Desk Accessories,Furniture,Furnishings,124.74,37.037,17,3,0.06666666666666667,0.2969135802469136,0.005361622955167209,0.012671024161068639
OFF-PA-10002606,Xerox 1928,Office Supplies,Paper,124.608,49.104,26,4,0.1,0.3940677966101695,0.005355949280082376,0.016799362000300088
OFF-BI-10001900,"DXL Angle-View Binders with Locking Rings, Black",Office Supplies,Binders,124.592,42.0498,26,4,0.2,0.33749999999999997,0.005355261561890275,0.01438599324373205
FUR-FU-10000260,"6"" Cubicle Wall Clock, Black",Furniture,Furnishings,124.586,26.211599999999997,19,4,0.2,0.21038961038961038,0.005355003667568237,0.008967460023767224
OFF-PA-10001937,Xerox 21,Office Supplies,Paper,124.416,43.5456,24,7,0.2,0.35000000000000003,0.005347696661777164,0.014897733339855562
OFF-AR-10003631,Staples in misc. colors,Office Supplies,Art,123.904,26.619999999999997,30,4,0.1,0.21484374999999997,0.005325689679629933,0.009107181012707485
OFF-AR-10001761,Avery Hi-Liter Smear-Safe Highlighters,Office Supplies,Art,123.80799999999999,34.1056,24,6,0.10000000000000002,0.2754716981132076,0.005321563370477327,0.011668139472088522
OFF-FA-10001332,"Acco Banker's Clasps, 5 3/4""-Long",Office Supplies,Fasteners,123.136,48.856,35,7,0.08571428571428573,0.39676455301455305,0.005292679206409087,0.01671451673767231
OFF-AR-10001374,"BIC Brite Liner Highlighters, Chisel Tip",Office Supplies,Art,123.12,30.5856,21,6,0.10000000000000002,0.24842105263157893,0.005291991488216986,0.010463884131565217
OFF-BI-10004654,VariCap6 Expandable Binder,Office Supplies,Binders,122.83,31.14,10,3,0.3,0.2535211267605634,0.005279526595985156,0.010653554347697637
OFF-PA-10004438,Xerox 1907,Office Supplies,Paper,122.8,57.716,10,3,0.0,0.47000000000000003,0.005278237124374966,0.01974568216864858
OFF-BI-10003708,"Acco Four Pocket Poly Ring Binder with Label Holder, Smoke, 1""",Office Supplies,Binders,122.18,7.449999999999999,28,6,0.4000000000000001,0.06097560975609755,0.005251588044431054,0.002548779058778015
OFF-PA-10000304,Xerox 1995,Office Supplies,Paper,121.82400000000001,47.6928,22,6,0.10000000000000002,0.3914893617021276,0.005236286314656807,0.016316565086508472
OFF-PA-10001994,"Ink Jet Note and Greeting Cards, 8-1/2"" x 5-1/2"" Card Size",Office Supplies,Paper,121.392,48.5568,6,3,0.06666666666666667,0.4,0.00521771792347008,0.01661215503372783
OFF-LA-10002475,Avery 519,Office Supplies,Labels,121.346,51.6086,18,6,0.06666666666666667,0.42530120481927713,0.0052157407336677905,0.017656230729241756
FUR-FU-10001867,"Eldon Expressions Punched Metal & Wood Desk Accessories, Pewter & Cherry",Furniture,Furnishings,121.296,21.7056,13,3,0.13333333333333333,0.17894736842105263,0.005213591614317475,0.00742587634069961
OFF-AR-10004757,Crayola Colored Pencils,Office Supplies,Art,120.704,32.8,40,11,0.10909090909090911,0.2717391304347826,0.005188146041209738,0.011221470218512605
OFF-PA-10001569,Xerox 232,Office Supplies,Paper,120.528,56.505599999999994,19,4,0.05,0.4688172043010752,0.005180581141096628,0.019331582548145907
OFF-PA-10002787,Xerox 227,Office Supplies,Paper,120.528,46.3968,22,8,0.125,0.38494623655913973,0.005180581141096628,0.01587318016567944
OFF-PA-10002246,"Wirebound Four 2-3/4 x 5 Forms per Page, 400 Sets per Book",Office Supplies,Paper,119.97,47.601000000000006,22,6,0.13333333333333333,0.39677419354838717,0.005156596969147107,0.01628515865461642
OFF-BI-10002072,Cardinal Slant-D Ring Binders,Office Supplies,Binders,119.922,46.056999999999995,17,5,0.18,0.38405797101449274,0.005154533814570803,0.0157569284711596
FUR-BO-10002206,"Bush Saratoga Collection 5-Shelf Bookcase, Hanover Cherry, *Special Order",Furniture,Bookcases,119.833,-12.6882,1,1,0.15,-0.10588235294117647,0.005150708382127242,-0.004340861537394256
TEC-PH-10000148,Cyber Acoustics AC-202b Speech Recognition Stereo Headset,Technology,Phones,119.508,-20.5242,11,5,0.16,-0.17173913043478262,0.005136739106350191,-0.007021698142036475
OFF-PA-10003883,"Message Book, Phone, Wirebound Standard Line Memo, 2 3/4"" X 5""",Office Supplies,Paper,119.21,52.007,19,5,0.04,0.43626373626373627,0.005123930355022311,0.017792530538237348
OFF-AR-10000034,"BIC Brite Liner Grip Highlighters, Assorted, 5/Pack",Office Supplies,Art,118.72,43.7144,29,6,0.06666666666666667,0.3682142857142857,0.005102868985389218,0.014955482857321567
OFF-PA-10000349,Easy-staple paper,Office Supplies,Paper,118.524,52.539,25,9,0.044444444444444446,0.4432773109243698,0.0050944444375359815,0.017974537311293712
OFF-AR-10000122,Newell 314,Office Supplies,Art,118.296,17.855999999999998,24,7,0.08571428571428573,0.15094339622641506,0.005084644453298543,0.006108858909200031
OFF-PA-10003022,Xerox 1992,Office Supplies,Paper,118.052,42.855599999999995,22,6,0.13333333333333333,0.36302307457730487,0.005074156750869003,0.014661671923673437
OFF-BI-10001116,"Wilson Jones 1"" Hanging DublLock Ring Binders",Office Supplies,Binders,117.744,-8.5536,46,10,0.5,-0.0726457399103139,0.005060918175671059,-0.002926340477471628
OFF-BI-10002799,"SlimView Poly Binder, 3/8""",Office Supplies,Binders,117.58599999999998,5.697999999999997,40,7,0.4571428571428572,0.048458149779735664,0.005054126958524061,0.001949388332472097
FUR-FU-10002553,"Electrix Incandescent Magnifying Lamp, Black",Furniture,Furnishings,117.28,-16.4925,5,2,0.4,-0.140625,0.005040974348100131,-0.005642381023744486
OFF-PA-10001471,Strathmore Photo Frame Cards,Office Supplies,Paper,116.96000000000001,53.8016,16,4,0.0,0.45999999999999996,0.005027219984258112,0.018406495491107552
OFF-BI-10001097,Avery Hole Reinforcements,Office Supplies,Binders,116.501,14.827399999999988,32,9,0.41111111111111115,0.12727272727272718,0.005007491068622215,0.005072720351157733
OFF-BI-10003981,"Avery Durable Plastic 1"" Binders",Office Supplies,Binders,116.224,37.5004,34,7,0.32857142857142857,0.32265625,0.004995584947421467,0.012829561639704574
OFF-PA-10000791,"Wirebound Message Books, Four 2 3/4 x 5 Forms per Page, 200 Sets per Book",Office Supplies,Paper,115.434,47.223,26,6,0.06666666666666667,0.4090909090909091,0.004961628861686481,0.016155838052707948
OFF-BI-10000404,Avery Printable Repositionable Plastic Tabs,Office Supplies,Binders,115.24000000000001,42.312,16,6,0.23333333333333336,0.3671641791044776,0.004953290278607257,0.014475696581881258
FUR-FU-10001706,Longer-Life Soft White Bulbs,Furniture,Furnishings,115.19200000000001,44.7216,44,10,0.12,0.38823529411764707,0.004951227124030954,0.015300064101348576
OFF-EN-10003072,Peel & Seel Envelopes,Office Supplies,Envelopes,114.816,50.3872,26,6,0.06666666666666667,0.43885172798216276,0.004935065746516581,0.01723836781079995
OFF-PA-10001526,Xerox 1949,Office Supplies,Paper,114.54,43.4256,28,8,0.15000000000000002,0.3791304347826087,0.004923202607702839,0.014856679180519543
OFF-PA-10000327,Xerox 1971,Office Supplies,Paper,113.848,47.936,28,6,0.10000000000000002,0.42105263157894735,0.004893458795894472,0.01639976818276281
OFF-LA-10001613,Avery File Folder Labels,Office Supplies,Labels,113.472,48.8448,44,13,0.1076923076923077,0.4304568527918782,0.004877297418380099,0.01671068501613428
FUR-FU-10004848,DAX Solid Wood Frames,Furniture,Furnishings,113.332,33.3157,13,3,0.06666666666666667,0.2939655172413793,0.004871279884199216,0.011397900468259158
OFF-ST-10003327,Akro-Mils 12-Gallon Tote,Office Supplies,Storage,113.202,21.548099999999998,13,4,0.1,0.19035087719298244,0.0048656921738883955,0.007371992756571081
OFF-BI-10001757,Pressboard Hanging Data Binders for Unburst Sheets,Office Supplies,Binders,112.66799999999999,-10.135200000000001,48,10,0.43999999999999995,-0.08995633187772928,0.004842739579227025,-0.0034674342975203947
OFF-PA-10000289,Xerox 213,Office Supplies,Paper,111.456,50.8032,18,6,0.06666666666666667,0.45581395348837206,0.004790644926175377,0.017380688896498155
OFF-AR-10003723,Avery Hi-Liter Fluorescent Desk Style Markers,Office Supplies,Art,110.94,36.6432,25,6,0.0,0.3302974580854516,0.00476846601448012,0.012536298094847595
OFF-AR-10002399,"Dixon Prang Watercolor Pencils, 10-Color Set with Brush",Office Supplies,Art,110.76,42.8982,27,7,0.05714285714285715,0.3873076923076923,0.004760729184818985,0.014676246150237725
OFF-BI-10001553,SpineVue Locking Slant-D Ring Binders by Cardinal,Office Supplies,Binders,110.59400000000001,6.0324,22,8,0.3875,0.05454545454545454,0.004753594108575937,0.002063792589821812
OFF-BI-10002309,Avery Heavy-Duty EZD  Binder With Locking Rings,Office Supplies,Binders,110.48400000000001,29.2392,28,6,0.21666666666666667,0.26464646464646463,0.004748866046005243,0.010003256463815053
OFF-LA-10003766,Self-Adhesive Removable Labels,Office Supplies,Labels,110.25,52.92,35,7,0.0,0.48000000000000004,0.004738808167445766,0.01810488426718558
OFF-PA-10000520,Xerox 201,Office Supplies,Paper,110.16000000000001,46.1376,19,5,0.08,0.41882352941176465,0.004734939752615198,0.015784503181513632
OFF-PA-10003072,"Eureka Recycled Copy Paper 8 1/2"" x 11"", Ream",Office Supplies,Paper,110.16,46.1376,19,6,0.13333333333333333,0.4188235294117647,0.004734939752615197,0.015784503181513632
OFF-PA-10003363,Xerox 204,Office Supplies,Paper,110.16,52.8768,17,4,0.0,0.48000000000000004,0.004734939752615197,0.018090104769824613
OFF-PA-10001892,"Rediform Wirebound ""Phone Memo"" Message Book, 11 x 5-3/4",Office Supplies,Paper,110.016,43.77719999999999,17,5,0.12000000000000002,0.3979166666666666,0.004728750288886289,0.014976967867374083
OFF-BI-10002437,Recycled Premium Regency Composition Covers,Office Supplies,Binders,110.01599999999999,39.880799999999994,9,3,0.20000000000000004,0.3625,0.0047287502888862885,0.013643939313733457
OFF-LA-10001934,Avery 516,Office Supplies,Labels,109.64999999999999,51.5355,15,4,0.0,0.47000000000000003,0.004713018735241979,0.01763122190384623
OFF-PA-10004569,"Wirebound Message Books, Two 4 1/4"" x 5"" Forms per Page",Office Supplies,Paper,109.584,49.084500000000006,15,6,0.03333333333333333,0.4479166666666667,0.004710181897699563,0.01679269069940799
OFF-PA-10003893,Xerox 1962,Office Supplies,Paper,109.568,43.656,28,7,0.05714285714285715,0.3984375,0.004709494179507462,0.014935503166444703
FUR-FU-10001546,Dana Swing-Arm Lamps,Furniture,Furnishings,108.936,-11.213999999999999,15,7,0.34285714285714286,-0.10294117647058822,0.004682329310919473,-0.0038365111899512296
OFF-EN-10002312,#10 Self-Seal White Envelopes,Office Supplies,Envelopes,108.68200000000002,52.123,10,4,0.05,0.4795918367346938,0.004671411784619871,0.0178322162255955
OFF-PA-10001745,"Wirebound Message Books, 2 7/8"" x 5"", 3 Forms per Page",Office Supplies,Paper,108.416,44.985600000000005,17,3,0.06666666666666667,0.414935064935065,0.004659978469676192,0.015390383251887827
FUR-FU-10003194,"Eldon Expressions Desk Accessory, Wood Pencil Holder, Oak",Furniture,Furnishings,108.08,6.754999999999999,15,4,0.2,0.06249999999999999,0.004645536387642072,0.002311007052623556
FUR-FU-10001935,3M Hangers With Command Adhesive,Furniture,Furnishings,108.04,36.001,33,8,0.15,0.33321917808219176,0.00464381709216182,0.012316589918800984
TEC-AC-10001090,Micro Innovations Wireless Classic Keyboard with Mouse,Technology,Accessories,107.964,9.5968,4,2,0.1,0.08888888888888889,0.004640550430749339,0.003283237969299444
TEC-AC-10001542,SanDisk Cruzer 16 GB USB Flash Drive,Technology,Accessories,107.912,14.923999999999996,10,3,0.06666666666666667,0.13829787234042548,0.004638315346625012,0.005105768949423234
OFF-AP-10002222,Staple holder,Office Supplies,Appliances,107.508,25.229699999999998,13,4,0.05,0.23467741935483868,0.004620950462274461,0.008631534365000228
OFF-PA-10002615,"Ampad Gold Fibre Wirebound Steno Books, 6"" x 9"", Gregg Ruled",Office Supplies,Paper,106.72200000000001,47.187,25,8,0.05,0.4421487603305784,0.004587166306087502,0.016143521804907142
OFF-LA-10001641,Avery 518,Office Supplies,Labels,106.47,49.14,35,8,0.05,0.46153846153846156,0.004576334744561911,0.016811678248100898
OFF-PA-10002464,HP Office Recycled Paper (20Lb. and 87 Bright),Office Supplies,Paper,106.352,50.3438,19,4,0.05,0.4733695652173913,0.0045712628228951665,0.017223519889840087
OFF-PA-10000587,"Array Parchment Paper, Assorted Colors",Office Supplies,Paper,106.288,49.504,15,4,0.05,0.4657534246575342,0.004568511950126763,0.01693620919808683
OFF-AP-10003278,Belkin 7-Outlet SurgeMaster Home Series,Office Supplies,Appliances,106.172,2.794000000000001,10,5,0.24,0.02631578947368422,0.00456352599323403,0.0009558776765403728
OFF-BI-10003305,Avery Hanging File Binders,Office Supplies,Binders,105.846,21.8868,26,6,0.25,0.20677966101694917,0.0045495137350699735,0.007487868121297002
OFF-PA-10004610,Xerox 1900,Office Supplies,Paper,105.28800000000001,44.084,26,7,0.08571428571428573,0.4186991869918699,0.004525529563120452,0.015081929668076513
TEC-AC-10002134,Rosewill 107 Normal Keys USB Wired Standard Keyboard,Technology,Accessories,105.14399999999999,0.8087999999999997,9,3,0.06666666666666667,0.00769230769230769,0.004519340099391543,0.0002767050339247863
OFF-PA-10003309,Xerox 211,Office Supplies,Paper,104.976,40.9536,19,4,0.1,0.3901234567901235,0.0045121190583744825,0.014010963498197493
TEC-PH-10003442,Samsung Replacement EH64AVFWE Premium Headset,Technology,Phones,104.5,17.875,21,5,0.08,0.17105263157894737,0.004491659442159479,0.006115359151094903
TEC-AC-10003237,Memorex Micro Travel Drive 4 GB,Technology,Accessories,103.88000000000001,37.418,11,3,0.06666666666666667,0.360204081632653,0.004465010362215567,0.012801371116960506
OFF-PA-10003256,Avery Personal Creations Heavyweight Cards,Office Supplies,Paper,103.85999999999999,37.8512,11,3,0.13333333333333333,0.36444444444444446,0.004464150714475439,0.012949576632163545
OFF-BI-10000343,"Pressboard Covers with Storage Hooks, 9 1/2"" x 11"", Light Blue",Office Supplies,Binders,102.619,-11.882200000000001,44,12,0.45,-0.11578947368421054,0.004410809572200608,-0.004065114433853978
OFF-AR-10000914,Boston 16765 Mini Stand Up Battery Pencil Sharpener,Office Supplies,Art,102.608,16.323999999999998,10,4,0.1,0.15909090909090906,0.004410336765943539,0.005584734141676821
OFF-PA-10000069,"TOPS 4 x 6 Fluorescent Color Memo Sheets, 500 Sheets per Pack",Office Supplies,Paper,102.49199999999999,37.105900000000005,13,3,0.13333333333333333,0.3620370370370371,0.004405350809050806,0.012694596090887406
OFF-BI-10002071,Fellowes Black Plastic Comb Bindings,Office Supplies,Binders,102.256,-4.415600000000001,34,9,0.4111111111111111,-0.043181818181818196,0.004395206965717317,-0.001510656216367813
OFF-SU-10004661,Acme Titanium Bonded Scissors,Office Supplies,Supplies,102.0,20.23,13,5,0.08,0.19833333333333333,0.004384203474643702,0.006921047028064329
TEC-MA-10002694,Hewlett-Packard Deskjet F4180 All-in-One Color Ink-jet - Printer / copier / scanner,Technology,Machines,101.994,-71.3958,2,1,0.7,-0.7,0.004383945580321664,-0.02442578790935616
FUR-FU-10003095,"Linden 12"" Wall Clock With Oak Frame",Furniture,Furnishings,101.94,30.582,3,1,0.0,0.3,0.004381624531423323,0.010462652506785136
OFF-PA-10002586,Xerox 1970,Office Supplies,Paper,101.592,43.5252,22,6,0.06666666666666667,0.4284313725490196,0.004366666660745127,0.014890754132768438
OFF-AR-10003560,Zebra Zazzle Fluorescent Highlighters,Office Supplies,Art,100.928,20.672,20,6,0.16666666666666666,0.20481927710843376,0.004338126355772937,0.007072263181618676
OFF-BI-10002412,Wilson Jones “Snap” Scratch Pad Binder Tool for Ring Binders,Office Supplies,Binders,100.92,30.739999999999995,22,5,0.2,0.30459770114942525,0.004337782496676886,0.010516707149910896
OFF-EN-10001028,Staple envelope,Office Supplies,Envelopes,100.63199999999999,42.4092,9,2,0.1,0.42142857142857143,0.004325403569219068,0.014508950450943435
OFF-BI-10003963,Cardinal Holdit Data Disk Pockets,Office Supplies,Binders,100.464,38.7296,16,3,0.13333333333333333,0.38550724637681155,0.0043181825282020084,0.013250093078503224
OFF-BI-10001758,Wilson Jones 14 Line Acrylic Coated Pressboard Data Binders,Office Supplies,Binders,100.392,35.297399999999996,23,4,0.175,0.35159574468085103,0.004315087796337554,0.012075875697894109
OFF-PA-10000210,Xerox Blank Computer Paper,Office Supplies,Paper,99.9,46.953,5,1,0.0,0.47000000000000003,0.004293940461930449,0.016063466194201903
OFF-BI-10002571,"Avery Framed View Binder, EZD Ring (Locking), Navy, 1 1/2""",Office Supplies,Binders,99.80000000000001,-0.698599999999999,19,6,0.45,-0.006999999999999989,0.004289642223229819,-0.00023900363093453945
OFF-BI-10001031,Pressboard Data Binders by Wilson Jones,Office Supplies,Binders,99.324,22.9086,27,8,0.325,0.2306451612903226,0.004269182607014814,0.007837444288043227
OFF-ST-10003572,Portfile Personal File Boxes,Office Supplies,Storage,99.11999999999999,7.434,7,2,0.2,0.07500000000000001,0.004260414200065526,0.002543305170866546
OFF-PA-10004675,"Telephone Message Books with Fax/Mobile Section, 5 1/2"" x 3 3/16""",Office Supplies,Paper,99.06,40.766999999999996,17,6,0.06666666666666667,0.41153846153846146,0.004257835256845148,0.013947124280429978
FUR-FU-10000409,"GE 4 Foot Flourescent Tube, 40 Watt",Furniture,Furnishings,98.868,42.2436,7,3,0.06666666666666667,0.4272727272727273,0.004249582638539936,0.014452295711059727
OFF-PA-10003177,Xerox 1999,Office Supplies,Paper,98.49600000000001,41.2128,17,7,0.08571428571428573,0.4184210526315789,0.004233593190573589,0.0140996404823633
FUR-FU-10003919,Eldon Executive Woodline II Cherry Finish Desk Accessories,Furniture,Furnishings,98.13600000000001,-78.5088,6,2,0.6,-0.7999999999999998,0.0042181195312513175,-0.02685927320399885
FUR-FU-10002030,"Executive Impressions 14"" Contract Wall Clock with Quartz Movement",Furniture,Furnishings,97.812,-1.7783999999999978,8,2,0.4,-0.01818181818181816,0.004204193237861272,-0.0006084226413598412
OFF-SU-10000952,Fiskars Home & Office Scissors,Office Supplies,Supplies,97.68,27.3504,11,3,0.0,0.27999999999999997,0.0041985195627764395,0.009357063995866072
OFF-PA-10000477,Xerox 1952,Office Supplies,Paper,97.60799999999999,44.82,20,4,0.05,0.4591836734693878,0.004195424830911984,0.015333728512004112
OFF-PA-10004782,Xerox 228,Office Supplies,Paper,97.2,46.656000000000006,15,4,0.0,0.48000000000000004,0.00417788801701341,0.015961857149845247
OFF-PA-10004255,Xerox 219,Office Supplies,Paper,97.2,46.656,15,4,0.0,0.48,0.00417788801701341,0.015961857149845243
OFF-LA-10000305,Avery 495,Office Supplies,Labels,97.02,42.588,16,4,0.05,0.438961038961039,0.004170151187352273,0.01457012114835411
OFF-AR-10003056,Newell 341,Office Supplies,Art,96.728,26.8356,23,7,0.028571428571428574,0.2774336283185841,0.004157600330346431,0.009180941652314537
OFF-BI-10002432,Wilson Jones Standard D-Ring Binders,Office Supplies,Binders,96.646,26.9192,26,8,0.325,0.27853403141361255,0.004154075774611914,0.009209542716651966
TEC-AC-10000290,Sabrent 4-Port USB 2.0 Hub,Technology,Accessories,96.418,29.197,15,4,0.05,0.3028169014084507,0.004144275790374475,0.009988819084448552
FUR-FU-10001424,Dax Clear Box Frame,Furniture,Furnishings,96.03,15.364799999999999,14,6,0.19999999999999998,0.15999999999999998,0.004127598624216027,0.005256574561384221
OFF-AR-10003405,"Dixon My First Ticonderoga Pencil, #2",Office Supplies,Art,95.94,17.0235,19,4,0.15000000000000002,0.1774390243902439,0.0041237302093854586,0.005824045678806382
OFF-PA-10000788,Xerox 210,Office Supplies,Paper,95.904,35.2512,18,6,0.16666666666666666,0.36756756756756753,0.004122182843453231,0.01206006984654974
OFF-PA-10000029,Xerox 224,Office Supplies,Paper,95.904,38.6208,17,6,0.10000000000000002,0.40270270270270275,0.004122182843453231,0.013212870640705232
OFF-PA-10003349,Xerox 1957,Office Supplies,Paper,95.904,39.7224,17,6,0.10000000000000002,0.41418918918918923,0.004122182843453231,0.01358974782340991
OFF-LA-10003148,Avery 51,Office Supplies,Labels,95.75999999999999,41.328,16,5,0.04,0.4315789473684211,0.004115993379724322,0.014139052475325884
OFF-LA-10000407,Avery White Multi-Purpose Labels,Office Supplies,Labels,95.616,41.832,20,4,0.05,0.4375,0.004109803915995414,0.014311479944537173
OFF-SU-10001165,Acme Elite Stainless Steel Scissors,Office Supplies,Supplies,95.076,21.0168,12,5,0.08,0.2210526315789474,0.004086593427012005,0.007190225466110845
OFF-FA-10002815,Staples,Office Supplies,Fasteners,95.01599999999999,40.8884,23,5,0.08,0.43033173360276167,0.004084014483791627,0.013988657404958254
OFF-AR-10004269,Newell 31,Office Supplies,Art,94.99,23.6236,24,5,0.04,0.24869565217391307,0.004082896941729463,0.008082058654087022
OFF-PA-10000659,"Adams Phone Message Book, Professional, 400 Message Capacity, 5 3/6” x 11”",Office Supplies,Paper,94.928,43.1364,14,3,0.06666666666666667,0.4544117647058824,0.004080232033735072,0.01475773865651973
OFF-AR-10000716,DIXON Ticonderoga Erasable Checking Pencils,Office Supplies,Art,94.86,26.784000000000002,20,7,0.1142857142857143,0.28235294117647064,0.004077309231418642,0.00916328836380005
OFF-PA-10002947,Xerox 1923,Office Supplies,Paper,94.856,39.2784,16,5,0.08,0.4140845070422535,0.004077137301870618,0.01343784743386663
OFF-BI-10000756,Storex DuraTech Recycled Plastic Frosted Binders,Office Supplies,Binders,94.128,11.448,39,8,0.5,0.12162162162162163,0.004045846124130023,0.003916566800656472
FUR-FU-10001731,Acrylic Self-Standing Desk Frames,Furniture,Furnishings,93.984,32.7342,37,8,0.07500000000000001,0.3482954545454546,0.004039656660401114,0.011198958854476686
OFF-LA-10001771,Avery 513,Office Supplies,Labels,93.624,34.4616,22,5,0.08,0.3680851063829787,0.0040241830010788425,0.011789933478118717
FUR-FU-10000755,Eldon Expressions Mahogany Wood Desk Collection,Furniture,Furnishings,93.6,23.4,15,2,0.0,0.25,0.004023151423790691,0.008005561070524235
FUR-FU-10002506,"Tensor ""Hersey Kiss"" Styled Floor Lamp",Furniture,Furnishings,93.52799999999999,2.0784000000000002,8,3,0.06666666666666667,0.022222222222222227,0.004020056691926236,0.0007110580396998963
OFF-PA-10001001,"Snap-A-Way Black Print Carbonless Speed Message, No Reply Area, Duplicate",Office Supplies,Paper,93.248,31.4712,4,1,0.2,0.33749999999999997,0.00400802162356447,0.010766863827465056
OFF-EN-10002600,"Redi-Strip #10 Envelopes, 4 1/8 x 9 1/2",Office Supplies,Envelopes,93.22,39.53,35,7,0.1142857142857143,0.42405063291139244,0.0040068181167282925,0.01352392432127449
OFF-AR-10003829,Newell 35,Office Supplies,Art,93.152,23.288,30,9,0.06666666666666668,0.25,0.004003895314411863,0.00796724385514395
OFF-BI-10002557,Presstex Flexible Ring Binders,Office Supplies,Binders,92.82,24.57,30,8,0.35,0.2647058823529412,0.003989625161925768,0.008405839124050449
OFF-PA-10004971,Xerox 196,Office Supplies,Paper,92.48,39.4196,18,8,0.1,0.42625,0.003975011150343623,0.013486154494685348
OFF-PA-10003845,Xerox 1987,Office Supplies,Paper,92.48,45.3152,16,4,0.0,0.48999999999999994,0.003975011150343623,0.015503145342864096
OFF-AR-10003183,Avery Fluorescent Highlighter Four-Color Set,Office Supplies,Art,92.184,17.356,32,12,0.11666666666666668,0.1882756226677081,0.003962288363789755,0.0059377999119666095
OFF-FA-10000585,OIC Bulk Pack Metal Binder Clips,Office Supplies,Fasteners,92.136,35.598,30,8,0.125,0.38636363636363635,0.003960225209213452,0.012178716367030844
OFF-BI-10004654,Avery Binding System Hidden Tab Executive Style Index Sets,Office Supplies,Binders,91.743,16.733,26,8,0.36250000000000004,0.18238993710691825,0.003943333131119971,0.005724660401413762
OFF-BI-10000138,Acco Translucent Poly Ring Binders,Office Supplies,Binders,91.728,16.2864,31,8,0.3125,0.17755102040816328,0.003942688395314877,0.0055718705050848685
OFF-AP-10004868,Hoover Commercial Soft Guard Upright Vacuum And Disposable Filtration Bags,Office Supplies,Appliances,91.68599999999999,-10.4118,18,4,0.25,-0.1135593220338983,0.003940883135060612,-0.0035620641347899246
OFF-ST-10000321,Akro Stacking Bins,Office Supplies,Storage,91.524,-6.943200000000006,13,6,0.10000000000000002,-0.07586206896551731,0.003933919988365589,-0.0023753936591822187
TEC-MA-10003493,Penpower WorldCard Pro Card Scanner,Technology,Machines,91.475,-1.8295,1,1,0.5,-0.02,0.00393181385140228,-0.0006259048708770978
OFF-BI-10000605,"Acco Pressboard Covers with Storage Hooks, 9 1/2"" x 11"", Executive Red",Office Supplies,Binders,91.44,34.8996,28,9,0.15555555555555556,0.38166666666666665,0.003930309467857059,0.011939781159695198
OFF-LA-10002195,Avery 481,Office Supplies,Labels,91.16799999999999,43.12,30,5,0.04,0.47297297297297297,0.003918618258591343,0.01475212792141047
FUR-BO-10001567,"Bush Westfield Collection Bookcases, Dark Cherry Finish, Fully Assembled",Furniture,Bookcases,90.882,-190.8522,3,1,0.7,-2.1,0.0039063252959075385,-0.06529397190358571
OFF-SU-10002503,Acme Preferred Stainless Steel Scissors,Office Supplies,Supplies,90.88,26.355200000000004,16,4,0.0,0.29000000000000004,0.0039062393311335257,0.009016588167772665
OFF-AR-10003158,Fluorescent Highlighters by Dixon,Office Supplies,Art,90.744,22.4472,26,5,0.12000000000000002,0.24736842105263157,0.003900393726500667,0.007679591045396224
OFF-LA-10000121,Avery 48,Office Supplies,Labels,90.72,39.69,15,3,0.06666666666666667,0.4375,0.0038993621492125156,0.013578663200389184
OFF-BI-10003727,Avery Durable Slant Ring Binders With Label Holder,Office Supplies,Binders,90.706,12.456400000000002,36,9,0.4888888888888888,0.1373271889400922,0.0038987603957944274,0.0042615585862768425
OFF-AR-10003045,Prang Colored Pencils,Office Supplies,Art,90.55199999999999,38.808,32,7,0.05714285714285715,0.4285714285714286,0.003892141108195455,0.013276915129269425
OFF-PA-10002751,Xerox 1920,Office Supplies,Paper,89.7,40.365,15,4,0.0,0.45,0.003855520114466079,0.013809592846654306
OFF-PA-10002709,Xerox 1956,Office Supplies,Paper,89.7,40.9032,16,2,0.1,0.45599999999999996,0.003855520114466079,0.013993720751276365
OFF-AR-10002578,Newell 335,Office Supplies,Art,89.64,-8.338000000000001,21,7,0.08571428571428572,-0.09301651048639001,0.0038529411712457003,-0.0028525798378645764
OFF-BI-10003274,"Avery Durable Slant Ring Binders, No Labels",Office Supplies,Binders,89.55,13.611600000000001,36,9,0.36666666666666664,0.15200000000000002,0.003849072756415132,0.004656773293484945
OFF-PA-10002365,Xerox 1967,Office Supplies,Paper,89.424,38.88,15,5,0.08,0.43478260869565216,0.0038436569756523375,0.013301547624871039
OFF-PA-10002195,"RSVP Cards & Envelopes, Blank White, 8-1/2"" X 11"", 24 Cards/25 Envelopes/Set",Office Supplies,Paper,89.408,38.252399999999994,19,6,0.10000000000000002,0.42784090909090905,0.0038429692574602366,0.013086834371543642
OFF-LA-10002787,Avery 480,Office Supplies,Labels,89.25,42.45,24,6,0.03333333333333333,0.47563025210084037,0.003836178040313239,0.014522908865117683
OFF-SU-10004737,Acme Design Stainless Steel Bent Scissors,Office Supplies,Supplies,88.92,24.0084,13,3,0.0,0.27,0.003821993852601157,0.008213705658357866
OFF-AR-10004685,"Binney & Smith Crayola Metallic Colored Pencils, 8-Color Set",Office Supplies,Art,88.896,26.854000000000003,20,7,0.05714285714285715,0.30208333333333337,0.003820962275313005,0.009187236623412729
OFF-LA-10002034,Avery 478,Office Supplies,Labels,88.38,43.3062,18,4,0.0,0.49,0.0037987833636177483,0.014815830291980199
OFF-AR-10000817,Manco Dry-Lighter Erasable Highlighter,Office Supplies,Art,88.16,27.968,30,7,0.028571428571428574,0.31724137931034485,0.00378932723847636,0.009568356069248796
OFF-PA-10001260,"TOPS Money Receipt Book, Consecutively Numbered in Red,",Office Supplies,Paper,88.11,39.6495,11,2,0.0,0.45000000000000007,0.0037871781191260445,0.013564807421613279
TEC-AC-10002018,AmazonBasics 3-Button USB Wired Mouse,Technology,Accessories,88.074,32.2938,14,5,0.08,0.36666666666666664,0.003785630753193817,0.011048290089713485
OFF-EN-10003448,"Peel & Seel Recycled Catalog Envelopes, Brown",Office Supplies,Envelopes,88.008,35.898,9,2,0.1,0.4078947368421053,0.0037827939156514006,0.012281351765370901
OFF-AP-10003622,"Bravo II Megaboss 12-Amp Hard Body Upright, Replacement Belts, 2 Belts per Pack",Office Supplies,Appliances,87.75,20.8325,29,5,0.12000000000000002,0.2374074074074074,0.003771704459803773,0.0071271731197306044
OFF-FA-10002763,Advantus Map Pennant Flags and Round Head Tacks,Office Supplies,Fasteners,87.69,20.54,25,6,0.06666666666666667,0.23423423423423423,0.003769125516583394,0.007027103606349051
OFF-BI-10003355,Cardinal Holdit Business Card Pockets,Office Supplies,Binders,87.648,22.908,25,8,0.2375,0.2613636363636364,0.003767320256329129,0.007837239017246547
FUR-FU-10004020,Advantus Panel Wall Acrylic Frame,Furniture,Furnishings,87.52,25.162,20,5,0.2,0.2875,0.003761818510792321,0.00860837297677482
OFF-LA-10003223,Avery 508,Office Supplies,Labels,87.398,39.8201,19,6,0.06666666666666667,0.45561797752808986,0.0037565746595775514,0.013623172751469322
OFF-BI-10000546,Avery Durable Binders,Office Supplies,Binders,87.264,13.824,50,12,0.3333333333333333,0.15841584158415842,0.003750815019718706,0.0047294391555097025
OFF-PA-10001461,HP Office Paper (20Lb. and 87 Bright),Office Supplies,Paper,86.84,38.2096,14,2,0.1,0.44,0.0037325904876280304,0.013072191721380464
OFF-AR-10003732,Newell 333,Office Supplies,Art,86.736,18.848399999999998,33,11,0.05454545454545456,0.21730769230769229,0.0037281203193793738,0.006448376806908932
OFF-AR-10004441,BIC Brite Liner Highlighters,Office Supplies,Art,86.112,30.8844,23,7,0.08571428571428573,0.35865384615384616,0.003701299309887435,0.010566108988311911
OFF-AR-10000411,Boston 16701 Slimline Battery Pencil Sharpener,Office Supplies,Art,86.076,19.128,6,2,0.1,0.22222222222222224,0.003699751943955208,0.006544032998161863
OFF-BI-10004410,"C-Line Peel & Stick Add-On Filing Pockets, 8-3/4 x 5-1/8, 10/Pack",Office Supplies,Binders,85.995,15.0969,21,4,0.39999999999999997,0.17555555555555555,0.0036962703706076975,0.005164921150666552
OFF-BI-10002949,Prestige Round Ring Binders,Office Supplies,Binders,85.72800000000001,18.0576,21,8,0.375,0.21063829787234042,0.003684794073277013,0.006177829896884549
OFF-PA-10000295,Xerox 229,Office Supplies,Paper,85.536,34.992000000000004,15,3,0.13333333333333333,0.4090909090909091,0.003676541454971801,0.011971392862383936
OFF-PA-10003001,Xerox 1986,Office Supplies,Paper,85.50399999999999,40.3472,13,4,0.05,0.47187500000000004,0.0036751660185875986,0.013803503146352796
OFF-BI-10000279,"Acco Recycled 2"" Capacity Laser Printer Hanging Data Binders",Office Supplies,Binders,85.25500000000001,8.67,10,4,0.475,0.10169491525423728,0.0036644634042230276,0.0029661630120275694
OFF-PA-10001166,Xerox 1932,Office Supplies,Paper,85.056,28.7064,3,1,0.2,0.33749999999999997,0.0036559099092087714,0.009820975996363116
OFF-LA-10003720,Avery 487,Office Supplies,Labels,84.87,35.9775,25,7,0.05714285714285715,0.4239130434782608,0.0036479151852255977,0.012308550145931014
FUR-FU-10002885,Magna Visual Magnetic Picture Hangers,Furniture,Furnishings,84.83200000000001,28.0524,19,6,0.10000000000000002,0.33068181818181813,0.0036462818545193584,0.009597230827981798
OFF-PA-10003270,Xerox 1954,Office Supplies,Paper,84.48,32.208,18,4,0.1,0.38125,0.0036311520542931367,0.01101893636578823
OFF-LA-10004689,Avery 512,Office Supplies,Labels,84.388,35.373599999999996,32,5,0.08,0.41917808219178077,0.003627197674688556,0.012101945089072483
OFF-PA-10000223,Xerox 2000,Office Supplies,Paper,84.24000000000001,37.0656,14,5,0.08,0.44,0.0036208362814116224,0.01268080873571039
OFF-AR-10000475,"Hunt BOSTON Vista Battery-Operated Pencil Sharpener, Black",Office Supplies,Art,83.952,15.857600000000001,8,4,0.15000000000000002,0.1888888888888889,0.003608457353953804,0.0054251703090574845
TEC-PH-10000004,Belkin iPhone and iPad Lightning Cable,Technology,Phones,83.944,6.295799999999999,7,2,0.2,0.07499999999999998,0.003608113494857754,0.0021539064695643793
OFF-AP-10002287,"Eureka Sanitaire  Multi-Pro Heavy-Duty Upright, Disposable Bags",Office Supplies,Appliances,83.904,12.7604,22,5,0.12000000000000002,0.15208333333333335,0.0036063941993775012,0.004365562456594764
OFF-PA-10000533,Southworth Parchment Paper & Envelopes,Office Supplies,Paper,83.712,30.738,15,6,0.13333333333333333,0.3671875,0.0035981415810722897,0.010516022913921964
OFF-LA-10004853,Avery 483,Office Supplies,Labels,83.664,32.569199999999995,19,6,0.10000000000000002,0.38928571428571423,0.003596078426495987,0.011142509385389654
FUR-FU-10003096,"Master Giant Foot Doorstop, Safety Yellow",Furniture,Furnishings,83.49,31.5744,12,3,0.06666666666666667,0.37818181818181823,0.0035885994911568886,0.010802170404494037
TEC-AC-10002857,"Verbatim 25 GB 6x Blu-ray Single Layer Recordable Disc, 1/Pack",Technology,Accessories,83.44,11.473,14,3,0.20000000000000004,0.1375,0.0035864503718065735,0.003925119750518144
OFF-AR-10000390,Newell Chalk Holder,Office Supplies,Art,83.426,36.5918,21,7,0.05714285714285715,0.4386138613861386,0.0035858486183884854,0.012518713229931998
OFF-BI-10003669,3M Organizer Strips,Office Supplies,Binders,83.16,10.151999999999997,26,7,0.3857142857142857,0.12207792207792205,0.003574415303444806,0.003473181879827437
OFF-BI-10002827,Avery Durable Poly Binders,Office Supplies,Binders,82.95,-15.5946,33,6,0.5333333333333333,-0.188,0.003565389002173481,-0.005335193276512703
FUR-FU-10000320,OIC Stacking Trays,Furniture,Furnishings,82.832,26.720000000000002,30,6,0.16666666666666666,0.32258064516129037,0.003560317080506736,0.009141392812154172
OFF-AR-10002375,Newell 351,Office Supplies,Art,82.656,22.1072,26,7,0.028571428571428574,0.26746031746031745,0.0035527521803936256,0.007563270927277495
OFF-PA-10004733,Things To Do Today Spiral Book,Office Supplies,Paper,82.368,29.8584,13,3,0.20000000000000004,0.36250000000000004,0.003540373252935808,0.010215095925988925
OFF-PA-10001952,Xerox 1902,Office Supplies,Paper,82.22399999999999,32.8896,4,2,0.1,0.4000000000000001,0.003534183789206899,0.011252123990816834
OFF-BI-10000145,Zipper Ring Binder Pockets,Office Supplies,Binders,81.744,11.731200000000001,44,13,0.37692307692307686,0.1435114503816794,0.00351355224344387,0.004013454616689484
OFF-AR-10002053,"Premium Writing Pencils, Soft, #2 by Central Association for the Blind",Office Supplies,Art,81.652,19.4296,29,7,0.08571428571428573,0.23795620437956205,0.0035095978638392893,0.006647215785293065
OFF-SU-10004115,Acme Stainless Steel Office Snips,Office Supplies,Supplies,81.424,12.4317,13,4,0.1,0.1526785714285714,0.0034997978796018512,0.00425310827181351
OFF-AR-10000634,Newell 320,Office Supplies,Art,81.32,9.4588,23,7,0.17142857142857146,0.11631578947368422,0.0034953277113531937,0.0032360256860630193
FUR-FU-10004586,G.E. Longer-Life Indoor Recessed Floodlight Bulbs,Furniture,Furnishings,81.008,25.763199999999998,16,6,0.2333333333333333,0.3180327868852459,0.0034819172066072254,0.00881405431504829
OFF-PA-10001560,"Adams Telephone Message Books, 5 1/4” x 11”",Office Supplies,Paper,80.936,32.918,15,5,0.16,0.4067164179104477,0.0034788224747427715,0.011261840141859691
TEC-AC-10000521,"Verbatim Slim CD and DVD Storage Cases, 50/Pack",Technology,Accessories,80.78,16.156,8,4,0.1,0.19999999999999998,0.0034721172223697865,0.005527258318606391
OFF-AR-10003602,"Quartet Omega Colored Chalk, 12/Pack",Office Supplies,Art,80.592,34.164,15,7,0.08571428571428573,0.4239130434782609,0.0034640365336126005,0.011688119162965385
OFF-BI-10003314,Tuff Stuff Recycled Round Ring Binders,Office Supplies,Binders,80.494,23.9554,23,9,0.2777777777777778,0.2976047904191617,0.0034598242596859813,0.008195573404651123
OFF-PA-10004609,Xerox 221,Office Supplies,Paper,80.352,33.1776,14,4,0.1,0.41290322580645156,0.0034537207607310857,0.011350653973223285
OFF-SU-10001225,Staple remover,Office Supplies,Supplies,80.224,-6.329600000000001,24,8,0.1,-0.07889908256880734,0.0034482190151942783,-0.0021654700577773594
OFF-AR-10001246,Newell 317,Office Supplies,Art,79.968,13.1712,32,7,0.1142857142857143,0.16470588235294117,0.003437215524120662,0.004506104528721745
OFF-ST-10001034,Eldon File Chest Portable File,Office Supplies,Storage,79.4,5.95500000000001,5,1,0.2,0.07500000000000012,0.0034128015283010783,0.0020373126570500813
TEC-PH-10002185,QVS USB Car Charger 2-Port 2.1Amp for iPod/iPhone/iPad/iPad 2/iPad 3,Technology,Phones,79.22999999999999,29.537499999999998,13,5,0.16,0.3728070175438597,0.0034054945225100042,0.010105310261564512
OFF-AR-10001547,Newell 311,Office Supplies,Art,79.168,21.0886,35,10,0.06000000000000001,0.26637782942603067,0.003402829614515614,0.007214789538113563
OFF-PA-10004355,Xerox 231,Office Supplies,Paper,79.05600000000001,31.8816,14,5,0.12000000000000002,0.4032786885245901,0.0033980155871709073,0.010907269052394251
OFF-PA-10001293,Xerox 1946,Office Supplies,Paper,79.05600000000001,35.2512,13,3,0.06666666666666667,0.4459016393442622,0.0033980155871709073,0.01206006984654974
OFF-PA-10002195,Xerox 1966,Office Supplies,Paper,79.056,32.788799999999995,14,6,0.10000000000000002,0.4147540983606557,0.0033980155871709064,0.011217638496974575
OFF-LA-10003190,Avery 474,Office Supplies,Labels,78.336,34.272,30,9,0.1111111111111111,0.4375,0.0033670682685263626,0.011725067906367804
OFF-EN-10002621,Staple envelope,Office Supplies,Envelopes,78.24,34.23,9,5,0.12000000000000002,0.4375,0.003362941959373757,0.011710698950600196
OFF-ST-10002957,Sterilite Show Offs Storage Containers,Office Supplies,Storage,78.144,-6.336,16,5,0.08,-0.08108108108108109,0.003358815650221152,-0.002167659612941947
OFF-BI-10001890,Avery Poly Binder Pockets,Office Supplies,Binders,78.044,14.749600000000001,34,8,0.25,0.1889908256880734,0.0033545174115205204,0.005046103571188217
OFF-EN-10004955,Fashion Color Clasp Envelopes,Office Supplies,Envelopes,77.904,36.5175,15,3,0.06666666666666667,0.46875,0.0033484998773396363,0.012493293862943112
OFF-AR-10001988,Bulldog Table or Wall-Mount Pencil Sharpener,Office Supplies,Art,77.87,22.582299999999996,13,3,0.0,0.2899999999999999,0.0033470384761814225,0.007725811186448694
OFF-PA-10001801,Xerox 193,Office Supplies,Paper,77.74000000000001,38.0926,13,3,0.0,0.48999999999999994,0.0033414507658706023,0.013032163916027842
OFF-FA-10004395,Plymouth Boxed Rubber Bands by Plymouth,Office Supplies,Fasteners,77.244,-3.297,18,5,0.08,-0.042682926829268296,0.0033201315019154715,-0.0011279630277571968
OFF-FA-10002975,Staples,Office Supplies,Fasteners,77.112,28.1232,24,4,0.1,0.3647058823529412,0.003314457826830638,0.009621452781990052
OFF-PA-10001215,Xerox 1963,Office Supplies,Paper,77.088,27.72,17,3,0.13333333333333333,0.3595890410958904,0.003313426249542487,0.009483510806621017
OFF-PA-10000466,"Memo Book, 100 Message Capacity, 5 3/8” x 11”",Office Supplies,Paper,76.836,36.396,12,3,0.06666666666666667,0.4736842105263158,0.0033025946880168968,0.01245172652661539
FUR-FU-10002191,G.E. Halogen Desk Lamp Bulbs,Furniture,Furnishings,76.78,29.5948,13,7,0.11428571428571428,0.385449335764522,0.0033001876743445433,0.010124913622647464
OFF-SU-10001574,Acme Value Line Scissors,Office Supplies,Supplies,76.64999999999999,20.44,22,10,0.06000000000000001,0.2666666666666667,0.0032945999640337227,0.006992891806902367
OFF-PA-10003936,Xerox 1994,Office Supplies,Paper,76.464,32.6592,13,4,0.1,0.4271186440677966,0.003286605240050549,0.011173300004891671
OFF-PA-10002259,"Geographics Note Cards, Blank, White, 8 1/2"" x 11""",Office Supplies,Paper,76.092,29.5416,8,3,0.13333333333333333,0.38823529411764707,0.0032706157920842013,0.010106712945341828
OFF-AR-10000255,Newell 328,Office Supplies,Art,75.92,19.7392,13,3,0.0,0.26,0.003263222821519116,0.00675313551638
OFF-PA-10000213,Xerox 198,Office Supplies,Paper,75.696,33.4656,16,3,0.06666666666666667,0.4421052631578948,0.0032535947668297024,0.011449183955629738
OFF-AR-10001662,Rogers Handheld Barrel Pencil Sharpener,Office Supplies,Art,75.62400000000001,15.618,30,7,0.05714285714285715,0.20652173913043476,0.0032505000349652485,0.005343198837583227
OFF-SU-10002557,Fiskars Spring-Action Scissors,Office Supplies,Supplies,75.492,13.4208,6,4,0.1,0.17777777777777776,0.003244826359880415,0.00459149718014067
TEC-PH-10003356,"SmartStand Mobile Device Holder, Assorted Colors",Technology,Phones,75.49199999999999,10.0656,13,3,0.13333333333333333,0.13333333333333336,0.0032448263598804147,0.0034436228851055023
OFF-BI-10004140,Avery Non-Stick Binders,Office Supplies,Binders,75.432,-13.469999999999999,36,13,0.46153846153846156,-0.17857142857142855,0.003242247416660036,-0.004608329385468438
FUR-FU-10004091,"Eldon 200 Class Desk Accessories, Black",Furniture,Furnishings,75.36,28.6368,12,2,0.0,0.38,0.003239152684795582,0.009797164583948224
OFF-AR-10001221,"Dixon Ticonderoga Erasable Colored Pencil Set, 12-Color",Office Supplies,Art,75.348,20.0928,14,2,0.1,0.26666666666666666,0.003238636896151506,0.006874108439223477
OFF-AR-10001954,Newell 331,Office Supplies,Art,75.306,14.6211,17,4,0.1,0.19415584415584416,0.003236831635897241,0.005002141408899227
OFF-PA-10000477,Xerox 22,Office Supplies,Paper,75.168,31.3632,13,3,0.06666666666666667,0.4172413793103448,0.0032309000664903706,0.010729915084062637
OFF-EN-10000781,"#10- 4 1/8"" x 9 1/2"" Recycled Envelopes",Office Supplies,Envelopes,75.164,28.842,10,2,0.1,0.3837209302325581,0.003230728136942345,0.00986736719641282
TEC-AC-10000387,KeyTronic KT800P2 - Keyboard - Black,Technology,Accessories,75.1,1.2015999999999987,6,3,0.13333333333333333,0.015999999999999983,0.003227977264173941,0.00041108898215136376
OFF-PA-10001609,Tops Wirebound Message Log Books,Office Supplies,Paper,73.696,29.281,25,6,0.06666666666666667,0.39732142857142855,0.0031676299928170806,0.010017556995983766
OFF-AR-10001149,"Sanford Colorific Colored Pencils, 12/Box",Office Supplies,Art,73.152,20.736,26,5,0.04,0.28346456692913385,0.0031442475742856474,0.007094158733264554
OFF-BI-10000285,XtraLife ClearVue Slant-D Ring Binders by Cardinal,Office Supplies,Binders,72.912,-13.328,22,5,0.5,-0.18279569892473116,0.0031339318014041335,-0.004559748630254146
OFF-PA-10003016,"Adams ""While You Were Out"" Message Pads",Office Supplies,Paper,72.848,31.4,24,5,0.04,0.43103448275862066,0.0031311809286357294,0.010742505026259017
OFF-BI-10001267,"Universal Recycled Hanging Pressboard Report Binders, Letter Size",Office Supplies,Binders,72.806,8.638000000000002,20,5,0.48,0.1186440677966102,0.003129375668381464,0.002955215236204631
OFF-PA-10004734,Southworth Structures Collection,Office Supplies,Paper,72.8,36.4,10,2,0.0,0.5,0.0031291177740594266,0.012453094998593256
FUR-FU-10000550,Stacking Trays by OIC,Furniture,Furnishings,72.708,9.312600000000002,19,6,0.2333333333333333,0.12808219178082195,0.0031251633944548458,0.0031860080352719665
OFF-PA-10002749,"Wirebound Message Books, 5-1/2 x 4 Forms, 2 or 4 Forms per Page",Office Supplies,Paper,72.25200000000001,31.3092,12,3,0.13333333333333333,0.4333333333333333,0.0031055634259799683,0.01071144071236143
OFF-BI-10002003,Ibico Presentation Index for Binding Systems,Office Supplies,Binders,72.038,15.0842,27,7,0.2714285714285714,0.20939226519337018,0.0030963651951606175,0.005160576252136824
TEC-MA-10003329,"Vtech AT&T CL2940 Corded Speakerphone, Black",Technology,Machines,71.976,24.2919,3,1,0.2,0.33749999999999997,0.0030937002871662266,0.008310696109789217
OFF-BI-10001679,GBC Instant Index System for Binding Systems,Office Supplies,Binders,71.928,-12.432,19,5,0.48,-0.17283950617283952,0.0030916371325899234,-0.004253210907211851
OFF-EN-10003068,#6 3/4 Gummed Flap White Envelopes,Office Supplies,Envelopes,71.28,24.947999999999997,9,4,0.2,0.35,0.003063784545809834,0.008535159725958915
OFF-LA-10001982,Smead Alpha-Z Color-Coded Name Labels First Letter Starter Set,Office Supplies,Labels,71.25,32.25,20,5,0.08,0.45263157894736844,0.0030624950741996444,0.01103330532155584
OFF-PA-10000528,Xerox 1981,Office Supplies,Paper,70.752,30.096,14,4,0.05,0.4253731343283582,0.0030410898454705016,0.010296383161474248
OFF-PA-10000807,"TOPS ""Important Message"" Pads, Canary, 4-1/4 x 5-1/2, 50 Sheets per Pad",Office Supplies,Paper,70.19200000000001,31.629199999999997,17,3,0.06666666666666667,0.4506097560975609,0.003017019708746968,0.010820918470590819
OFF-PA-10000232,Xerox 1975,Office Supplies,Paper,69.98400000000001,30.3264,12,5,0.08,0.4333333333333333,0.0030080793722496555,0.01037520714739941
OFF-BI-10002764,Recycled Pressboard Report Cover with Reinforced Top Hinge,Office Supplies,Binders,69.768,13.759799999999998,34,8,0.3625,0.1972222222222222,0.002998795176656292,0.004707475180264931
OFF-FA-10001561,Stockwell Push Pins,Office Supplies,Fasteners,69.76,20.0996,34,8,0.07500000000000001,0.28812499999999996,0.0029984513175602416,0.006876434841585851
OFF-PA-10001846,Xerox 1899,Office Supplies,Paper,69.36,28.090799999999998,14,5,0.12000000000000002,0.40499999999999997,0.002981258362757717,0.009610368158969323
OFF-ST-10000617,Woodgrain Magazine Files by Perma,Office Supplies,Storage,69.136,2.6223999999999967,24,6,0.06666666666666667,0.03793103448275858,0.0029716303080683034,0.0008971702286898602
OFF-BI-10003166,GBC Plasticlear Binding Covers,Office Supplies,Binders,68.88,-68.4208,23,7,0.7285714285714285,-0.9933333333333334,0.0029606268169946877,-0.023407986875817292
OFF-LA-10000248,Avery 52,Office Supplies,Labels,68.634,31.475699999999996,19,6,0.03333333333333333,0.45860215053763437,0.0029500531497911354,0.010768403358440157
OFF-AR-10000203,Newell 336,Office Supplies,Art,68.48,13.781600000000001,18,4,0.1,0.20125,0.0029434338621921637,0.004714933352544308
OFF-EN-10003798,"Recycled Interoffice Envelopes with Re-Use-A-Seal Closure, 10 x 13",Office Supplies,Envelopes,68.28,23.0445,5,2,0.2,0.33749999999999997,0.0029348373847909014,0.007883938123491273
OFF-PA-10002659,Avoid Verbal Orders Carbonless Minifold Book,Office Supplies,Paper,68.276,29.9468,21,5,0.04,0.4386138613861386,0.0029346654552428763,0.010245339156699795
OFF-BI-10000136,Avery Non-Stick Heavy Duty View Round Locking Ring Binders,Office Supplies,Binders,68.172,30.8568,12,3,0.06666666666666667,0.45263157894736844,0.0029301952869942196,0.010556666531664625
OFF-EN-10001509,Poly String Tie Envelopes,Office Supplies,Envelopes,68.136,30.293999999999997,35,11,0.07272727272727274,0.44461077844311375,0.0029286479210619927,0.010364122524378683
OFF-AR-10000614,Barrel Sharpener,Office Supplies,Art,67.83,17.6358,19,4,0.0,0.26,0.0029154953106380614,0.006033524526818433
OFF-PA-10002230,Xerox 1897,Office Supplies,Paper,67.72800000000001,27.0912,16,4,0.15000000000000002,0.39999999999999997,0.0029111111071634184,0.009268387011700263
OFF-BI-10000822,"Acco PRESSTEX Data Binder with Storage Hooks, Light Blue, 9 1/2"" X 11""",Office Supplies,Binders,67.25,19.6908,17,5,0.26,0.2928,0.0028905655261744012,0.006736577005447804
OFF-FA-10000936,Acco Hot Clips Clips to Go,Office Supplies,Fasteners,67.116,25.497500000000002,23,6,0.13333333333333333,0.37990196078431376,0.0028848058863155555,0.008723153563918451
OFF-AR-10003394,Newell 332,Office Supplies,Art,67.032,15.523200000000001,24,5,0.04,0.23157894736842108,0.0028811953658070253,0.005310766051707771
OFF-LA-10004559,Avery 49,Office Supplies,Labels,66.816,31.564799999999998,24,6,0.03333333333333333,0.4724137931034482,0.0028719111702136626,0.010798886071747154
OFF-BI-10004506,Wilson Jones data.warehouse D-Ring Binders with DublLock,Office Supplies,Binders,66.663,15.307799999999999,12,5,0.4,0.22962962962962963,0.0028653348650016968,0.00523707383569961
OFF-BI-10000773,Insertable Tab Post Binder Dividers,Office Supplies,Binders,66.566,-39.699,25,8,0.575,-0.5963855421686747,0.002861165573462085,-0.013581742262339384
FUR-FU-10001617,"Executive Impressions 8-1/2"" Career Panel/Partition Cubicle Clock",Furniture,Furnishings,66.56,18.512,7,2,0.1,0.278125,0.0028609076791400474,0.006333288313570284
OFF-LA-10000443,Avery 501,Office Supplies,Labels,66.42,23.3946,22,8,0.17500000000000002,0.3522222222222222,0.0028548901449591633,0.008003713633354115
OFF-LA-10003121,Avery 506,Office Supplies,Labels,66.08,28.166600000000003,17,3,0.06666666666666667,0.4262500000000001,0.002840276133377018,0.009636300702949914
OFF-FA-10000992,"Acco Clips to Go Binder Clips, 24 Clips in Two Sizes",Office Supplies,Fasteners,66.03,30.2815,19,5,0.04,0.4586021505376344,0.0028381270140267023,0.01035984604944785
OFF-AR-10003481,Newell 348,Office Supplies,Art,65.6,9.708799999999997,24,6,0.16666666666666666,0.14799999999999996,0.0028196445876139883,0.0033215551846797297
OFF-AR-10000127,Newell 321,Office Supplies,Art,65.6,14.366399999999999,22,4,0.1,0.219,0.0028196445876139883,0.00491500395570852
OFF-EN-10003160,Pastel Pink Envelopes,Office Supplies,Envelopes,65.52,31.4496,9,3,0.0,0.48000000000000004,0.0028162059966534837,0.010759474078784574
TEC-PH-10000347,Cush Cases Heavy Duty Rugged Cover Case for Samsung Galaxy S5 - Purple,Technology,Phones,65.34,3.9105000000000003,17,6,0.20000000000000004,0.05984848484848485,0.002808469166992348,0.001337852417362608
FUR-FU-10003829,Stackable Trays,Furniture,Furnishings,65.29599999999999,17.1248,23,7,0.08571428571428573,0.2622641509433963,0.00280657794196407,0.005858702231645873
OFF-BI-10002976,ACCOHIDE Binder by Acco,Office Supplies,Binders,65.254,19.287100000000002,21,4,0.22499999999999998,0.2955696202531646,0.002804772681709805,0.006598463971081539
OFF-PA-10003657,Xerox 1927,Office Supplies,Paper,65.056,22.683999999999997,18,5,0.12000000000000002,0.34868421052631576,0.002796262169082555,0.007760604586485973
TEC-PH-10002365,Belkin Grip Candy Sheer Case / Cover for iPhone 5 and 5S,Technology,Phones,64.972,12.9944,8,3,0.06666666666666667,0.20000000000000004,0.002792651648574025,0.004445618067300005
OFF-PA-10003036,"Black Print Carbonless 8 1/2"" x 8 1/4"" Rapid Memo Book",Office Supplies,Paper,64.06400000000001,20.8208,11,4,0.2,0.32499999999999996,0.0027536236411722956,0.007123170339195342
OFF-FA-10004248,Advantus T-Pin Paper Clips,Office Supplies,Fasteners,64.042,20.0244,16,5,0.12000000000000002,0.31267605633802814,0.0027526780286581563,0.006850707568401945
FUR-FU-10002874,Ultra Commercial Grade Dual Valve Door Closer,Furniture,Furnishings,63.824,9.57359999999999,2,1,0.2,0.14999999999999986,0.0027433078682907804,0.00327530083182781
OFF-BI-10001525,"Acco Pressboard Covers with Storage Hooks, 14 7/8"" x 11"", Executive Red",Office Supplies,Binders,63.626999999999995,-13.906500000000001,37,8,0.5625,-0.21856287425149704,0.0027348403380505373,-0.004757663890053217
TEC-PH-10000307,Shocksock Galaxy S4 Armband,Technology,Phones,63.51,-10.074000000000002,7,3,0.13333333333333333,-0.15862068965517245,0.002729811398770799,-0.0034464966762590243
OFF-BI-10001132,"Acco PRESSTEX Data Binder with Storage Hooks, Dark Blue, 9 1/2"" X 11""",Office Supplies,Binders,62.946000000000005,-0.16139999999999688,23,4,0.55,-0.0025641025641025142,0.00270556933249924,-5.521784430694815e-05
OFF-LA-10003537,Avery 515,Office Supplies,Labels,62.650000000000006,29.445500000000003,5,2,0.0,0.47,0.002692846545945372,0.010073835406073563
OFF-PA-10000673,"Post-it “Important Message” Note Pad, Neon Colors, 50 Sheets/Pad",Office Supplies,Paper,62.608000000000004,28.537599999999998,9,2,0.1,0.455813953488372,0.002691041285691107,0.009763226478897113
OFF-AR-10003651,Newell 350,Office Supplies,Art,62.32,15.744,20,6,0.06666666666666667,0.25263157894736843,0.0026786623582332894,0.00538630570488605
OFF-EN-10004007,Park Ridge Embossed Executive Business Envelopes,Office Supplies,Envelopes,62.28,29.2716,4,1,0.0,0.47,0.0026769430627530365,0.01001434108683578
OFF-BI-10001787,Wilson Jones Four-Pocket Poly Binders,Office Supplies,Binders,62.13,5.4282,17,4,0.425,0.08736842105263158,0.0026704957047020902,0.0018570848975649429
OFF-AP-10000804,Hoover Portapower Portable Vacuum,Office Supplies,Appliances,61.824,1.3439999999999994,18,4,0.30000000000000004,0.0217391304347826,0.002657343094278159,0.00045980658456344306
OFF-AR-10000246,Newell 318,Office Supplies,Art,61.716,14.4004,23,5,0.04,0.2333333333333333,0.0026527009964814777,0.004926635967520393
TEC-PH-10000912,Anker 24W Portable Micro USB Car Charger,Technology,Phones,61.544,14.0672,8,2,0.30000000000000004,0.22857142857142856,0.0026453080259163917,0.004812642251764039
OFF-PA-10000809,Xerox 206,Office Supplies,Paper,60.912,23.846400000000003,11,5,0.16,0.3914893617021277,0.0026181431573284036,0.008158282543254238
OFF-AR-10001166,Staples in misc. colors,Office Supplies,Art,60.64,23.6496,8,3,0.0,0.39,0.002606451948062687,0.008090953721943161
OFF-PA-10000682,Xerox 1924,Office Supplies,Paper,60.111999999999995,24.7384,12,4,0.15000000000000002,0.4115384615384616,0.0025837572477233547,0.008463451794318665
OFF-PA-10004519,Spiral Phone Message Books with Labels by Adams,Office Supplies,Paper,60.032000000000004,25.759999999999998,15,4,0.05,0.42910447761194026,0.0025803186567628505,0.008812959537465996
TEC-AC-10000926,NETGEAR RangeMax WNR1000 Wireless Router,Technology,Accessories,59.976,11.9952,3,1,0.2,0.2,0.0025779116430904967,0.004103773767228732
OFF-BI-10001759,"Acco Pressboard Covers with Storage Hooks, 14 7/8"" x 11"", Dark Blue",Office Supplies,Binders,59.817,13.1826,24,5,0.3,0.22038216560509555,0.002571077443556493,0.0045100046738586665
OFF-AR-10001427,Newell 330,Office Supplies,Art,59.800000000000004,11.1228,11,4,0.05,0.18599999999999997,0.002570346742977386,0.0038053100288558536
OFF-AR-10003759,"Crayola Anti Dust Chalk, 12/Pack",Office Supplies,Art,59.696,24.661,35,7,0.08571428571428573,0.413109756097561,0.00256587657472873,0.00843697186154693
FUR-FU-10002111,"Master Caster Door Stop, Large Brown",Furniture,Furnishings,59.696,14.56,10,3,0.19999999999999998,0.24390243902439027,0.00256587657472873,0.004981237999437302
FUR-FU-10001379,"Executive Impressions 16-1/2"" Circular Wall Clock",Furniture,Furnishings,58.784,-1.0687999999999995,4,2,0.3,-0.018181818181818174,0.002526676637778974,-0.00036565571248616663
OFF-FA-10002988,Ideal Clamps,Office Supplies,Fasteners,58.692,24.8637,33,8,0.1,0.4236301369863014,0.0025227222581743936,0.00850631917902536
OFF-EN-10004030,Convenience Packs of Business Envelopes,Office Supplies,Envelopes,58.644,24.109199999999998,18,6,0.10000000000000002,0.4111111111111111,0.0025206591035980904,0.008248191152200124
OFF-LA-10003077,Avery 500,Office Supplies,Labels,58.48,27.4856,8,2,0.0,0.47000000000000003,0.0025136099921290555,0.00940331834871799
OFF-FA-10004968,Rubber Band Ball,Office Supplies,Fasteners,58.344,-0.2991999999999971,16,4,0.05,-0.005128205128205078,0.0025077643874961975,-0.00010236170394447983
OFF-PA-10002105,Xerox 223,Office Supplies,Paper,58.32,27.9936,9,3,0.0,0.48,0.002506732810208046,0.009577114289907148
OFF-PA-10001947,Xerox 1974,Office Supplies,Paper,57.408,26.91,10,4,0.05,0.46875,0.0024675328732582905,0.009206395231102872
OFF-BI-10002393,Binder Posts,Office Supplies,Binders,57.4,7.8064,16,6,0.45,0.136,0.0024671890141622402,0.002670709912006
OFF-PA-10000130,Xerox 199,Office Supplies,Paper,57.352,19.688,16,4,0.15000000000000002,0.34328358208955223,0.0024651258595859366,0.006735619075063297
OFF-LA-10000134,Avery 511,Office Supplies,Labels,56.672,24.64,20,6,0.10000000000000002,0.4347826086956522,0.0024358978364216457,0.008429787383663128
OFF-LA-10000262,Avery 494,Office Supplies,Labels,56.376,23.959799999999998,23,6,0.10000000000000002,0.425,0.0024231750498677775,0.008197078723826776
OFF-PA-10003971,Xerox 1965,Office Supplies,Paper,56.212,25.714,10,4,0.05,0.45744680851063824,0.0024161259383987427,0.008797222109720521
TEC-PH-10004924,"SKILCRAFT Telephone Shoulder Rest, 2"" x 6.5"" x 2.5"", Black",Technology,Phones,56.163999999999994,13.006400000000001,8,3,0.06666666666666667,0.2315789473684211,0.0024140627838224395,0.0044497234832336086
OFF-AR-10002766,Prang Drawing Pencil Set,Office Supplies,Art,56.156,11.5092,22,4,0.05,0.20495049504950497,0.0024137189247263892,0.003937504421917844
FUR-FU-10002685,"Executive Impressions 13-1/2"" Indoor/Outdoor Wall Clock",Furniture,Furnishings,56.099999999999994,21.317999999999998,3,2,0.0,0.38,0.0024113119110540358,0.007293271406044259
OFF-LA-10004345,Avery 493,Office Supplies,Labels,55.974000000000004,23.4207,13,4,0.1,0.4184210526315789,0.002405896130291241,0.0080126429130097
OFF-PA-10004965,Xerox 1921,Office Supplies,Paper,55.944,17.4825,7,3,0.20000000000000004,0.3125,0.0024046066586810516,0.005981077838266666
OFF-BI-10004094,GBC Standard Plastic Binding Systems Combs,Office Supplies,Binders,55.755,-2.9205000000000014,13,5,0.5,-0.0523809523809524,0.002396482987536859,-0.000999155602840429
OFF-FA-10000304,Advantus Push Pins,Office Supplies,Fasteners,54.936,20.2086,27,7,0.05714285714285715,0.3678571428571429,0.0023612804125786903,0.006913725702982738
OFF-PA-10000551,Array Memo Cubes,Office Supplies,Paper,54.908,25.8482,11,3,0.06666666666666667,0.470754716981132,0.0023600769057425136,0.008843134344577971
OFF-EN-10001415,Staple envelope,Office Supplies,Envelopes,54.684,23.994,11,5,0.12000000000000002,0.4387755102040817,0.0023504488510530997,0.008208779159237543
OFF-PA-10001307,"Important Message Pads, 50 4-1/4 x 5-1/2 Forms per Pad",Office Supplies,Paper,54.599999999999994,22.47,15,4,0.1,0.4115384615384616,0.0023468383305445695,0.007687391335670067
TEC-AC-10002558,Imation Swivel Flash Drive USB flash drive - 8 GB,Technology,Accessories,54.57599999999999,17.6235,5,2,0.1,0.3229166666666667,0.002345806753256418,0.00602931647548649
OFF-BI-10000216,"Mead 1st Gear 2"" Zipper Binder, Asst. Colors",Office Supplies,Binders,54.474000000000004,-3.891,9,3,0.5333333333333333,-0.07142857142857142,0.002341422549781775,-0.0013311811164705043
OFF-PA-10000556,Xerox 208,Office Supplies,Paper,54.432,24.105600000000003,9,2,0.1,0.4428571428571429,0.0023396172895275096,0.008246959527420045
OFF-AR-10002280,Staples in misc. colors,Office Supplies,Art,54.348,22.3215,9,2,0.1,0.41071428571428575,0.0023360067690189794,0.007636586813491741
OFF-FA-10000735,Staples,Office Supplies,Fasteners,54.312,23.798000000000002,19,5,0.04,0.43817204301075274,0.002334459403086752,0.008141724032322042
OFF-EN-10002973,Ampad #10 Peel & Seel Holiday Envelopes,Office Supplies,Envelopes,53.760000000000005,25.8048,12,3,0.0,0.48,0.002310733125459269,0.008828286423618112
OFF-LA-10004425,Staple-on labels,Office Supplies,Labels,53.754000000000005,21.5883,21,5,0.08,0.4016129032258064,0.002310475231137231,0.007385745899948649
OFF-LA-10004409,Avery 492,Office Supplies,Labels,53.568000000000005,22.464,20,5,0.08,0.4193548387096774,0.0023024805071540574,0.007685338627703266
OFF-ST-10003221,Staple magnet,Office Supplies,Storage,53.4,14.418,5,3,0.0,0.27,0.0022952594661369966,0.00493265724422301
OFF-BI-10004099,GBC VeloBinder Strips,Office Supplies,Binders,52.992,-23.808,20,4,0.55,-0.4492753623188406,0.002277722652238422,-0.008145145212266709
OFF-PA-10003063,EcoTones Memo Sheets,Office Supplies,Paper,52.8,21.6,15,3,0.06666666666666667,0.4090909090909091,0.0022694700339332104,0.00738974868048391
FUR-TA-10003837,Anderson Hickey Conga Table Tops & Accessories,Furniture,Tables,51.782,-17.514499999999998,5,2,0.30000000000000004,-0.338235294117647,0.0022257139639607856,-0.005992025614089604
OFF-AR-10004817,Colorific Watercolor Pencils,Office Supplies,Art,51.6,11.3004,11,3,0.06666666666666667,0.219,0.0022178911695256375,0.0038660701846731657
OFF-BI-10002012,Wilson Jones Easy Flow II Sheet Lifters,Office Supplies,Binders,51.480000000000004,5.616,49,12,0.3833333333333333,0.10909090909090907,0.0022127332830848803,0.0019213346569258165
OFF-BI-10004465,Avery Durable Slant Ring Binders,Office Supplies,Binders,51.480000000000004,-23.76,19,5,0.6199999999999999,-0.4615384615384615,0.0022127332830848803,-0.008128723548532302
OFF-PA-10000350,"Message Book, Standard Line ""While You Were Out"", 5 1/2"" X 4"", 200 Sets/Book",Office Supplies,Paper,51.36,24.139200000000002,6,2,0.0,0.47000000000000003,0.0022075753966441227,0.008258454692034132
OFF-BI-10002954,Newell 3-Hole Punched Plastic Slotted Magazine Holders for Binders,Office Supplies,Binders,51.184000000000005,3.6559999999999997,20,6,0.43333333333333335,0.07142857142857141,0.002200010496531012,0.001250783387770795
OFF-PA-10000007,"Telephone Message Books with Fax/Mobile Section, 4 1/4"" x 6""",Office Supplies,Paper,51.120000000000005,21.96,15,3,0.06666666666666667,0.4295774647887324,0.0021972596237626084,0.007512911158491976
OFF-LA-10000452,Avery 488,Office Supplies,Labels,51.03,23.184,17,6,0.06666666666666667,0.454320987654321,0.0021933912089320403,0.007931663583719398
OFF-EN-10003845,Colored Envelopes,Office Supplies,Envelopes,50.922,19.0404,16,5,0.12000000000000002,0.37391304347826093,0.0021887491111353585,0.0065140634618465676
OFF-AR-10002257,"Eldon Spacemaker Box, Quick-Snap Lid, Clear",Office Supplies,Art,50.768,9.285199999999998,18,6,0.16666666666666666,0.18289473684210522,0.0021821298235363868,0.0031766340022235736
OFF-AP-10001626,"Commercial WindTunnel Clean Air Upright Vacuum, Replacement Belts, Filtration Bags",Office Supplies,Appliances,50.57,1.6338000000000008,17,7,0.2285714285714286,0.03230769230769232,0.0021736193109091373,0.0005589523793599361
OFF-FA-10001843,Staples,Office Supplies,Fasteners,50.388,21.5878,22,4,0.05,0.42843137254901964,0.0021657965164739884,0.007385574840951415
OFF-LA-10000081,Avery 496,Office Supplies,Labels,50.25,22.95,14,4,0.1,0.45671641791044776,0.002159864947067118,0.007851607973014155
OFF-EN-10004147,Wausau Papers Astrobrights Colored Envelopes,Office Supplies,Envelopes,50.232,22.7838,9,3,0.06666666666666667,0.45357142857142857,0.0021590912641010042,0.007794747962333764
OFF-PA-10004000,"While You Were Out Pads, 50 per Pad, 4 x 5 1/4, Green Cycle",Office Supplies,Paper,50.138000000000005,18.7781,13,4,0.15000000000000002,0.37452830188679237,0.002155050919722411,0.006424325911897912
OFF-PA-10001583,"1/4 Fold Party Design Invitations & White Envelopes, 24 8-1/2"" X 11"" Cards, 25 Env./Pack",Office Supplies,Paper,49.980000000000004,22.7115,7,2,0.1,0.45441176470588235,0.002148259702575414,0.007770012831333812
OFF-PA-10004022,Hammermill Color Copier Paper (28Lb. and 96 Bright),Office Supplies,Paper,49.95,22.4775,5,4,0.0,0.44999999999999996,0.0021469702309652246,0.007689957220628569
OFF-PA-10001763,Xerox 1896,Office Supplies,Paper,49.95,22.4775,5,2,0.0,0.44999999999999996,0.0021469702309652246,0.007689957220628569
OFF-PA-10000605,Xerox 1950,Office Supplies,Paper,49.708,23.177799999999998,9,3,0.06666666666666667,0.4662790697674418,0.0021365684933096975,0.007929542452153701
OFF-PA-10000697,"TOPS Voice Message Log Book, Flash Format",Office Supplies,Paper,49.504,20.372799999999998,12,3,0.13333333333333333,0.4115384615384615,0.0021278000863604097,0.006969901477674193
OFF-PA-10003953,Xerox 218,Office Supplies,Paper,49.248000000000005,22.2912,8,5,0.08,0.4526315789473684,0.0021167965952867945,0.007626220638259395
OFF-AR-10004752,Blackstonian Pencils,Office Supplies,Art,49.128,12.602400000000001,19,4,0.05,0.2565217391304348,0.0021116387088460373,0.004311507813469002
OFF-AR-10001573,American Pencil,Office Supplies,Art,48.93,14.189699999999998,21,6,0.0,0.29,0.0021031281962187874,0.004854551706086228
FUR-FU-10001847,Eldon Image Series Black Desk Accessories,Furniture,Furnishings,48.852,17.0568,12,5,0.04,0.34915254237288135,0.002099775570032295,0.005835438208022127
OFF-PA-10004947,Easy-staple paper,Office Supplies,Paper,48.792,20.544,12,3,0.06666666666666667,0.42105263157894735,0.0020971966268119166,0.007028472078326919
OFF-LA-10002271,Smead Alpha-Z Color-Coded Second Alphabetical Labels and Starter Set,Office Supplies,Labels,48.048,22.4224,16,5,0.04,0.4666666666666666,0.0020652177308792216,0.007671106519133446
OFF-FA-10000053,Revere Boxed Rubber Bands by Revere,Office Supplies,Fasteners,48.006,-5.7078,29,6,0.10000000000000002,-0.11889763779527558,0.0020634124706249563,-0.001952741088817873
OFF-AR-10004956,Newell 33,Office Supplies,Art,47.988,8.37,10,3,0.13333333333333333,0.17441860465116277,0.002062638787658843,0.0028635276136875147
OFF-AR-10004790,Staples in misc. colors,Office Supplies,Art,47.88,2.9925,5,2,0.2,0.0625,0.0020579966898621616,0.001023788098442042
OFF-LA-10001175,Avery 514,Office Supplies,Labels,47.808,22.8384,17,4,0.05,0.47771084337349395,0.002054901957997707,0.007813427604831653
FUR-FU-10002963,"Master Caster Door Stop, Gray",Furniture,Furnishings,47.752,14.224,10,4,0.15,0.2978723404255319,0.0020524949443253534,0.004866286353296442
OFF-AP-10004655,"Holmes Visible Mist Ultrasonic Humidifier with 2.3-Gallon Output per Day, Replacement Filter",Office Supplies,Appliances,47.544000000000004,10.188,5,2,0.4,0.21428571428571427,0.002043554607828041,0.003485498127628245
OFF-AR-10003190,Newell 32,Office Supplies,Art,47.232,11.9808,17,6,0.03333333333333333,0.25365853658536586,0.0020301441030820717,0.004098847268108409
OFF-AR-10004511,"Sanford Colorific Scented Colored Pencils, 12/Pack",Office Supplies,Art,47.080000000000005,14.5948,11,2,0.0,0.30999999999999994,0.0020236107802571127,0.004993143705644749
OFF-PA-10004239,Xerox 1953,Office Supplies,Paper,47.08,18.832,12,4,0.1,0.4,0.0020236107802571123,0.006442766071799676
OFF-AR-10003217,Newell 316,Office Supplies,Art,46.944,8.2152,11,2,0.1,0.175,0.002017765175624254,0.002810567748144047
OFF-PA-10003729,Xerox 1998,Office Supplies,Paper,46.656,16.3296,9,2,0.2,0.35,0.0020053862481664367,0.0055866500024458355
OFF-LA-10001317,Avery 520,Office Supplies,Labels,46.62,22.05,15,5,0.04,0.472972972972973,0.0020038388822342093,0.007543701777993992
FUR-FU-10004415,"Stacking Tray, Side-Loading, Legal, Smoke",Furniture,Furnishings,46.592000000000006,-2.8672000000000017,16,4,0.25,-0.06153846153846157,0.002002635375398033,-0.0009809207137353464
OFF-PA-10001204,Xerox 1972,Office Supplies,Paper,46.464,17.424,10,5,0.12000000000000002,0.375,0.001997133629861225,0.005961063935590354
OFF-FA-10002983,Advantus SlideClip Paper Clips,Office Supplies,Fasteners,46.376000000000005,19.778,15,3,0.06666666666666667,0.42647058823529405,0.00199335117980467,0.006766409694565313
OFF-ST-10001414,Decoflex Hanging Personal Folder File,Office Supplies,Storage,46.26,12.0276,3,1,0.0,0.26,0.001988365222911938,0.004114858390249457
OFF-AR-10001940,"Sanford Colorific Eraseable Coloring Pencils, 12 Count",Office Supplies,Art,45.919999999999995,17.876,15,4,0.05,0.38928571428571435,0.001973751211329792,0.00611570126908937
OFF-AR-10003856,Newell 344,Office Supplies,Art,45.592,8.5624,18,6,0.06666666666666667,0.1878048780487805,0.0019596529883917223,0.0029293511158229365
OFF-BI-10002897,"Black Avery Memo-Size 3-Ring Binder, 5 1/2"" x 8 1/2""",Office Supplies,Binders,45.507999999999996,15.5608,16,4,0.275,0.3419354838709678,0.0019560424678831917,0.0053236296882997235
OFF-LA-10004178,Avery 491,Office Supplies,Labels,45.43,18.6676,12,3,0.13333333333333333,0.4109090909090909,0.0019526898416966996,0.006386521873509326
FUR-FU-10000206,"GE General Purpose, Extra Long Life, Showcase & Floodlight Incandescent Bulbs",Furniture,Furnishings,45.396,14.549999999999999,20,7,0.22857142857142856,0.3205128205128205,0.0019512284405384852,0.004977816819492633
OFF-PA-10001246,Xerox 215,Office Supplies,Paper,45.36,21.7728,7,2,0.0,0.48,0.0019496810746062578,0.007448866669927781
OFF-AR-10000657,"Binney & Smith inkTank Desk Highlighter, Chisel Tip, Yellow, 12/Box",Office Supplies,Art,45.15,13.459,22,5,0.08,0.2980952380952381,0.0019406547733349325,0.004604566087529303
OFF-SU-10004290,"Acme Design Line 8"" Stainless Steel Bent Scissors w/Champagne Handles, 3-1/8"" Cut",Office Supplies,Supplies,45.144,10.1916,7,3,0.06666666666666667,0.22575757575757574,0.0019403968790128946,0.003486729752408325
FUR-FU-10002508,Document Clip Frames,Furniture,Furnishings,45.036,16.0128,6,2,0.1,0.3555555555555555,0.0019357547812162133,0.005478267021798738
OFF-AR-10002335,DIXON Oriole Pencils,Office Supplies,Art,44.891999999999996,8.6172,19,6,0.10000000000000002,0.19195402298850578,0.0019295653174873043,0.00294809918191972
OFF-LA-10001045,Permanent Self-Adhesive File Folder Labels for Typewriters by Universal,Office Supplies,Labels,44.37,19.000799999999998,18,6,0.03333333333333333,0.42823529411764705,0.00190712851147001,0.00650051558926568
OFF-SU-10002522,Acme Kleen Earth Office Shears,Office Supplies,Supplies,44.232,11.174399999999999,12,5,0.08,0.2526315789473684,0.0019011969420631393,0.0038229633173703426
TEC-AC-10000199,Kingston Digital DataTraveler 8GB USB 2.0,Technology,Accessories,44.03,-2.0229999999999997,9,3,0.13333333333333333,-0.045945945945945935,0.0018925144998878647,-0.0006921047028064329
OFF-AR-10003251,Prang Drawing Pencil Set,Office Supplies,Art,43.924,15.568000000000001,17,7,0.08571428571428573,0.3544303797468355,0.0018879583668651957,0.005326092937859885
OFF-BI-10003196,Accohide Poly Flexible Ring Binders,Office Supplies,Binders,43.758,-19.822,34,8,0.5375,-0.45299145299145294,0.001880823290622148,-0.006781462886321855
OFF-AR-10003772,Boston 16750 Black Compact Battery Pencil Sharpener,Office Supplies,Art,43.75,13.125,5,2,0.0,0.3,0.0018804794315260974,0.004490298677377376
OFF-AP-10000595,Disposable Triple-Filter Dust Bags,Office Supplies,Appliances,43.7,11.362,10,4,0.0,0.26,0.001878330312175782,0.0038871446531323238
OFF-SU-10002189,Acme Rosewood Handle Letter Opener,Office Supplies,Supplies,43.67,-3.493600000000001,12,3,0.06666666666666667,-0.08000000000000003,0.0018770408405655928,-0.0011952234254693796
OFF-AR-10003469,Nontoxic Chalk,Office Supplies,Art,42.944,18.233600000000003,27,8,0.07500000000000001,0.4245901639344263,0.0018458356275990113,0.006238042663910715
OFF-AR-10001177,Newell 349,Office Supplies,Art,42.64,10.0368,14,3,0.06666666666666667,0.23538461538461536,0.0018327689819490926,0.003433769886864857
TEC-AC-10001445,Imation USB 2.0 Swivel Flash Drive USB flash drive - 4 GB - Pink,Technology,Accessories,42.42,8.9082,14,3,0.0,0.21000000000000002,0.0018233128568077043,0.003047655518309573
OFF-BI-10004187,3-ring staple pack,Office Supplies,Binders,42.111999999999995,16.694399999999998,26,6,0.10000000000000002,0.3964285714285714,0.0018100742816097603,0.005711454646827341
OFF-BI-10002160,Acco Hanging Data Binders,Office Supplies,Binders,41.91,8.2296,17,7,0.32857142857142857,0.19636363636363638,0.0018013918394344855,0.0028154942472643696
TEC-MA-10000752,Texas Instrument TI-15 Fraction Calculator,Technology,Machines,41.905,-20.519,8,2,0.44999999999999996,-0.489655172413793,0.0018011769274994542,-0.0070199191284652475
OFF-SU-10000432,Acco Side-Punched Conventional Columnar Pads,Office Supplies,Supplies,41.64,-7.8075,15,4,0.2,-0.1875,0.0017897865949427817,-0.0026710862417999135
OFF-BI-10001982,Wilson Jones Custom Binder Spines & Labels,Office Supplies,Binders,41.344,-19.692800000000002,22,7,0.6285714285714284,-0.47631578947368425,0.001777063808388914,-0.006737261241436739
OFF-EN-10001137,"#10 Gummed Flap White Envelopes, 100/Box",Office Supplies,Envelopes,41.3,16.7678,11,4,0.1,0.4060000000000001,0.001775172583360636,0.005736566107621209
OFF-PA-10004470,"Adams Write n' Stick Phone Message Book, 11"" X 5 1/4"", 200 Messages",Office Supplies,Paper,40.896,16.3584,8,3,0.06666666666666667,0.39999999999999997,0.0017578076990100865,0.005596503000686481
OFF-BI-10004528,Cardinal Poly Pocket Divider Pockets for Ring Binders,Office Supplies,Binders,40.32,12.6,15,4,0.2,0.3125,0.0017330498440944516,0.00431068673028228
OFF-PA-10001826,Xerox 207,Office Supplies,Paper,40.176,16.5888,7,2,0.1,0.41290322580645156,0.0017268603803655429,0.005675326986611643
OFF-AR-10003811,Newell 327,Office Supplies,Art,39.78,10.7406,18,4,0.0,0.27,0.0017098393551110438,0.003674552531370625
FUR-FU-10003026,"Eldon Regeneration Recycled Desk Accessories, Black",Furniture,Furnishings,39.688,13.116399999999999,9,3,0.06666666666666667,0.33048780487804874,0.0017058849755064631,0.0044873564626249605
OFF-BI-10000848,Angle-D Ring Binders,Office Supplies,Binders,39.384,-1.9691999999999996,14,6,0.5333333333333333,-0.04999999999999999,0.0016928183298565444,-0.0006736987547041163
OFF-AR-10001868,Prang Dustless Chalk Sticks,Office Supplies,Art,38.976,18.816,24,8,0.07500000000000001,0.48275862068965514,0.0016752815159579697,0.006437292183888206
OFF-BI-10003350,Acco Expandable Hanging Binders,Office Supplies,Binders,38.918,1.0208000000000004,11,4,0.35,0.026229508196721322,0.0016727885375116037,0.00034923404875175824
OFF-AR-10001315,Newell 310,Office Supplies,Art,38.72,7.48,25,7,0.1142857142857143,0.1931818181818182,0.0016642780248843543,0.0025590425986120207
OFF-BI-10004022,Acco Suede Grain Vinyl Round Ring Binder,Office Supplies,Binders,38.641999999999996,-4.8928,29,8,0.5375,-0.12661870503597125,0.0016609253986978618,-0.0016739149233273925
OFF-BI-10002194,Cardinal Hold-It CD Pocket,Office Supplies,Binders,38.304,-12.4488,12,4,0.5,-0.325,0.001646397351889729,-0.0042589584895188935
OFF-AP-10000124,Acco 6 Outlet Guardian Basic Surge Suppressor,Office Supplies,Appliances,38.272,-3.6608,7,2,0.4,-0.09565217391304348,0.0016450219155055268,-0.001252425554144236
OFF-PA-10001622,"Ampad Poly Cover Wirebound Steno Book, 6"" x 9"" Assorted Colors, Gregg Ruled",Office Supplies,Paper,38.136,15.663,9,4,0.05,0.4107142857142857,0.0016391763108726688,0.0053585941473342355
OFF-BI-10004656,Peel & Stick Add-On Corner Pockets,Office Supplies,Binders,38.016,4.32,30,7,0.39999999999999997,0.11363636363636365,0.0016340184244319114,0.0014779497360967822
OFF-PA-10000955,Southworth 25% Cotton Granite Paper & Envelopes,Office Supplies,Paper,37.932,13.2108,7,3,0.13333333333333333,0.3482758620689655,0.0016304079039233814,0.004519652401302632
OFF-AR-10000799,Col-Erase Pencils with Erasers,Office Supplies,Art,37.696,7.478400000000001,7,2,0.1,0.19838709677419358,0.001620264060589892,0.002558495209820874
OFF-AR-10002467,Dixon Ticonderoga Pencils,Office Supplies,Art,37.548,9.267800000000001,13,3,0.06666666666666667,0.24682539682539684,0.0016139026673129579,0.0031706811491198517
OFF-AR-10004930,Turquoise Lead Holder with Pocket Clip,Office Supplies,Art,37.52,10.586,6,3,0.06666666666666667,0.28214285714285714,0.0016126991604767814,0.00362166108942605
FUR-FU-10002107,Eldon Pizzaz Desk Accessories,Furniture,Furnishings,37.464,13.736799999999999,19,4,0.1,0.36666666666666664,0.001610292146804428,0.004699606466392193
OFF-BI-10003655,Durable Pressboard Binders,Office Supplies,Binders,37.239999999999995,15.085999999999999,11,2,0.1,0.40510204081632656,0.0016006640921150139,0.005161192064526863
OFF-AR-10002804,Faber Castell Col-Erase Pencils,Office Supplies,Art,37.164,14.0832,8,5,0.08,0.3789473684210526,0.0015973974307025346,0.00481811613967551
OFF-PA-10004248,Xerox 1990,Office Supplies,Paper,36.96,13.728,8,2,0.1,0.3714285714285714,0.0015886290237532475,0.0046965958280408854
OFF-BI-10003529,Avery Round Ring Poly Binders,Office Supplies,Binders,36.92,12.2972,17,6,0.3,0.33307692307692305,0.0015869097282729947,0.00420709340155772
OFF-ST-10001627,Eldon Jumbo ProFile Portable File Boxes Graphite/Black,Office Supplies,Storage,36.744,3.6744,3,1,0.2,0.09999999999999999,0.0015793448281598839,0.001257078358868985
OFF-EN-10004846,Letter or Legal Size Expandable Poly String Tie Envelopes,Office Supplies,Envelopes,36.708,15.0024,16,4,0.1,0.40869565217391307,0.001577797462227657,0.005132591000189436
OFF-AR-10001545,Newell 326,Office Supplies,Art,36.608,7.8671999999999995,23,6,0.06666666666666667,0.21490384615384617,0.0015734992235270258,0.0026915106860695838
FUR-FU-10002505,Eldon 100 Class Desk Accessories,Furniture,Furnishings,36.396,-4.8528,18,4,0.3,-0.13333333333333333,0.001564386957481688,-0.0016602302035487184
OFF-PA-10001837,Xerox 1976,Office Supplies,Paper,36.288,12.700800000000001,7,2,0.2,0.35000000000000003,0.0015597448596850062,0.00434517222412454
FUR-FU-10003489,Contemporary Borderless Frame,Furniture,Furnishings,36.162,3.6162,6,2,0.3,0.1,0.0015543290789222111,0.0012371670915910147
OFF-FA-10000611,Binder Clips by OIC,Office Supplies,Fasteners,36.112,15.3328,27,7,0.1142857142857143,0.4245901639344262,0.0015521799595718958,0.0052456267855612825
OFF-PA-10003205,"Wirebound Message Forms, Four 2 3/4 x 5 Forms per Page, Pink Paper",Office Supplies,Paper,35.948,14.2975,5,2,0.1,0.3977272727272727,0.0015451308481028605,0.004891432025889755
FUR-FU-10003274,Regeneration Desk Collection,Furniture,Furnishings,35.903999999999996,15.206399999999999,21,5,0.04,0.4235294117647059,0.0015432396230745829,0.005202383071060672
OFF-BI-10004352,Wilson Jones DublLock D-Ring Binders,Office Supplies,Binders,35.775,15.525,6,2,0.35,0.4339622641509434,0.0015376948951507689,0.00531138186409781
OFF-ST-10004835,Plastic Stacking Crates & Casters,Office Supplies,Storage,35.712,2.6784,8,4,0.2,0.07499999999999998,0.0015349870047693716,0.0009163288363800047
OFF-SU-10004768,Acme Kleencut Forged Steel Scissors,Office Supplies,Supplies,35.587999999999994,7.462,7,3,0.13333333333333333,0.20967741935483875,0.0015296571887805884,0.0025528844747116173
OFF-LA-10003663,Avery 498,Office Supplies,Labels,35.257999999999996,15.3459,13,3,0.06666666666666667,0.43524590163934435,0.001515473001068506,0.005250108531288798
OFF-PA-10002960,Xerox 1926,Office Supplies,Paper,34.86,16.3842,7,1,0.0,0.47000000000000003,0.0014983660110399945,0.005605329644943726
OFF-FA-10003021,Staples,Office Supplies,Fasteners,34.592,7.708,22,6,0.13333333333333333,0.22282608695652176,0.0014868467313223033,0.002637045501350462
OFF-AR-10001770,Economy #2 Pencils,Office Supplies,Art,34.58,8.9908,13,4,0.0,0.26,0.0014863309426782273,0.0030759144646525342
OFF-FA-10003059,Assorted Color Push Pins,Office Supplies,Fasteners,34.39,8.923300000000001,21,8,0.1,0.25947368421052636,0.0014781642891470285,0.0030528215000260226
OFF-PA-10002741,Xerox 1980,Office Supplies,Paper,34.24,15.408,8,2,0.0,0.44999999999999996,0.0014717169310960818,0.005271354058745189
FUR-FU-10001852,"Eldon Regeneration Recycled Desk Accessories, Smoke",Furniture,Furnishings,33.756,8.9088,21,5,0.08,0.2639175257731959,0.0014509134557850274,0.0030478607891062525
OFF-FA-10004838,"Super Bands, 12/Pack",Office Supplies,Fasteners,33.480000000000004,-2.6039999999999988,20,4,0.1,-0.07777777777777774,0.001439050316971286,-0.000890875257591671
OFF-BI-10000042,"Pressboard Data Binder, Crimson, 12"" X 8 1/2""",Office Supplies,Binders,33.108000000000004,7.1556,9,3,0.36666666666666664,0.21612903225806449,0.0014230608690049382,0.0024480595212069754
OFF-PA-10001752,Hammermill CopyPlus Copy Paper (20Lb. and 84 Bright),Office Supplies,Paper,32.868,15.0894,7,3,0.06666666666666667,0.45909090909090905,0.0014127450961234234,0.0051623552657080515
OFF-BI-10004716,Wilson Jones Hanging Recycled Pressboard Data Binders,Office Supplies,Binders,32.647999999999996,1.7807999999999993,4,2,0.44999999999999996,0.05454545454545453,0.001403288970982035,0.0006092437245465622
OFF-PA-10002552,Xerox 1958,Office Supplies,Paper,32.400000000000006,15.552,5,2,0.0,0.4799999999999999,0.0013926293390044702,0.005320619049948416
OFF-LA-10000634,Avery 509,Office Supplies,Labels,32.364000000000004,14.041799999999999,13,4,0.05,0.4338709677419354,0.001391081973072243,0.0048039524547045815
OFF-BI-10002609,Avery Hidden Tab Dividers for Binding Systems,Office Supplies,Binders,31.588,-7.032800000000001,24,7,0.6142857142857142,-0.22264150943396227,0.0013577276407553455,-0.002406047431486447
OFF-AR-10002255,Newell 346,Office Supplies,Art,31.104,8.6112,11,5,0.04,0.27685185185185185,0.001336924165444291,0.002946046473952919
OFF-AR-10001919,"OIC #2 Pencils, Medium Soft",Office Supplies,Art,30.832,8.1404,17,7,0.05714285714285715,0.2640243902439024,0.0013252329561785747,0.0027849773221579267
OFF-AR-10001026,"Sanford Uni-Blazer View Highlighters, Chisel Tip, Yellow",Office Supplies,Art,30.8,13.552,14,3,0.0,0.44,0.0013238575197943726,0.00463638306101472
OFF-AR-10002833,Newell 322,Office Supplies,Art,30.576,6.6612,18,6,0.06666666666666667,0.21785714285714286,0.0013142294651049592,0.002278916384742566
OFF-BI-10004967,Round Ring Binders,Office Supplies,Binders,29.952,-0.9152000000000005,28,6,0.4666666666666666,-0.03055555555555557,0.0012874084556130211,-0.0003131063885360592
FUR-FU-10003981,Eldon Wave Desk Accessories,Furniture,Furnishings,29.952,10.6496,16,5,0.08,0.3555555555555555,0.0012874084556130211,0.003643419793874141
OFF-BI-10004182,Economy Binders,Office Supplies,Binders,29.951999999999998,9.796800000000001,19,4,0.30000000000000004,0.3270833333333334,0.0012874084556130211,0.0033516615681928137
TEC-MA-10004086,Plantronics Single Ear Headset,Technology,Machines,29.925,-21.945,5,1,0.7,-0.7333333333333333,0.0012862479311638508,-0.0075077793885749726
OFF-PA-10001243,Xerox 1983,Office Supplies,Paper,29.900000000000002,14.651,5,2,0.0,0.48999999999999994,0.001285173371488693,0.005012370736933785
OFF-PA-10004948,Xerox 190,Office Supplies,Paper,29.88,14.0436,6,2,0.0,0.47000000000000003,0.0012843137237485668,0.004804568267094622
OFF-FA-10001229,Staples,Office Supplies,Fasteners,29.868000000000002,10.7682,9,3,0.13333333333333333,0.36052631578947364,0.0012837979351044912,0.0036839949880179096
OFF-EN-10001749,Jiffy Padded Mailers with Self-Seal Closure,Office Supplies,Envelopes,29.808,10.8054,2,1,0.2,0.36250000000000004,0.0012812189918841124,0.0036967217774120766
FUR-FU-10004164,"Eldon 300 Class Desk Accessories, Black",Furniture,Furnishings,29.7,13.068000000000001,6,2,0.0,0.44000000000000006,0.0012765768940874308,0.004470797951692767
OFF-FA-10003467,"Alliance Big Bands Rubber Bands, 12/Pack",Office Supplies,Fasteners,29.7,0.0,15,4,0.0,0.0,0.0012765768940874308,0.0
OFF-SU-10001935,Staple remover,Office Supplies,Supplies,29.648,-3.836800000000003,16,6,0.13333333333333333,-0.12941176470588245,0.0012743418099631025,-0.0013126383211704022
OFF-AR-10001231,"Sanford EarthWrite Recycled Pencils, Medium Soft, #2",Office Supplies,Art,29.4,8.232,14,3,0.0,0.27999999999999997,0.0012636821779855375,0.00281631533045109
OFF-AR-10000422,Pencil and Crayon Sharpener,Office Supplies,Art,29.345999999999997,3.7668,16,4,0.15000000000000002,0.1283582089552239,0.0012613611290871968,0.001288690061557722
OFF-PA-10004405,Rediform Voice Mail Log Books,Office Supplies,Paper,29.204,12.1584,11,2,0.1,0.4163265306122449,0.0012552576301323006,0.004159607423925721
OFF-BI-10002049,UniKeep View Case Binders,Office Supplies,Binders,28.851,-5.476800000000001,13,5,0.5,-0.1898305084745763,0.001240084847519073,-0.0018737118320960315
OFF-BI-10002813,Avery Reinforcements for Hole-Punch Pages,Office Supplies,Binders,28.512,-16.137,41,8,0.575,-0.5659722222222222,0.0012255138183239335,-0.005520758076711521
OFF-AR-10001473,Newell 313,Office Supplies,Art,28.208,4.264,10,3,0.13333333333333333,0.15116279069767444,0.001212447172674015,0.0014587911284066387
OFF-PA-10000141,"Ampad Evidence Wirebond Steno Books, 6"" x 9""",Office Supplies,Paper,27.468,11.2924,14,4,0.1,0.41111111111111115,0.0011806402062893451,0.003863333240717431
TEC-AC-10002380,Sony 8GB Class 10 Micro SDHC R40 Memory Card,Technology,Accessories,27.192,0.339899999999997,3,1,0.2,0.01249999999999989,0.0011687770674756034,0.0001162859063192805
TEC-AC-10004127,SanDisk Cruzer 8 GB USB Flash Drive,Technology,Accessories,27.168,-1.3584,4,1,0.2,-0.05,0.0011677454901874518,-0.00046473308368376586
OFF-FA-10003485,Staples,Office Supplies,Fasteners,26.724,9.7464,12,2,0.1,0.36470588235294116,0.00114866131035665,0.003334418821271684
OFF-AR-10001216,Newell 339,Office Supplies,Art,26.688000000000002,6.116,10,3,0.06666666666666667,0.22916666666666663,0.0011471139444244227,0.0020923936541592403
OFF-LA-10004677,Self-Adhesive Address Labels for Typewriters with Dispenser Box,Office Supplies,Labels,26.568,8.9667,9,2,0.2,0.33749999999999997,0.0011419560579836654,0.003067669420985883
OFF-AR-10003876,"Avery Hi-Liter GlideStik Fluorescent Highlighter, Yellow Ink",Office Supplies,Art,26.08,9.6496,9,2,0.1,0.37,0.0011209806531245856,0.003301301799407293
OFF-BI-10000591,Avery Binder Labels,Office Supplies,Binders,26.063,9.8806,8,4,0.22499999999999998,0.37910447761194027,0.0011202499525454783,0.003380331056129135
OFF-AR-10004165,"Binney & Smith inkTank Erasable Pocket Highlighter, Chisel Tip, Yellow",Office Supplies,Art,25.992,10.6704,12,3,0.06666666666666667,0.4105263157894737,0.0011171982030680305,0.003650535848159052
TEC-AC-10000487,SanDisk Cruzer 4 GB USB Flash Drive,Technology,Accessories,25.96,5.5165,5,2,0.2,0.2125,0.0011158227666838284,0.0018872939164763652
OFF-AR-10003770,Newell 340,Office Supplies,Art,25.92,7.5168,9,2,0.0,0.29,0.0011141034712035761,0.0025716325408084006
OFF-PA-10003543,Xerox 1985,Office Supplies,Paper,25.92,9.072,5,2,0.2,0.3499999999999999,0.0011141034712035761,0.0031036944458032417
OFF-BI-10000201,"Avery Triangle Shaped Sheet Lifters, Black, 2/Pack",Office Supplies,Binders,25.830000000000002,-4.92,25,6,0.6166666666666667,-0.19047619047619047,0.0011102350563730083,-0.0016832205327768908
OFF-FA-10003472,Bagged Rubber Bands,Office Supplies,Fasteners,25.704,0.3024,21,5,0.04,0.011764705882352941,0.001104819275610213,0.00010345648152677475
OFF-PA-10003424,"""While you Were Out"" Message Book, One Form per Page",Office Supplies,Paper,25.228,10.388,8,3,0.13333333333333333,0.4117647058823529,0.001084359659395209,0.003553921726521614
OFF-FA-10002676,Colored Push Pins,Office Supplies,Fasteners,24.978,7.602,15,5,0.08,0.30434782608695654,0.0010736140626436312,0.0026007809939369766
OFF-AR-10003087,Staples in misc. colors,Office Supplies,Art,24.92,5.696,15,3,0.06666666666666667,0.22857142857142854,0.0010711210841972652,0.0019487040964831642
OFF-FA-10004076,Translucent Push Pins by OIC,Office Supplies,Fasteners,24.552,5.841,15,3,0.13333333333333333,0.23790322580645162,0.0010553035657789429,0.0019983112056808573
OFF-AR-10004582,BIC Brite Liner Grip Highlighters,Office Supplies,Art,24.272,8.937999999999999,17,5,0.08,0.3682432432432432,0.0010432684974171756,0.0030578506345446846
OFF-AR-10000896,Newell 329,Office Supplies,Art,24.272,4.854399999999999,8,2,0.1,0.19999999999999998,0.0010432684974171756,0.001660777592339865
OFF-LA-10004008,Avery 507,Office Supplies,Labels,24.192,8.64,10,2,0.1,0.35714285714285715,0.001039829906456671,0.0029558994721935643
OFF-LA-10002381,Avery 497,Office Supplies,Labels,24.023999999999997,11.211200000000002,8,2,0.1,0.4666666666666668,0.0010326088654396106,0.003835553259566724
OFF-SU-10002301,Serrated Blade or Curved Handle Hand Letter Openers,Office Supplies,Supplies,23.864,-4.1133999999999995,9,2,0.1,-0.17236842105263156,0.001025731683518601,-0.001407268158439931
OFF-AR-10001227,Newell 338,Office Supplies,Art,23.52,6.3504000000000005,8,2,0.0,0.27,0.00101094574238843,0.00217258611206227
OFF-AR-10000315,"Dixon Ticonderoga Maple Cedar Pencil, #2",Office Supplies,Art,23.332,4.912000000000001,8,3,0.06666666666666667,0.2105263157894737,0.0010028650536312437,0.001680483588821156
OFF-BI-10003094,Self-Adhesive Ring Binder Labels,Office Supplies,Binders,22.88,2.3584000000000005,11,4,0.425,0.10307692307692311,0.0009834370147043911,0.0008068510781506137
OFF-AR-10000462,Sanford Pocket Accent Highlighters,Office Supplies,Art,22.4,9.632,14,3,0.0,0.43,0.0009628054689413618,0.003295280522704677
OFF-LA-10003714,Avery 510,Office Supplies,Labels,21.75,8.1,7,3,0.13333333333333333,0.37241379310344824,0.0009348669173872599,0.0027711557551814664
OFF-AR-10001972,Newell 323,Office Supplies,Art,21.168,3.7632000000000003,14,3,0.06666666666666667,0.1777777777777778,0.000909851168149587,0.0012874584367776414
OFF-LA-10000476,"Avery 05222 Permanent Self-Adhesive File Folder Labels for Typewriters, on Rolls, White, 250/Roll",Office Supplies,Labels,20.65,9.498999999999999,5,2,0.0,0.45999999999999996,0.000887586291680318,0.0032497788294405857
OFF-PA-10001450,Rediform S.O.S. Phone Message Books,Office Supplies,Paper,19.92,9.7608,4,1,0.0,0.48999999999999994,0.0008562091491657113,0.003339345320392007
OFF-FA-10000254,Sterling Rubber Bands by Alliance,Office Supplies,Fasteners,19.782,-3.768,5,2,0.1,-0.19047619047619047,0.0008502775797588403,-0.001289100603151082
FUR-FU-10002240,Nu-Dell EZ-Mount Plastic Wall Frames,Furniture,Furnishings,19.7,0.7879999999999998,8,2,0.3,0.039999999999999994,0.0008467530240243228,0.0002695889796398759
OFF-AR-10000823,Newell 307,Office Supplies,Art,19.292,3.5672,12,3,0.06666666666666667,0.18490566037735848,0.0008292162101257481,0.001220403309862139
TEC-AC-10003709,Maxell 4.7GB DVD-R 5/Pack,Technology,Accessories,19.008,7.3656,21,5,0.08,0.3875,0.0008170092122159557,0.002519904300045013
OFF-PA-10000859,Unpadded Memo Slips,Office Supplies,Paper,18.308,8.358,5,2,0.1,0.4565217391304348,0.0007869215413115382,0.002859422197753913
OFF-PA-10001274,Loose Memo Sheets,Office Supplies,Paper,18.25,8.5775,5,2,0.0,0.47000000000000003,0.0007844285628651722,0.002934517097539386
OFF-AR-10002221,12 Colored Short Pencils,Office Supplies,Art,18.2,3.016000000000001,8,3,0.13333333333333333,0.16571428571428576,0.0007822794435148567,0.001031827871312013
OFF-AP-10001634,Hoover Commercial Lightweight Upright Vacuum,Office Supplies,Appliances,18.096,-2.5056000000000003,8,2,0.5,-0.13846153846153847,0.0007778092752662002,-0.0008572108469361336
OFF-AR-10003896,"Stride Job 150 Highlighters, Chisel Tip, Assorted Colors",Office Supplies,Art,17.94,6.4584,3,1,0.0,0.36,0.0007711040228932159,0.002209534855464689
OFF-LA-10000973,Avery 502,Office Supplies,Labels,17.64,6.174,7,3,0.20000000000000004,0.35000000000000003,0.0007582093067913225,0.002112236497838318
OFF-AR-10004027,"Binney & Smith inkTank Erasable Desk Highlighter, Chisel Tip, Yellow, 12/Box",Office Supplies,Art,17.64,5.7456,8,3,0.13333333333333333,0.3257142857142857,0.0007582093067913225,0.00196567314900872
OFF-BI-10004141,Insertable Tab Indexes For Data Binders,Office Supplies,Binders,17.49,-4.8336,13,5,0.6,-0.27636363636363637,0.0007517619487403759,-0.001653661538054955
OFF-PA-10000308,Xerox 1901,Office Supplies,Paper,16.896,5.28,4,1,0.2,0.3125,0.0007262304108586273,0.0018063830107849558
OFF-LA-10002368,Avery 479,Office Supplies,Labels,16.704,6.8382,7,3,0.06666666666666667,0.409375,0.0007179777925534157,0.0023394712697631975
OFF-BI-10004876,Wilson Jones Suede Grain Vinyl Binders,Office Supplies,Binders,16.401999999999997,5.0596,8,3,0.2333333333333333,0.30847457627118646,0.0007049971116775096,0.0017309802048044625
OFF-AR-10001118,"Binney & Smith Crayola Metallic Crayons, 16-Color Pack",Office Supplies,Art,16.176000000000002,6.739999999999999,5,2,0.1,0.4166666666666666,0.0006952830922140836,0.0023058752827065532
TEC-AC-10002370,Maxell CD-R Discs,Technology,Accessories,15.76,3.7036,9,3,0.13333333333333333,0.235,0.0006774024192194582,0.001267068204307417
OFF-FA-10000490,"OIC Binder Clips, Mini, 1/4"" Capacity, Black",Office Supplies,Fasteners,15.623999999999999,7.0804,13,5,0.04,0.45317460317460323,0.0006715568145865999,0.0024223322480230684
OFF-PA-10002333,"Universal Ultra Bright White Copier/Laser Paper, 8 1/2"" x 11"", Ream",Office Supplies,Paper,15.552,5.6376,3,1,0.2,0.3625,0.0006684620827221455,0.0019287244056063004
OFF-AR-10001130,"Quartet Alpha White Chalk, 12/Pack",Office Supplies,Art,15.469999999999999,6.0996,8,2,0.1,0.3942857142857143,0.000664937526987628,0.0020867829190499843
OFF-PA-10002109,Wirebound Voice Message Log Book,Office Supplies,Paper,15.232,4.9504,4,2,0.2,0.325,0.0006547077188801261,0.0016936209198086826
OFF-AR-10002704,Boston 1900 Electric Pencil Sharpener,Office Supplies,Art,14.98,4.494,1,1,0.0,0.3,0.0006438761573545358,0.0015374782671340134
OFF-LA-10004055,Color-Coded Legal Exhibit Labels,Office Supplies,Labels,14.73,7.2177,3,2,0.0,0.49,0.0006331305606029581,0.0024693050486633665
OFF-AR-10001022,SANFORD Liquid Accent Tank-Style Highlighters,Office Supplies,Art,14.2,4.401999999999999,5,3,0.0,0.30999999999999994,0.0006103498954896133,0.0015060034116430633
OFF-SU-10003936,Acme Serrated Blade Letter Opener,Office Supplies,Supplies,13.992,-1.7489999999999999,5,2,0.1,-0.12499999999999999,0.0006014095589923007,-0.0005983643723225166
TEC-PH-10003655,Sannysis Cute Owl Design Soft Skin Case Cover for Samsung Galaxy S4,Technology,Phones,13.86,2.2967999999999997,8,2,0.1,0.1657142857142857,0.0005957358839074677,0.0007857766096914557
OFF-AR-10000369,Design Ebony Sketching Pencil,Office Supplies,Art,13.622,2.3074,11,3,0.06666666666666667,0.16938775510204082,0.0005855060757999658,0.0007894030604328043
TEC-AC-10003133,Memorex Mini Travel Drive 4 GB USB 2.0 Flash Drive,Technology,Accessories,13.616,3.5742,2,1,0.2,0.2625,0.0005852481814779279,0.001222798135823407
OFF-FA-10002701,Alliance Rubber Bands,Office Supplies,Fasteners,13.440000000000001,0.5376000000000001,8,2,0.0,0.04,0.0005776832813648172,0.00018392263382537735
OFF-FA-10001135,"Brites Rubber Bands, 1 1/2 oz. Box",Office Supplies,Fasteners,13.068000000000001,-0.5147999999999998,7,3,0.06666666666666667,-0.03939393939393938,0.0005616938333984695,-0.0001761223435515331
OFF-AP-10003914,"Sanitaire Vibra Groomer IR Commercial Upright Vacuum, Replacement Belts",Office Supplies,Appliances,13.0,1.3,5,1,0.2,0.1,0.0005587710310820404,0.000444753392806902
OFF-FA-10000840,OIC Thumb-Tacks,Office Supplies,Fasteners,12.996,5.1414,13,3,0.13333333333333333,0.3956140350877193,0.0005585991015340153,0.0017589654567518509
OFF-PA-10002001,Xerox 1984,Office Supplies,Paper,12.96,6.3504,2,1,0.0,0.48999999999999994,0.0005570517356017881,0.0021725861120622694
OFF-PA-10001661,Xerox 1922,Office Supplies,Paper,11.952,4.3326,3,1,0.2,0.36250000000000004,0.0005137254894994267,0.0014822604228270644
TEC-AC-10003433,Maxell 4.7GB DVD+R 5/Pack,Technology,Accessories,11.682,4.6035,13,5,0.08,0.3940677966101695,0.0005021202450077228,0.0015749401875281336
OFF-PA-10003739,Xerox 1969,Office Supplies,Paper,11.56,5.6644,2,1,0.0,0.48999999999999994,0.0004968763937929528,0.001937893167858012
OFF-LA-10004272,Avery 482,Office Supplies,Labels,11.56,5.4332,4,2,0.0,0.47000000000000003,0.0004968763937929528,0.001858795487537277
OFF-BI-10000494,Acco Economy Flexible Poly Round Ring Binder,Office Supplies,Binders,11.484,-5.742,6,4,0.6,-0.5,0.0004936097323804733,-0.0019644415242286396
OFF-BI-10003784,Computer Printout Index Tabs,Office Supplies,Binders,11.088000000000001,-2.016,15,4,0.5,-0.1818181818181818,0.0004765887071259742,-0.0006897098768451649
OFF-BI-10000831,Storex Flexible Poly Binders with Double Pockets,Office Supplies,Binders,10.824,-2.0064,9,3,0.4666666666666666,-0.1853658536585366,0.0004652413569563081,-0.0006864255440982832
OFF-AR-10003958,Newell 337,Office Supplies,Art,10.496,1.180799999999998,4,2,0.2,0.11249999999999981,0.00045114313401823817,0.00040397292786645305
OFF-SU-10003002,Letter Slitter,Office Supplies,Supplies,10.08,0.3024,4,2,0.0,0.03,0.0004332624610236129,0.00010345648152677475
OFF-AR-10004707,Staples in misc. colors,Office Supplies,Art,9.92,3.472,4,2,0.0,0.35,0.00042638527910260316,0.0011878336767888952
OFF-AR-10004974,Newell 342,Office Supplies,Art,9.84,2.8536,3,1,0.0,0.29000000000000004,0.00042294668814209826,0.0009762679090105966
OFF-AP-10002906,Hoover Replacement Belt for Commercial Guardsman Heavy-Duty Upright Vacuum,Office Supplies,Appliances,9.768,0.44399999999999995,6,4,0.30000000000000004,0.04545454545454545,0.000419851956277644,0.00015190038954328037
TEC-PH-10004875,PNY Rapid USB Car Charger - Black,Technology,Phones,9.588,-2.0774,2,1,0.4,-0.21666666666666667,0.000412115126616508,-0.0007107159217054294
OFF-SU-10001212,Kleencut Forged Office Shears by Acme United Corporation,Office Supplies,Supplies,9.568,2.2880000000000003,5,2,0.1,0.23913043478260873,0.0004112554788763817,0.0007827659713401476
OFF-LA-10002473,Avery 484,Office Supplies,Labels,9.216,3.3408,4,1,0.2,0.36250000000000004,0.0003961256786501603,0.001142947795914845
OFF-AR-10004272,Newell 308,Office Supplies,Art,8.4,2.1,5,2,0.0,0.25,0.0003610520508530107,0.0007184477883803802
OFF-FA-10001754,Stockwell Gold Paper Clips,Office Supplies,Fasteners,8.096,3.404,5,2,0.1,0.4204545454545454,0.00034798540520309225,0.0011645696531651494
OFF-AR-10003477,4009 Highlighters,Office Supplies,Art,8.04,2.7336,6,1,0.0,0.34,0.0003455783915307388,0.000935213749674575
OFF-PA-10003919,Xerox 1989,Office Supplies,Paper,7.968,2.6892,2,1,0.2,0.3375,0.00034248365966628447,0.0009200237107202468
OFF-AR-10001149,"Avery Hi-Liter Comfort Grip Fluorescent Highlighter, Yellow Ink",Office Supplies,Art,7.8,3.042,4,2,0.0,0.38999999999999996,0.00033526261864922426,0.0010407229391681506
OFF-AR-10003986,Avery Hi-Liter Pen Style Six-Color Fluorescent Set,Office Supplies,Art,7.7,3.157,2,1,0.0,0.41,0.00033096437994859315,0.0010800665085318381
OFF-EN-10001535,Grip Seal Envelopes,Office Supplies,Envelopes,7.072,2.3868,2,1,0.2,0.3375,0.00030397144090862997,0.0008165672291934721
OFF-PA-10000048,Xerox 20,Office Supplies,Paper,6.48,3.1104,1,1,0.0,0.4799999999999999,0.00027852586780089403,0.001064123809989683
OFF-LA-10003388,Avery 5,Office Supplies,Labels,5.76,2.8224,2,1,0.0,0.49000000000000005,0.0002475785491563502,0.0009655938275832309
OFF-AP-10002203,Eureka Disposable Bags for Sanitaire Vibra Groomer I Upright Vac,Office Supplies,Appliances,1.624,-4.466,2,1,0.8,-2.75,6.980339649824875e-05,-0.0015278989632889419
