date,field_id,oil_volume_bbl,gas_volume_mcf,oil_price_usd,gas_price_usd,revenue_usd
2022-01-01,FIELD-001,4399.9,3819.4,66.18,3.025,302739.07
2022-01-01,FIELD-002,1683.5,1522.8,67.11,3.011,117564.84
2022-01-01,FIELD-003,474.4,681.3,63.72,3.011,32280.16
2022-01-01,FIELD-004,1518.8,1983.2,66.44,2.995,106848.76
2022-01-02,FIELD-001,4510.3,3809.9,66.19,3.01,310004.56
2022-01-02,FIELD-002,1659.2,1549.7,66.82,2.994,115507.55
2022-01-02,FIELD-003,477.5,672.2,63.61,2.975,32373.57
2022-01-02,FIELD-004,1457.6,1874.0,66.62,3.046,102813.52
2022-01-03,FIELD-001,4177.4,3598.4,65.35,3.04,283932.23
2022-01-03,FIELD-002,1659.5,1417.5,67.6,2.999,116433.28
2022-01-03,FIELD-003,459.4,641.2,63.48,2.983,31075.41
2022-01-03,FIELD-004,1533.9,2009.4,66.26,2.986,107636.28
2022-01-04,FIELD-001,4582.8,3727.4,65.62,2.985,311849.62
2022-01-04,FIELD-002,1734.1,1503.0,67.28,3.019,121207.8
2022-01-04,FIELD-003,472.9,663.7,62.78,3.006,31683.74
2022-01-04,FIELD-004,1503.6,1917.4,65.79,2.99,104654.87
2022-01-05,FIELD-001,4350.2,3608.3,66.32,2.965,299203.87
2022-01-05,FIELD-002,1107.6,1017.5,67.11,3.009,77392.69
2022-01-05,FIELD-003,467.4,668.2,64.46,3.035,32156.59
2022-01-05,FIELD-004,1229.4,1558.6,66.73,2.979,86680.93
2022-01-06,FIELD-001,4558.5,3838.2,65.66,2.982,310756.62
2022-01-06,FIELD-002,1641.8,1460.8,67.93,2.951,115838.29
2022-01-06,FIELD-003,469.6,682.2,64.05,2.987,32115.61
2022-01-06,FIELD-004,1508.4,1910.7,66.55,3.035,106182.99
2022-01-07,FIELD-001,4501.0,3822.0,65.92,2.961,308022.86
2022-01-07,FIELD-002,1685.3,1468.8,67.23,2.987,117690.02
2022-01-07,FIELD-003,463.4,676.7,62.97,3.019,31223.26
2022-01-07,FIELD-004,1472.7,1849.9,66.68,2.992,103734.54
2022-01-08,FIELD-001,4421.3,3664.3,66.31,3.05,304352.52
2022-01-08,FIELD-002,1646.9,1469.1,66.55,3.024,114043.75
2022-01-08,FIELD-003,461.3,656.9,62.97,3.019,31031.24
2022-01-08,FIELD-004,1512.7,1928.4,66.58,2.978,106458.34
2022-01-09,FIELD-001,4484.1,3814.3,65.22,2.974,303796.73
2022-01-09,FIELD-002,1710.6,1533.5,66.82,3.037,118959.53
2022-01-09,FIELD-003,467.9,676.8,63.27,2.99,31627.66
2022-01-09,FIELD-004,1477.0,1959.7,67.41,3.029,105500.5
2022-01-10,FIELD-001,4324.2,3745.4,65.63,2.991,294999.74
2022-01-10,FIELD-002,1636.0,1486.0,66.84,2.989,113791.89
2022-01-10,FIELD-003,456.6,665.1,63.35,3.015,30930.89
2022-01-10,FIELD-004,1467.2,1879.3,66.94,2.914,103690.65
2022-01-11,FIELD-001,3368.2,2858.7,66.24,3.035,231785.72
2022-01-11,FIELD-002,1399.1,1142.7,68.01,3.043,98630.03
2022-01-11,FIELD-003,447.8,641.7,63.89,2.95,30502.96
2022-01-11,FIELD-004,1511.1,2022.5,65.4,2.984,104861.08
2022-01-12,FIELD-001,4422.9,3705.3,65.35,3.018,300219.11
2022-01-12,FIELD-002,672.5,611.3,66.8,2.955,46729.39
2022-01-12,FIELD-003,463.3,670.8,63.44,2.985,31394.09
2022-01-12,FIELD-004,1461.5,1877.7,66.29,3.014,102542.22
2022-01-13,FIELD-001,4207.9,3510.5,66.45,2.972,290048.16
2022-01-13,FIELD-002,747.1,711.0,67.64,2.984,52655.47
2022-01-13,FIELD-003,466.2,644.4,63.22,3.031,31426.34
2022-01-13,FIELD-004,1435.7,1886.3,67.33,2.993,102311.38
2022-01-14,FIELD-001,4275.6,3753.7,66.27,2.989,294563.82
2022-01-14,FIELD-002,1641.7,1515.0,67.03,2.978,114554.82
2022-01-14,FIELD-003,356.4,512.9,63.68,2.993,24230.66
2022-01-14,FIELD-004,1497.9,2001.6,65.85,2.983,104607.49
2022-01-15,FIELD-001,4322.6,3678.3,66.61,2.996,298948.57
2022-01-15,FIELD-002,1623.9,1449.3,67.46,3.002,113899.09
2022-01-15,FIELD-003,449.4,645.3,64.27,2.96,30793.03
2022-01-15,FIELD-004,1517.1,1881.9,66.34,2.965,106224.25
2022-01-16,FIELD-001,4413.9,3760.8,66.8,3.003,306142.2
2022-01-16,FIELD-002,1627.7,1434.1,66.63,3.038,112810.45
2022-01-16,FIELD-003,449.7,613.8,63.52,3.003,30408.19
2022-01-16,FIELD-004,1500.2,1966.1,67.03,2.999,106454.74
2022-01-17,FIELD-001,4140.6,3591.0,65.34,2.984,281262.35
2022-01-17,FIELD-002,1594.1,1441.9,67.0,2.995,111123.19
2022-01-17,FIELD-003,461.4,675.1,62.76,3.028,31001.67
2022-01-17,FIELD-004,1460.8,1905.6,67.04,2.997,103643.12
2022-01-18,FIELD-001,4362.7,3741.8,67.17,3.061,304496.21
2022-01-18,FIELD-002,1605.5,1523.9,67.07,3.018,112280.02
2022-01-18,FIELD-003,462.2,673.7,62.66,2.993,30977.84
2022-01-18,FIELD-004,1469.0,1897.8,65.75,2.981,102244.09
2022-01-19,FIELD-001,4445.4,3749.8,65.59,2.953,302646.95
2022-01-19,FIELD-002,1048.8,960.4,67.26,2.974,73398.52
2022-01-19,FIELD-003,450.0,674.9,64.12,2.945,30841.58
2022-01-19,FIELD-004,1504.1,1982.1,66.97,3.01,106695.7
2022-01-20,FIELD-001,3958.0,3504.7,65.77,3.01,270866.81
2022-01-20,FIELD-002,1561.7,1418.6,67.31,3.058,109456.11
2022-01-20,FIELD-003,327.5,459.2,62.92,3.004,21985.74
2022-01-20,FIELD-004,1132.9,1446.8,66.88,3.003,80113.09
2022-01-21,FIELD-001,4304.5,3726.9,65.46,3.037,293091.17
2022-01-21,FIELD-002,1613.3,1474.8,66.33,2.92,111316.6
2022-01-21,FIELD-003,468.7,688.1,63.43,2.978,31778.8
2022-01-21,FIELD-004,1531.6,1980.5,66.42,3.017,107704.04
2022-01-22,FIELD-001,4360.9,3751.8,65.52,3.0,296981.57
2022-01-22,FIELD-002,1603.3,1397.0,67.45,2.982,112308.44
2022-01-22,FIELD-003,453.3,641.2,62.9,2.982,30424.63
2022-01-22,FIELD-004,1514.5,1930.4,66.89,2.973,107043.98
2022-01-23,FIELD-001,4035.2,3425.6,66.46,2.971,278356.85
2022-01-23,FIELD-002,1682.0,1535.7,66.77,2.983,116888.13
2022-01-23,FIELD-003,468.3,678.2,64.33,2.979,32146.1
2022-01-23,FIELD-004,1516.6,1959.0,66.12,3.014,106182.02
2022-01-24,FIELD-001,4249.8,3772.8,66.74,2.957,294787.82
2022-01-24,FIELD-002,1683.4,1553.2,67.72,3.0,118659.45
2022-01-24,FIELD-003,434.5,605.6,63.68,2.973,29469.41
2022-01-24,FIELD-004,1523.7,1877.9,66.29,2.978,106598.46
2022-01-25,FIELD-001,4343.6,3745.2,66.45,2.94,299643.11
2022-01-25,FIELD-002,1680.2,1552.0,67.44,3.0,117968.69
2022-01-25,FIELD-003,418.2,613.5,63.51,3.0,28400.38
2022-01-25,FIELD-004,1493.3,1950.5,65.8,2.971,104054.08
2022-01-26,FIELD-001,4330.5,3677.3,65.14,2.954,292951.51
2022-01-26,FIELD-002,1617.6,1546.6,67.28,3.009,113485.85
2022-01-26,FIELD-003,453.4,647.6,63.31,3.004,30650.14
2022-01-26,FIELD-004,0.0,0.0,66.17,3.046,0.0
2022-01-27,FIELD-001,3562.2,2989.7,65.89,3.033,243781.12
2022-01-27,FIELD-002,1511.8,1338.5,67.38,3.012,105896.65
2022-01-27,FIELD-003,407.7,600.7,63.64,2.978,27734.91
2022-01-27,FIELD-004,1385.5,1803.3,65.86,2.957,96581.39
2022-01-28,FIELD-001,4341.9,3889.9,65.33,2.969,295205.44
2022-01-28,FIELD-002,1270.3,1108.8,67.24,2.994,88734.72
2022-01-28,FIELD-003,461.4,676.2,63.17,2.982,31163.07
2022-01-28,FIELD-004,1443.9,1867.8,65.27,2.988,99824.34
2022-01-29,FIELD-001,3829.4,3235.3,66.04,3.024,262677.12
2022-01-29,FIELD-002,1656.7,1477.8,67.66,3.025,116562.67
2022-01-29,FIELD-003,469.8,654.0,63.52,2.979,31789.96
2022-01-29,FIELD-004,1482.2,1905.7,66.58,3.001,104403.88
2022-01-30,FIELD-001,3330.2,2861.9,65.69,3.045,227475.32
2022-01-30,FIELD-002,1602.8,1490.4,67.38,3.017,112493.2
2022-01-30,FIELD-003,455.7,663.5,63.53,2.992,30935.81
2022-01-30,FIELD-004,1446.8,1871.8,65.86,3.0,100901.65
2022-01-31,FIELD-001,4192.0,3609.5,66.58,3.048,290105.12
2022-01-31,FIELD-002,1628.6,1439.1,67.67,2.998,114521.78
2022-01-31,FIELD-003,458.1,660.0,64.39,3.019,31489.6
2022-01-31,FIELD-004,1506.4,1981.2,65.71,2.982,104893.48
2022-02-01,FIELD-001,4418.1,3660.1,64.43,3.73,298310.36
2022-02-01,FIELD-002,1650.0,1484.4,65.23,3.722,113154.44
2022-02-01,FIELD-003,465.3,654.1,61.93,3.773,31283.95
2022-02-01,FIELD-004,1468.1,1855.9,64.4,3.716,101442.16
2022-02-02,FIELD-001,1735.2,1573.4,63.68,3.684,116293.94
2022-02-02,FIELD-002,1697.0,1540.6,65.52,3.77,116995.5
2022-02-02,FIELD-003,454.6,663.0,61.72,3.703,30513.0
2022-02-02,FIELD-004,1359.5,1752.2,65.17,3.76,95186.89
2022-02-03,FIELD-001,4382.2,3795.8,63.44,3.663,291910.78
2022-02-03,FIELD-002,1607.1,1467.1,65.2,3.784,110334.43
2022-02-03,FIELD-003,460.0,651.2,61.47,3.718,30697.36
2022-02-03,FIELD-004,1489.9,1904.9,63.89,3.712,102260.7
2022-02-04,FIELD-001,4398.3,3537.9,64.86,3.747,298530.25
2022-02-04,FIELD-002,1602.0,1433.4,65.65,3.71,110489.21
2022-02-04,FIELD-003,420.4,613.8,61.99,3.752,28363.57
2022-02-04,FIELD-004,1495.5,2011.0,65.77,3.737,105874.14
2022-02-05,FIELD-001,4452.0,3734.9,63.58,3.804,297265.72
2022-02-05,FIELD-002,1648.4,1509.5,64.84,3.73,112512.69
2022-02-05,FIELD-003,462.2,652.7,61.67,3.815,30993.92
2022-02-05,FIELD-004,1498.4,1883.3,64.39,3.735,103516.1
2022-02-06,FIELD-001,4236.9,3538.8,64.07,3.699,284548.2
2022-02-06,FIELD-002,1641.5,1442.9,66.53,3.685,114526.08
2022-02-06,FIELD-003,444.2,652.7,62.11,3.763,30045.37
2022-02-06,FIELD-004,1441.1,1896.4,63.6,3.683,98638.4
2022-02-07,FIELD-001,4385.1,3658.1,63.91,3.705,293805.0
2022-02-07,FIELD-002,675.6,609.2,64.64,3.759,45960.77
2022-02-07,FIELD-003,469.9,683.7,61.7,3.709,31528.67
2022-02-07,FIELD-004,1517.3,1928.7,65.34,3.763,106398.08
2022-02-08,FIELD-001,4376.6,3579.0,63.91,3.764,293179.86
2022-02-08,FIELD-002,577.1,551.4,65.96,3.748,40132.16
2022-02-08,FIELD-003,449.3,649.7,61.38,3.747,30012.46
2022-02-08,FIELD-004,668.6,852.4,63.79,3.78,45872.07
2022-02-09,FIELD-001,4385.0,3777.1,64.26,3.609,295411.65
2022-02-09,FIELD-002,807.8,708.7,65.39,3.782,55502.35
2022-02-09,FIELD-003,421.0,599.3,61.93,3.735,28310.92
2022-02-09,FIELD-004,725.0,956.3,64.58,3.739,50396.11
2022-02-10,FIELD-001,4246.9,3783.9,64.26,3.707,286932.71
2022-02-10,FIELD-002,1632.9,1499.7,65.08,3.722,111851.02
2022-02-10,FIELD-003,277.4,402.9,61.45,3.756,18559.52
2022-02-10,FIELD-004,1063.5,1328.9,64.28,3.635,73192.33
2022-02-11,FIELD-001,3188.6,2782.7,63.48,3.757,212866.93
2022-02-11,FIELD-002,1672.1,1408.8,65.53,3.728,114824.72
2022-02-11,FIELD-003,424.9,595.8,61.94,3.745,28549.58
2022-02-11,FIELD-004,1464.7,1884.3,65.24,3.729,102583.58
2022-02-12,FIELD-001,4370.8,3720.0,63.61,3.746,291961.71
2022-02-12,FIELD-002,1588.5,1453.7,65.89,3.616,109922.84
2022-02-12,FIELD-003,226.0,322.6,61.23,3.819,15069.99
2022-02-12,FIELD-004,1475.6,1901.4,64.6,3.729,102414.08
2022-02-13,FIELD-001,4223.3,3619.1,63.86,3.732,283206.42
2022-02-13,FIELD-002,1606.2,1505.0,65.2,3.718,110319.83
2022-02-13,FIELD-003,452.4,637.4,62.09,3.671,30429.41
2022-02-13,FIELD-004,1405.1,1883.9,65.62,3.688,99150.49
2022-02-14,FIELD-001,4271.7,3788.8,64.59,3.715,289984.5
2022-02-14,FIELD-002,983.6,1155.2,65.56,3.74,68805.26
2022-02-14,FIELD-003,457.5,627.5,61.98,3.721,30690.78
2022-02-14,FIELD-004,1330.6,1737.2,64.37,3.738,92144.38
2022-02-15,FIELD-001,4191.6,3652.0,63.84,3.757,281312.31
2022-02-15,FIELD-002,1561.6,1467.6,66.19,3.732,108839.39
2022-02-15,FIELD-003,446.7,636.0,62.57,3.685,30293.68
2022-02-15,FIELD-004,1436.6,1965.8,64.59,3.673,100010.38
2022-02-16,FIELD-001,3831.6,3229.7,64.94,3.721,260841.82
2022-02-16,FIELD-002,1629.3,1477.3,66.52,3.733,113895.8
2022-02-16,FIELD-003,446.8,662.0,61.97,3.748,30169.37
2022-02-16,FIELD-004,930.5,1170.8,64.77,3.761,64671.86
2022-02-17,FIELD-001,4383.6,3791.5,63.68,3.739,293324.07
2022-02-17,FIELD-002,1616.0,1443.8,65.42,3.755,111140.19
2022-02-17,FIELD-003,446.6,627.7,62.42,3.697,30197.38
2022-02-17,FIELD-004,1473.1,1854.8,64.1,3.795,101464.68
2022-02-18,FIELD-001,4446.5,3823.9,64.16,3.725,299531.47
2022-02-18,FIELD-002,1608.5,1470.3,65.74,3.681,111154.96
2022-02-18,FIELD-003,445.5,653.1,61.62,3.706,29872.1
2022-02-18,FIELD-004,1435.5,1898.2,64.12,3.701,99069.5
2022-02-19,FIELD-001,4282.0,3774.6,64.82,3.722,291608.3
2022-02-19,FIELD-002,2238.3,1915.1,65.06,3.718,152744.14
2022-02-19,FIELD-003,450.0,648.8,62.16,3.754,30407.6
2022-02-19,FIELD-004,1455.4,1839.3,64.71,3.748,101072.63
2022-02-20,FIELD-001,4249.2,3780.4,64.41,3.675,287583.94
2022-02-20,FIELD-002,2141.3,1825.5,65.93,3.722,147970.42
2022-02-20,FIELD-003,460.8,663.5,62.86,3.782,31475.24
2022-02-20,FIELD-004,1456.9,1907.2,63.75,3.672,99880.61
2022-02-21,FIELD-001,4226.3,3585.6,63.91,3.741,283516.56
2022-02-21,FIELD-002,1817.9,1516.9,64.79,3.737,123450.4
2022-02-21,FIELD-003,444.8,656.4,60.69,3.75,29456.41
2022-02-21,FIELD-004,1476.1,1910.9,64.32,3.727,102064.68
2022-02-22,FIELD-001,4423.2,3634.4,65.07,3.764,301497.51
2022-02-22,FIELD-002,2215.6,1762.5,65.26,3.782,151255.83
2022-02-22,FIELD-003,452.3,633.0,62.4,3.736,30588.41
2022-02-22,FIELD-004,1483.2,1865.9,64.2,3.738,102196.17
2022-02-23,FIELD-001,4188.8,3542.1,63.89,3.747,280894.68
2022-02-23,FIELD-002,1585.7,1483.2,64.7,3.735,108134.54
2022-02-23,FIELD-003,464.6,668.4,61.88,3.763,31264.64
2022-02-23,FIELD-004,1484.2,1891.8,63.81,3.735,101772.68
2022-02-24,FIELD-001,4553.0,3766.2,64.37,3.678,306928.69
2022-02-24,FIELD-002,1776.2,1620.5,66.26,3.786,123826.23
2022-02-24,FIELD-003,434.5,636.7,61.06,3.773,28932.84
2022-02-24,FIELD-004,1397.7,1865.1,65.69,3.73,98771.74
2022-02-25,FIELD-001,4153.7,3699.1,63.86,3.691,278908.66
2022-02-25,FIELD-002,1974.2,1741.3,64.9,3.691,134552.72
2022-02-25,FIELD-003,448.4,665.8,61.01,3.731,29840.98
2022-02-25,FIELD-004,1462.0,1859.7,63.37,3.737,99596.64
2022-02-26,FIELD-001,4376.7,3675.2,63.55,3.703,291748.55
2022-02-26,FIELD-002,2305.4,1891.1,64.7,3.73,156213.18
2022-02-26,FIELD-003,451.3,649.9,62.52,3.733,30641.35
2022-02-26,FIELD-004,1466.1,1882.4,63.76,3.777,100588.36
2022-02-27,FIELD-001,4390.1,3732.6,64.27,3.724,296051.93
2022-02-27,FIELD-002,2216.8,1945.8,65.43,3.688,152221.33
2022-02-27,FIELD-003,449.4,632.9,62.99,3.692,30644.37
2022-02-27,FIELD-004,1478.3,1911.4,64.41,3.715,102318.15
2022-02-28,FIELD-001,4329.1,3689.0,63.99,3.732,290786.46
2022-02-28,FIELD-002,1474.8,1265.8,66.12,3.7,102197.24
2022-02-28,FIELD-003,451.8,615.6,61.74,3.692,30166.93
2022-02-28,FIELD-004,1417.1,1817.6,64.63,3.721,98350.46
2022-03-01,FIELD-001,4230.3,3614.2,65.99,4.021,293690.2
2022-03-01,FIELD-002,2249.8,1899.7,67.54,4.002,159554.09
2022-03-01,FIELD-003,410.8,602.8,62.4,4.022,28058.38
2022-03-01,FIELD-004,1434.9,1855.7,65.21,4.098,101174.49
2022-03-02,FIELD-001,4425.2,3777.1,64.69,4.079,301672.98
2022-03-02,FIELD-002,2238.2,1898.6,66.07,4.044,155555.81
2022-03-02,FIELD-003,450.6,660.4,62.24,4.055,30723.27
2022-03-02,FIELD-004,1435.3,1872.3,65.7,4.064,101908.24
2022-03-03,FIELD-001,4290.1,3667.4,65.18,4.065,294536.7
2022-03-03,FIELD-002,2190.9,1907.3,66.76,4.058,154004.31
2022-03-03,FIELD-003,455.0,664.3,62.83,4.042,31272.75
2022-03-03,FIELD-004,1162.5,1519.7,65.02,4.066,81764.85
2022-03-04,FIELD-001,4159.1,3652.5,66.04,4.049,289455.94
2022-03-04,FIELD-002,848.5,698.5,66.33,4.095,59141.36
2022-03-04,FIELD-003,446.7,653.9,63.37,4.129,31007.33
2022-03-04,FIELD-004,1301.6,1685.8,65.7,4.063,92364.53
2022-03-05,FIELD-001,4234.9,3567.9,64.88,4.108,289417.25
2022-03-05,FIELD-002,1433.4,1208.7,67.2,4.012,101173.78
2022-03-05,FIELD-003,448.4,647.7,62.72,3.991,30708.62
2022-03-05,FIELD-004,1434.8,1875.6,65.88,4.052,102124.56
2022-03-06,FIELD-001,2528.4,2147.9,65.88,4.071,175315.09
2022-03-06,FIELD-002,2134.1,1839.0,67.33,4.07,151173.68
2022-03-06,FIELD-003,452.5,649.6,63.88,4.046,31533.98
2022-03-06,FIELD-004,1445.4,1921.4,66.96,4.097,104655.96
2022-03-07,FIELD-001,4471.8,3720.7,65.82,4.06,309439.92
2022-03-07,FIELD-002,1798.2,1482.0,67.08,4.075,126662.41
2022-03-07,FIELD-003,437.0,643.3,63.35,4.069,30301.54
2022-03-07,FIELD-004,1466.9,1894.0,65.98,4.056,104468.13
2022-03-08,FIELD-001,2937.5,2479.2,65.48,4.044,202373.38
2022-03-08,FIELD-002,2196.9,1888.4,66.99,4.062,154841.01
2022-03-08,FIELD-003,442.6,659.0,63.2,4.028,30626.77
2022-03-08,FIELD-004,1488.9,1927.5,65.77,4.049,105729.4
2022-03-09,FIELD-001,4473.4,3922.6,66.18,4.036,311881.23
2022-03-09,FIELD-002,2175.1,1923.8,66.67,4.028,152762.98
2022-03-09,FIELD-003,454.0,656.9,63.58,4.103,31560.58
2022-03-09,FIELD-004,1344.3,1705.5,65.26,4.116,94748.86
2022-03-10,FIELD-001,4387.8,3780.2,65.26,4.11,301884.45
2022-03-10,FIELD-002,2973.6,2454.4,66.84,4.043,208678.56
2022-03-10,FIELD-003,458.2,701.6,63.25,4.045,31819.12
2022-03-10,FIELD-004,1414.5,1848.4,65.51,4.121,100281.15
2022-03-11,FIELD-001,4233.0,3771.3,64.51,4.065,288401.16
2022-03-11,FIELD-002,2526.2,2082.4,66.78,3.989,177006.33
2022-03-11,FIELD-003,446.8,620.2,61.97,4.112,30238.46
2022-03-11,FIELD-004,1449.1,1850.2,66.57,3.994,103856.29
2022-03-12,FIELD-001,4414.2,3807.9,65.69,4.045,305371.75
2022-03-12,FIELD-002,2847.6,2348.8,67.31,4.012,201095.34
2022-03-12,FIELD-003,453.8,639.1,62.11,4.07,30786.66
2022-03-12,FIELD-004,1389.7,1789.7,65.77,4.035,98622.01
2022-03-13,FIELD-001,4304.7,3725.3,64.52,4.087,292964.55
2022-03-13,FIELD-002,2039.4,1694.8,66.94,4.054,143388.16
2022-03-13,FIELD-003,352.7,502.3,63.03,4.032,24255.95
2022-03-13,FIELD-004,1478.6,1967.1,65.37,4.025,104573.66
2022-03-14,FIELD-001,4253.5,3653.6,65.69,4.042,294180.27
2022-03-14,FIELD-002,2894.4,2369.6,65.75,4.054,199913.16
2022-03-14,FIELD-003,448.6,634.8,61.65,4.02,30208.09
2022-03-14,FIELD-004,1453.2,1833.3,65.93,4.018,103175.68
2022-03-15,FIELD-001,4146.4,3622.8,66.18,4.061,289120.94
2022-03-15,FIELD-002,2970.8,2453.4,66.91,4.017,208631.54
2022-03-15,FIELD-003,470.4,708.8,62.07,4.099,32103.1
2022-03-15,FIELD-004,1436.7,1854.8,65.26,4.08,101326.63
2022-03-16,FIELD-001,4219.4,3700.4,65.79,3.939,292170.2
2022-03-16,FIELD-002,2222.4,1834.0,67.41,4.011,157168.16
2022-03-16,FIELD-003,449.8,663.4,62.62,4.069,30865.85
2022-03-16,FIELD-004,1091.3,1475.0,65.14,4.045,77053.66
2022-03-17,FIELD-001,4376.5,3666.4,65.88,4.049,303169.07
2022-03-17,FIELD-002,2977.2,2444.8,65.34,4.032,204387.68
2022-03-17,FIELD-003,438.0,638.0,62.65,4.063,30032.89
2022-03-17,FIELD-004,1347.1,1722.2,64.8,4.044,94256.66
2022-03-18,FIELD-001,4239.9,3720.0,65.4,3.995,292150.86
2022-03-18,FIELD-002,2871.9,2399.3,67.08,4.036,202330.63
2022-03-18,FIELD-003,459.1,674.2,63.2,4.002,31713.27
2022-03-18,FIELD-004,1450.6,1899.2,65.49,4.04,102672.56
2022-03-19,FIELD-001,3973.3,3337.2,64.06,4.025,267961.83
2022-03-19,FIELD-002,2872.5,2398.9,65.76,4.041,198589.55
2022-03-19,FIELD-003,438.1,656.7,63.57,4.055,30512.94
2022-03-19,FIELD-004,1442.5,1864.4,66.03,4.008,102720.79
2022-03-20,FIELD-001,4133.4,3575.0,64.79,4.062,282324.64
2022-03-20,FIELD-002,2940.0,2414.1,66.7,4.047,205867.86
2022-03-20,FIELD-003,435.4,649.7,62.63,4.048,29899.09
2022-03-20,FIELD-004,1431.5,1857.0,66.49,4.066,102731.0
2022-03-21,FIELD-001,4259.3,3723.2,66.95,4.007,300079.0
2022-03-21,FIELD-002,2869.0,2400.8,66.52,4.027,200513.9
2022-03-21,FIELD-003,435.8,622.2,63.31,4.038,30102.94
2022-03-21,FIELD-004,1418.5,1892.7,65.46,4.028,100478.81
2022-03-22,FIELD-001,1695.2,1461.9,64.74,4.035,115646.01
2022-03-22,FIELD-002,2704.4,2397.7,67.05,4.062,191069.48
2022-03-22,FIELD-003,443.4,635.0,62.95,3.975,30436.16
2022-03-22,FIELD-004,1445.5,1883.5,66.19,4.042,103290.75
2022-03-23,FIELD-001,1710.6,1446.6,65.67,4.009,118134.52
2022-03-23,FIELD-002,2827.7,2344.7,67.18,4.053,199467.96
2022-03-23,FIELD-003,388.7,566.8,62.42,4.041,26553.09
2022-03-23,FIELD-004,1480.6,1902.5,65.56,4.046,104765.65
2022-03-24,FIELD-001,1731.0,1493.8,65.39,3.962,119108.53
2022-03-24,FIELD-002,2875.5,2353.3,66.69,4.107,201432.1
2022-03-24,FIELD-003,444.4,610.4,62.71,3.996,30307.48
2022-03-24,FIELD-004,1257.8,1713.3,65.56,4.083,89456.77
2022-03-25,FIELD-001,3750.2,3140.5,65.49,4.018,258219.13
2022-03-25,FIELD-002,2893.6,2343.4,66.9,4.027,203018.71
2022-03-25,FIELD-003,445.6,669.2,62.96,4.042,30759.88
2022-03-25,FIELD-004,1045.5,1517.7,65.26,4.013,74319.86
2022-03-26,FIELD-001,4082.4,3485.9,64.64,4.058,278032.12
2022-03-26,FIELD-002,2853.4,2362.1,66.47,3.952,199000.52
2022-03-26,FIELD-003,455.4,672.5,63.39,4.042,31586.05
2022-03-26,FIELD-004,1107.0,1622.8,65.17,4.026,78676.58
2022-03-27,FIELD-001,3760.7,3323.4,65.84,4.06,261097.49
2022-03-27,FIELD-002,1147.1,930.2,67.18,4.013,80795.07
2022-03-27,FIELD-003,400.7,594.9,63.58,4.088,27908.46
2022-03-27,FIELD-004,1356.6,1833.1,65.19,4.118,95985.46
2022-03-28,FIELD-001,4359.0,3784.8,65.43,4.044,300515.1
2022-03-28,FIELD-002,1203.9,977.7,65.69,4.024,83018.46
2022-03-28,FIELD-003,455.8,653.5,64.4,4.11,32039.41
2022-03-28,FIELD-004,1429.8,1825.8,64.82,3.99,99964.58
2022-03-29,FIELD-001,3549.2,3061.8,64.63,4.095,241922.87
2022-03-29,FIELD-002,1100.5,905.8,66.07,3.986,76320.55
2022-03-29,FIELD-003,300.1,435.9,62.34,4.08,20486.71
2022-03-29,FIELD-004,1407.2,1819.4,65.02,3.989,98753.73
2022-03-30,FIELD-001,3645.8,3067.6,64.66,4.107,248336.06
2022-03-30,FIELD-002,1189.5,942.9,66.15,4.054,82507.94
2022-03-30,FIELD-003,446.7,656.8,62.89,4.042,30747.75
2022-03-30,FIELD-004,1449.5,1896.9,65.49,4.0,102515.36
2022-03-31,FIELD-001,4153.3,3641.3,66.01,4.079,289012.2
2022-03-31,FIELD-002,2772.1,2267.9,67.24,4.114,195726.14
2022-03-31,FIELD-003,433.1,620.0,62.2,4.023,29433.08
2022-03-31,FIELD-004,1491.7,1918.3,66.3,4.051,106670.74
2022-04-01,FIELD-001,4320.7,3668.9,74.3,3.832,335087.23
2022-04-01,FIELD-002,2855.9,2458.2,75.39,3.762,224554.05
2022-04-01,FIELD-003,442.9,668.4,71.78,3.756,34301.87
2022-04-01,FIELD-004,1430.8,1828.6,74.97,3.75,114124.33
2022-04-02,FIELD-001,4226.7,3566.9,74.58,3.743,328578.19
2022-04-02,FIELD-002,2646.0,2068.1,74.98,3.786,206226.91
2022-04-02,FIELD-003,453.4,685.1,71.37,3.754,34931.02
2022-04-02,FIELD-004,1412.1,1764.6,74.61,3.71,111903.45
2022-04-03,FIELD-001,4284.7,3672.9,74.25,3.721,331805.84
2022-04-03,FIELD-002,2888.8,2321.3,76.19,3.774,228858.26
2022-04-03,FIELD-003,388.9,561.8,72.65,3.684,30323.26
2022-04-03,FIELD-004,1081.2,1306.8,75.0,3.653,85863.74
2022-04-04,FIELD-001,3293.5,3045.8,74.6,3.736,257074.21
2022-04-04,FIELD-002,2834.2,2355.5,75.42,3.743,222572.0
2022-04-04,FIELD-003,458.8,672.4,72.37,3.739,35717.46
2022-04-04,FIELD-004,1456.0,1911.3,75.3,3.737,116779.33
2022-04-05,FIELD-001,4203.1,3694.0,74.2,3.786,325855.5
2022-04-05,FIELD-002,2688.9,2191.6,75.2,3.729,210377.76
2022-04-05,FIELD-003,444.8,672.0,72.42,3.716,34709.57
2022-04-05,FIELD-004,1417.4,1852.6,75.15,3.714,113398.17
2022-04-06,FIELD-001,3770.5,3374.4,73.62,3.735,290187.59
2022-04-06,FIELD-003,451.3,646.1,72.44,3.807,35151.87
2022-04-06,FIELD-004,1415.8,1840.1,75.25,3.746,113431.96
2022-04-07,FIELD-001,4176.0,3529.3,74.06,3.803,322696.49
2022-04-07,FIELD-002,2795.2,2350.0,75.68,3.756,220367.34
2022-04-07,FIELD-003,416.3,584.0,72.06,3.726,32174.56
2022-04-07,FIELD-004,1463.8,1899.4,74.71,3.821,116618.11
2022-04-08,FIELD-001,4321.0,3747.6,74.27,3.747,334962.93
2022-04-08,FIELD-002,2884.1,2319.0,75.88,3.674,227365.51
2022-04-08,FIELD-003,458.3,653.1,72.12,3.774,35517.4
2022-04-08,FIELD-004,1292.6,1636.8,74.38,3.729,102247.22
2022-04-09,FIELD-001,4212.8,3620.0,74.58,3.768,327830.78
2022-04-09,FIELD-002,2710.4,2270.8,76.05,3.754,214650.5
2022-04-09,FIELD-003,444.4,654.8,72.42,3.681,34593.77
2022-04-09,FIELD-004,1372.5,1784.7,73.99,3.752,108247.47
2022-04-10,FIELD-001,4143.4,3583.8,74.39,3.719,321555.68
2022-04-10,FIELD-002,2821.4,2280.2,75.14,3.767,220589.51
2022-04-10,FIELD-003,448.9,650.5,71.16,3.834,34437.74
2022-04-10,FIELD-004,554.0,704.2,75.1,3.808,44286.99
2022-04-11,FIELD-001,4196.5,3663.4,74.74,3.762,327428.12
2022-04-11,FIELD-002,2874.9,2368.7,75.72,3.714,226484.78
2022-04-11,FIELD-003,450.9,665.3,71.21,3.792,34631.41
2022-04-11,FIELD-004,567.0,751.8,73.59,3.843,44614.7
2022-04-12,FIELD-001,4081.0,3649.2,74.28,3.717,316700.76
2022-04-12,FIELD-002,2901.7,2485.6,76.05,3.77,230045.0
2022-04-12,FIELD-003,467.1,678.7,71.5,3.783,35965.17
2022-04-12,FIELD-004,1160.9,1515.3,74.23,3.742,91843.86
2022-04-13,FIELD-001,4301.4,3586.2,74.35,3.773,333339.82
2022-04-13,FIELD-002,2881.2,2349.4,75.69,3.747,226881.23
2022-04-13,FIELD-003,447.1,649.6,72.29,3.745,34753.61
2022-04-13,FIELD-004,1402.2,1770.1,73.73,3.712,109954.82
2022-04-14,FIELD-001,4292.6,3679.9,74.58,3.714,333809.26
2022-04-14,FIELD-002,2814.9,2314.4,75.43,3.785,221087.91
2022-04-14,FIELD-003,416.1,577.7,71.14,3.708,31743.47
2022-04-14,FIELD-004,1444.5,1804.7,74.61,3.794,114621.18
2022-04-15,FIELD-001,4191.4,3643.4,74.71,3.798,326977.13
2022-04-15,FIELD-002,2854.4,2477.8,75.1,3.757,223674.53
2022-04-15,FIELD-003,451.2,672.4,71.32,3.781,34721.93
2022-04-15,FIELD-004,1369.1,1756.8,74.8,3.747,108991.41
2022-04-16,FIELD-001,4365.7,3674.7,74.31,3.759,338228.36
2022-04-16,FIELD-002,2833.8,2310.9,76.17,3.688,224373.15
2022-04-16,FIELD-003,367.6,559.5,71.22,3.75,28278.6
2022-04-16,FIELD-004,1426.7,1916.3,74.16,3.714,112921.21
2022-04-17,FIELD-001,4117.4,3620.2,74.7,3.731,321076.75
2022-04-17,FIELD-002,1673.4,1674.3,75.57,3.794,132811.13
2022-04-17,FIELD-003,440.9,653.6,71.29,3.744,33878.84
2022-04-17,FIELD-004,1398.9,1783.3,75.26,3.744,111957.89
2022-04-18,FIELD-001,4255.8,3610.1,74.0,3.785,328593.43
2022-04-18,FIELD-002,1938.6,1796.7,75.3,3.709,152640.54
2022-04-18,FIELD-003,349.6,529.2,71.74,3.731,27054.75
2022-04-18,FIELD-004,1443.1,1846.7,74.87,3.686,114851.83
2022-04-19,FIELD-001,4249.1,3853.3,74.06,3.748,329130.51
2022-04-19,FIELD-002,2686.2,2287.1,75.05,3.696,210052.43
2022-04-19,FIELD-003,435.1,636.9,71.86,3.793,33682.05
2022-04-19,FIELD-004,1423.0,1922.6,74.24,3.732,112818.66
2022-04-20,FIELD-001,4229.9,3635.2,74.13,3.748,327187.22
2022-04-20,FIELD-002,2816.7,2281.7,74.69,3.738,218908.32
2022-04-20,FIELD-003,453.6,665.5,71.4,3.81,34922.6
2022-04-20,FIELD-004,1416.9,1854.9,74.97,3.852,113370.07
2022-04-21,FIELD-001,4113.4,3582.6,72.92,3.781,313494.94
2022-04-21,FIELD-002,2789.3,2316.3,75.16,3.706,218228.0
2022-04-21,FIELD-003,441.1,636.5,72.86,3.771,34538.79
2022-04-21,FIELD-004,1410.0,1801.9,74.08,3.757,111222.54
2022-04-22,FIELD-001,4133.4,3613.6,74.52,3.793,321727.35
2022-04-22,FIELD-002,2838.9,2326.6,75.75,3.733,223731.87
2022-04-22,FIELD-003,447.4,655.6,71.52,3.698,34422.46
2022-04-22,FIELD-004,1395.1,1885.0,74.93,3.801,111699.73
2022-04-23,FIELD-001,4111.8,3640.0,75.14,3.675,322337.65
2022-04-23,FIELD-002,1510.9,1276.9,75.4,3.707,118655.33
2022-04-23,FIELD-003,447.8,658.5,72.72,3.731,35020.88
2022-04-23,FIELD-004,1375.9,1783.0,73.87,3.782,108381.04
2022-04-24,FIELD-001,4229.0,3564.8,73.9,3.749,325887.54
2022-04-24,FIELD-002,2784.2,2382.8,74.45,3.808,216357.39
2022-04-24,FIELD-003,432.3,625.2,71.93,3.732,33428.59
2022-04-24,FIELD-004,1423.8,1878.7,75.61,3.673,114553.98
2022-04-25,FIELD-001,3756.4,3506.5,73.92,3.734,290766.36
2022-04-25,FIELD-002,2765.5,2422.2,76.12,3.764,219627.02
2022-04-25,FIELD-003,448.3,631.2,71.88,3.814,34631.2
2022-04-25,FIELD-004,1439.0,1875.3,74.58,3.776,114401.75
2022-04-26,FIELD-001,3137.3,2709.6,74.15,3.818,242976.05
2022-04-26,FIELD-002,2741.6,2214.3,75.46,3.739,215160.4
2022-04-26,FIELD-003,254.2,337.0,71.45,3.628,19385.23
2022-04-26,FIELD-004,1329.2,1779.2,74.86,3.728,106136.77
2022-04-27,FIELD-001,4154.6,3642.1,73.98,3.71,320869.5
2022-04-27,FIELD-002,2882.2,2525.6,74.97,3.686,225387.9
2022-04-27,FIELD-003,348.2,484.4,69.68,3.698,26053.89
2022-04-27,FIELD-004,1379.4,1789.1,73.74,3.811,108535.22
2022-04-28,FIELD-001,4154.3,3696.8,74.3,3.75,322527.49
2022-04-28,FIELD-002,2820.4,2369.1,75.4,3.692,221404.88
2022-04-28,FIELD-003,433.9,618.3,71.39,3.763,33302.78
2022-04-28,FIELD-004,1280.6,1710.6,74.79,3.727,102151.48
2022-04-29,FIELD-001,4186.6,3689.9,73.52,3.757,321661.79
2022-04-29,FIELD-002,2808.1,2336.9,75.51,3.67,220616.05
2022-04-29,FIELD-003,449.0,667.9,71.55,3.743,34625.9
2022-04-29,FIELD-004,1424.8,1900.1,75.71,3.802,115095.79
2022-04-30,FIELD-001,4200.0,3681.7,74.42,3.764,326421.92
2022-04-30,FIELD-002,2745.3,2310.1,76.15,3.675,217544.21
2022-04-30,FIELD-003,392.7,581.2,71.08,3.761,30099.01
2022-04-30,FIELD-004,1389.7,1752.5,74.78,3.76,110511.17
2022-05-01,FIELD-001,4175.6,3543.4,80.68,2.645,346259.7
2022-05-01,FIELD-002,2811.3,2311.5,80.32,2.68,231998.44
2022-05-01,FIELD-003,438.8,639.3,77.96,2.665,35912.58
2022-05-01,FIELD-004,1419.0,1842.1,82.18,2.628,121454.46
2022-05-02,FIELD-001,4144.0,3547.5,80.16,2.666,341640.68
2022-05-02,FIELD-002,2818.7,2302.3,81.33,2.639,235320.64
2022-05-02,FIELD-003,452.1,678.2,76.32,2.664,36311.0
2022-05-02,FIELD-004,1408.2,1773.9,79.92,2.666,117272.56
2022-05-03,FIELD-001,4113.8,3567.6,79.13,2.744,335314.49
2022-05-03,FIELD-002,1790.1,1706.8,82.05,2.664,151424.62
2022-05-03,FIELD-003,456.0,647.6,78.63,2.701,37604.45
2022-05-03,FIELD-004,1233.7,1594.0,81.11,2.682,104340.52
2022-05-04,FIELD-001,4144.5,3722.0,80.32,2.642,342719.76
2022-05-04,FIELD-002,2545.7,2123.5,82.03,2.669,214491.39
2022-05-04,FIELD-003,427.8,619.3,78.42,2.644,35185.51
2022-05-04,FIELD-004,1418.4,1811.8,80.53,2.639,119005.09
2022-05-05,FIELD-001,3948.1,3472.4,79.69,2.621,323725.25
2022-05-05,FIELD-002,2775.4,2297.1,83.08,2.707,236798.48
2022-05-05,FIELD-003,397.3,583.0,78.32,2.659,32666.73
2022-05-05,FIELD-004,1390.8,1793.3,80.64,2.577,116775.45
2022-05-06,FIELD-001,4211.9,3631.5,79.89,2.661,346152.11
2022-05-06,FIELD-002,2698.8,2273.6,81.57,2.688,226252.55
2022-05-06,FIELD-003,405.1,587.4,77.38,2.671,32915.58
2022-05-06,FIELD-004,1390.8,1818.0,79.85,2.666,115902.17
2022-05-07,FIELD-001,4204.6,3624.3,79.92,2.579,345378.7
2022-05-07,FIELD-002,3334.1,2696.1,81.41,2.659,278598.01
2022-05-07,FIELD-003,445.0,640.9,77.65,2.692,36279.55
2022-05-07,FIELD-004,1433.5,1833.1,79.21,2.642,118390.59
2022-05-08,FIELD-001,1894.7,1706.2,79.54,2.643,155213.92
2022-05-08,FIELD-002,3382.5,2859.5,81.87,2.696,284634.49
2022-05-08,FIELD-003,435.3,645.3,77.89,2.676,35632.34
2022-05-08,FIELD-004,1427.4,1819.7,80.15,2.684,119290.18
2022-05-09,FIELD-001,4043.9,3456.8,80.53,2.666,334871.1
2022-05-09,FIELD-002,3403.7,2768.2,81.76,2.67,285677.61
2022-05-09,FIELD-003,409.9,599.4,77.26,2.673,33271.07
2022-05-09,FIELD-004,1411.2,1820.6,81.32,2.689,119654.38
2022-05-10,FIELD-001,4137.0,3611.1,79.76,2.663,339583.48
2022-05-10,FIELD-002,3483.5,2817.4,81.84,2.611,292445.87
2022-05-10,FIELD-003,341.6,513.1,78.42,2.662,28154.14
2022-05-10,FIELD-004,1390.1,1858.5,81.08,2.668,117667.79
2022-05-11,FIELD-001,3198.8,2897.4,79.47,2.654,261898.34
2022-05-11,FIELD-002,3370.5,2730.2,81.38,2.651,281529.05
2022-05-11,FIELD-003,439.4,641.9,77.68,2.703,35867.65
2022-05-11,FIELD-004,279.2,366.9,80.38,2.701,23433.09
2022-05-12,FIELD-001,4070.6,3620.7,80.42,2.653,336963.37
2022-05-12,FIELD-002,3375.9,2709.9,82.41,2.639,285359.35
2022-05-12,FIELD-003,442.8,676.7,76.81,2.657,35809.46
2022-05-12,FIELD-004,1208.9,1634.9,80.29,2.658,101408.15
2022-05-13,FIELD-001,1620.6,1437.7,81.62,2.617,136035.83
2022-05-13,FIELD-002,3347.1,2773.6,80.98,2.652,278403.75
2022-05-13,FIELD-003,253.8,371.1,77.98,2.626,20765.83
2022-05-13,FIELD-004,1416.1,1810.2,78.97,2.637,116602.91
2022-05-14,FIELD-001,4204.6,3623.1,80.06,2.65,346221.49
2022-05-14,FIELD-002,3399.2,2838.4,81.36,2.644,284063.64
2022-05-14,FIELD-003,440.9,618.3,78.39,2.614,36178.39
2022-05-14,FIELD-004,1426.4,1855.3,79.76,2.673,118728.88
2022-05-15,FIELD-001,4174.2,3580.4,81.44,2.628,349356.14
2022-05-15,FIELD-002,3363.8,2792.3,80.7,2.673,278922.48
2022-05-15,FIELD-003,443.7,634.2,77.22,2.65,35943.14
2022-05-15,FIELD-004,1392.7,1749.7,80.84,2.684,117282.06
2022-05-16,FIELD-001,4226.1,3736.7,79.51,2.675,346012.88
2022-05-16,FIELD-002,3420.4,2772.5,80.67,2.673,283334.56
2022-05-16,FIELD-003,382.3,590.8,77.09,2.651,31037.72
2022-05-16,FIELD-004,1417.1,1822.9,81.33,2.677,120132.65
2022-05-17,FIELD-001,4132.2,3714.5,80.09,2.66,340828.47
2022-05-17,FIELD-002,3398.1,2749.0,81.48,2.679,284241.76
2022-05-17,FIELD-003,376.4,574.9,78.76,2.689,31191.17
2022-05-17,FIELD-004,1422.0,1848.7,80.16,2.678,118938.34
2022-05-18,FIELD-001,3794.1,3253.4,80.86,2.603,315259.53
2022-05-18,FIELD-002,3266.5,2764.2,81.47,2.67,273502.17
2022-05-18,FIELD-003,445.6,637.8,77.76,2.667,36350.87
2022-05-18,FIELD-004,1375.7,1806.5,80.94,2.681,116192.38
2022-05-19,FIELD-001,4182.1,3673.7,79.76,2.651,343303.27
2022-05-19,FIELD-002,3339.6,2758.9,80.89,2.662,277484.44
2022-05-19,FIELD-003,429.5,608.1,78.88,2.638,35483.13
2022-05-19,FIELD-004,561.7,735.3,80.85,2.665,47373.02
2022-05-20,FIELD-001,4015.4,3540.5,79.6,2.633,328947.98
2022-05-20,FIELD-002,3364.6,2693.0,82.15,2.691,283648.75
2022-05-20,FIELD-003,426.7,637.6,77.94,2.681,34966.4
2022-05-20,FIELD-004,1057.2,1420.4,79.91,2.67,88273.32
2022-05-21,FIELD-001,4113.8,3600.2,80.19,2.675,339516.16
2022-05-21,FIELD-002,3364.1,2714.5,81.91,2.676,282817.43
2022-05-21,FIELD-003,440.8,650.5,77.15,2.635,35721.79
2022-05-21,FIELD-004,1348.1,1832.7,80.29,2.641,113079.11
2022-05-22,FIELD-001,4134.3,3609.1,79.67,2.636,338893.27
2022-05-22,FIELD-002,3373.0,2713.8,81.01,2.597,280294.47
2022-05-22,FIELD-003,439.2,644.2,76.6,2.649,35349.21
2022-05-22,FIELD-004,1407.5,1867.5,80.49,2.676,118287.1
2022-05-23,FIELD-001,4167.0,3626.6,79.51,2.721,341186.15
2022-05-23,FIELD-002,3319.1,2726.9,81.46,2.694,277720.15
2022-05-23,FIELD-003,437.6,647.8,77.08,2.644,35442.99
2022-05-23,FIELD-004,1416.5,1874.4,80.35,2.638,118760.44
2022-05-24,FIELD-001,3922.7,3433.5,80.03,2.632,322970.65
2022-05-24,FIELD-002,3076.3,2550.2,82.19,2.647,259591.48
2022-05-24,FIELD-003,422.9,606.6,77.61,2.683,34448.78
2022-05-24,FIELD-004,1435.1,1784.7,79.76,2.647,119187.68
2022-05-25,FIELD-001,4225.0,3657.8,80.69,2.665,350663.29
2022-05-25,FIELD-002,3131.3,2688.2,82.26,2.66,264731.35
2022-05-25,FIELD-003,409.7,592.6,76.6,2.679,32970.6
2022-05-25,FIELD-004,661.0,849.7,80.38,2.662,55393.08
2022-05-26,FIELD-001,4058.8,3732.7,81.75,2.635,341642.56
2022-05-26,FIELD-002,3379.4,2731.2,81.86,2.688,283979.15
2022-05-26,FIELD-003,429.0,622.0,77.36,2.624,34819.57
2022-05-26,FIELD-004,1406.9,1820.6,80.87,2.636,118575.1
2022-05-27,FIELD-001,4200.9,3620.9,80.63,2.628,348234.29
2022-05-27,FIELD-002,3385.2,2672.2,81.29,2.67,282317.68
2022-05-27,FIELD-003,395.6,569.1,77.89,2.673,32334.49
2022-05-27,FIELD-004,1421.2,1855.2,81.06,2.652,120122.46
2022-05-28,FIELD-001,3685.3,3110.5,80.78,2.641,305913.36
2022-05-28,FIELD-002,3419.8,2725.6,81.53,2.666,286082.74
2022-05-28,FIELD-003,426.3,612.8,78.36,2.698,35058.2
2022-05-28,FIELD-004,1343.4,1754.0,80.42,2.678,112733.44
2022-05-29,FIELD-001,4148.6,3617.7,79.8,2.69,340789.89
2022-05-29,FIELD-002,3354.2,2809.4,82.73,2.65,284937.88
2022-05-29,FIELD-003,432.6,678.6,77.33,2.615,35227.5
2022-05-29,FIELD-004,1276.1,1667.9,81.6,2.722,108669.78
2022-05-30,FIELD-001,4128.4,3695.0,80.12,2.67,340633.06
2022-05-30,FIELD-002,837.6,688.8,81.4,2.664,70015.6
2022-05-30,FIELD-003,431.9,613.6,78.29,2.68,35457.9
2022-05-30,FIELD-004,1396.1,1772.5,79.49,2.692,115747.56
2022-05-31,FIELD-001,4383.6,3634.8,80.17,2.64,361029.08
2022-05-31,FIELD-002,3333.3,2662.6,80.22,2.662,274485.17
2022-05-31,FIELD-003,445.4,648.6,78.61,2.637,36723.25
2022-05-31,FIELD-004,1022.3,1356.7,79.5,2.667,84891.17
2022-06-01,FIELD-001,4129.6,3581.8,72.93,3.286,312941.52
2022-06-01,FIELD-002,3223.0,2736.2,74.16,3.236,247872.02
2022-06-01,FIELD-003,390.7,561.9,70.49,3.17,29321.67
2022-06-01,FIELD-004,1406.7,1843.1,72.82,3.181,108298.8
2022-06-02,FIELD-001,3282.3,2863.1,72.24,3.207,246295.31
2022-06-02,FIELD-002,3318.7,2798.8,74.06,3.249,254876.22
2022-06-02,FIELD-003,443.8,655.4,70.81,3.239,33548.32
2022-06-02,FIELD-004,1414.8,1899.2,72.94,3.199,109271.05
2022-06-03,FIELD-001,4301.8,3669.2,73.4,3.237,327629.32
2022-06-03,FIELD-002,1399.8,1179.6,74.91,3.156,108581.84
2022-06-03,FIELD-003,430.5,615.2,70.61,3.112,32312.11
2022-06-03,FIELD-004,1396.4,1742.5,73.37,3.214,108054.26
2022-06-04,FIELD-001,3966.9,3614.2,73.03,3.125,300997.08
2022-06-04,FIELD-002,3395.3,2735.7,73.79,3.268,259479.45
2022-06-04,FIELD-003,441.5,653.7,70.28,3.162,33095.62
2022-06-04,FIELD-004,1390.8,1839.5,72.54,3.2,106775.03
2022-06-05,FIELD-001,4132.3,3583.6,72.78,3.2,312216.31
2022-06-05,FIELD-002,3294.7,2696.1,74.21,3.185,253086.77
2022-06-05,FIELD-003,443.7,626.5,71.01,3.224,33526.97
2022-06-05,FIELD-004,1103.6,1418.3,73.08,3.196,85183.97
2022-06-06,FIELD-001,3825.9,3415.6,72.51,3.22,288414.24
2022-06-06,FIELD-002,2200.9,1976.4,73.39,3.201,167850.51
2022-06-06,FIELD-003,167.7,247.8,70.13,3.226,12560.2
2022-06-06,FIELD-004,1378.7,1782.2,72.65,3.225,105910.15
2022-06-07,FIELD-001,4066.2,3656.3,73.88,3.208,312140.27
2022-06-07,FIELD-002,1506.7,1435.5,74.95,3.239,117576.75
2022-06-07,FIELD-003,257.5,383.1,71.01,3.202,19511.76
2022-06-07,FIELD-004,1294.3,1743.7,73.74,3.189,101002.34
2022-06-08,FIELD-001,3080.0,2669.3,73.38,3.14,234392.0
2022-06-08,FIELD-002,3271.0,2727.6,74.52,3.207,252502.33
2022-06-08,FIELD-003,442.5,663.7,69.56,3.194,32900.16
2022-06-08,FIELD-004,1398.0,1882.2,72.37,3.238,107267.82
2022-06-09,FIELD-001,4017.4,3559.8,73.07,3.241,305088.73
2022-06-09,FIELD-002,3233.1,2685.8,74.28,3.216,248792.2
2022-06-09,FIELD-003,444.9,642.6,71.72,3.214,33973.54
2022-06-09,FIELD-004,1380.4,1805.9,74.05,3.205,108006.53
2022-06-10,FIELD-001,2685.8,2649.4,72.37,3.202,202854.72
2022-06-10,FIELD-002,3297.2,2707.0,73.75,3.234,251922.94
2022-06-10,FIELD-003,430.4,630.5,70.82,3.151,32467.63
2022-06-10,FIELD-004,1388.6,1789.5,72.83,3.213,106881.4
2022-06-11,FIELD-001,4225.4,3586.4,73.44,3.231,321901.03
2022-06-11,FIELD-002,3272.8,2677.9,74.51,3.138,252259.58
2022-06-11,FIELD-003,434.9,638.9,70.32,3.283,32679.68
2022-06-11,FIELD-004,1311.1,1736.0,72.41,3.197,100486.74
2022-06-12,FIELD-001,3694.2,3267.8,73.06,3.149,280188.55
2022-06-12,FIELD-002,3213.5,2638.5,75.87,3.177,252190.76
2022-06-12,FIELD-003,343.7,488.8,69.81,3.186,25551.01
2022-06-12,FIELD-004,1272.8,1656.4,73.53,3.218,98919.28
2022-06-13,FIELD-001,4039.0,3518.6,73.91,3.211,309820.71
2022-06-13,FIELD-002,3175.6,2686.7,73.86,3.136,242975.31
2022-06-13,FIELD-003,435.2,617.3,70.75,3.162,32742.3
2022-06-13,FIELD-004,1354.4,1755.8,73.52,3.205,105202.83
2022-06-14,FIELD-001,4116.1,3659.2,72.64,3.189,310662.69
2022-06-14,FIELD-002,3219.9,2647.3,73.9,3.193,246403.44
2022-06-14,FIELD-003,434.3,640.3,71.04,3.162,32877.3
2022-06-14,FIELD-004,1388.3,1773.6,73.92,3.235,108360.73
2022-06-15,FIELD-001,4146.6,3637.0,73.23,3.243,315450.31
2022-06-15,FIELD-002,3226.6,2629.2,73.64,3.185,245980.83
2022-06-15,FIELD-003,429.3,629.0,70.67,3.225,32367.16
2022-06-15,FIELD-004,945.0,1248.6,72.65,3.241,72700.96
2022-06-16,FIELD-001,2428.8,2092.1,73.48,3.17,185100.18
2022-06-16,FIELD-002,3349.4,2779.3,73.47,3.153,254843.55
2022-06-16,FIELD-003,447.4,660.2,69.6,3.204,33254.32
2022-06-16,FIELD-004,1371.7,1794.9,72.73,3.173,105458.96
2022-06-17,FIELD-001,3852.0,3359.9,73.71,3.211,294719.56
2022-06-17,FIELD-002,3212.6,2619.2,74.92,3.176,249006.57
2022-06-17,FIELD-003,424.1,663.4,69.89,3.182,31751.29
2022-06-17,FIELD-004,1384.7,1829.1,73.9,3.22,108219.03
2022-06-18,FIELD-001,4118.9,3619.1,73.0,3.24,312405.58
2022-06-18,FIELD-002,3255.0,2699.6,74.87,3.198,252335.17
2022-06-18,FIELD-003,448.8,678.3,70.56,3.159,33810.08
2022-06-18,FIELD-004,1377.4,1712.6,73.69,3.179,106944.96
2022-06-19,FIELD-001,4032.4,3475.8,73.23,3.184,306359.6
2022-06-19,FIELD-002,2562.4,2043.7,74.16,3.184,196534.72
2022-06-19,FIELD-003,432.6,632.3,70.51,3.215,32535.47
2022-06-19,FIELD-004,1266.4,1719.3,73.57,3.249,98755.05
2022-06-20,FIELD-001,4087.5,3550.7,73.46,3.243,311782.67
2022-06-20,FIELD-002,3234.9,2625.3,75.08,3.153,251153.86
2022-06-20,FIELD-003,431.5,637.4,71.11,3.199,32723.01
2022-06-20,FIELD-004,1392.7,1792.9,73.17,3.182,107608.87
2022-06-21,FIELD-001,4153.8,3570.1,73.19,3.199,315437.37
2022-06-21,FIELD-002,1304.5,1025.6,74.62,3.215,100639.09
2022-06-21,FIELD-003,980.7,1345.3,72.42,3.239,75379.72
2022-06-21,FIELD-004,1369.3,1833.5,73.76,3.208,106881.44
2022-06-22,FIELD-001,4124.6,3451.8,72.39,3.15,309452.96
2022-06-22,FIELD-002,2429.1,1878.2,74.03,3.212,185859.05
2022-06-22,FIELD-003,996.9,1399.6,69.51,3.18,73745.25
2022-06-22,FIELD-004,1349.8,1717.4,74.06,3.217,105491.06
2022-06-23,FIELD-001,4274.9,3617.5,73.08,3.203,323996.54
2022-06-23,FIELD-002,3190.7,2684.3,74.73,3.16,246923.4
2022-06-23,FIELD-003,1000.3,1442.7,70.32,3.18,74928.88
2022-06-23,FIELD-004,1313.4,1670.9,73.08,3.188,101310.1
2022-06-24,FIELD-001,4138.3,3512.6,72.87,3.136,312573.43
2022-06-24,FIELD-002,3289.5,2800.9,74.65,3.213,254560.47
2022-06-24,FIELD-003,997.3,1424.2,69.96,3.252,74402.61
2022-06-24,FIELD-004,1336.6,1787.7,74.22,3.172,104873.04
2022-06-25,FIELD-001,4072.1,3593.8,72.47,3.143,306400.4
2022-06-25,FIELD-002,3158.5,2546.9,73.56,3.185,240451.14
2022-06-25,FIELD-003,1037.5,1533.5,70.77,3.244,78398.55
2022-06-25,FIELD-004,1082.4,1406.3,72.9,3.178,83376.18
2022-06-26,FIELD-001,4100.8,3462.8,74.54,3.24,316893.1
2022-06-26,FIELD-002,646.3,535.2,74.66,3.2,49965.4
2022-06-26,FIELD-003,958.8,1351.9,70.76,3.18,72143.73
2022-06-26,FIELD-004,1381.8,1903.1,73.14,3.233,107217.57
2022-06-27,FIELD-001,3988.8,3486.6,72.57,3.203,300634.8
2022-06-27,FIELD-002,3118.0,2599.7,75.01,3.132,242023.44
2022-06-27,FIELD-003,697.0,993.4,70.28,3.243,52206.76
2022-06-27,FIELD-004,1379.2,1808.6,73.9,3.165,107647.1
2022-06-28,FIELD-001,2903.1,2562.2,73.05,3.195,220257.68
2022-06-28,FIELD-002,3298.8,2602.0,74.03,3.186,252500.14
2022-06-28,FIELD-003,944.7,1389.0,70.73,3.151,71195.37
2022-06-28,FIELD-004,1356.7,1802.5,72.7,3.216,104428.93
2022-06-29,FIELD-001,3958.4,3478.7,72.36,3.191,297530.36
2022-06-29,FIELD-002,3138.1,2661.7,74.19,3.196,241322.43
2022-06-29,FIELD-003,981.3,1394.5,71.12,3.224,74285.92
2022-06-29,FIELD-004,1400.1,1753.1,74.18,3.243,109544.72
2022-06-30,FIELD-001,3997.1,3554.8,72.64,3.26,301937.99
2022-06-30,FIELD-002,3368.4,2736.6,74.81,3.214,260785.44
2022-06-30,FIELD-003,1018.8,1457.8,70.91,3.181,76880.37
2022-06-30,FIELD-004,1406.8,1801.3,73.09,3.193,108574.56
2022-07-01,FIELD-001,3990.9,3533.6,82.57,3.722,342680.67
2022-07-01,FIELD-002,3143.8,2618.9,83.43,3.772,272165.72
2022-07-01,FIELD-003,979.7,1382.3,80.13,3.732,83662.1
2022-07-01,FIELD-004,1376.7,1837.6,81.64,3.74,119266.41
2022-07-02,FIELD-001,4022.7,3635.1,82.64,3.698,345878.53
2022-07-02,FIELD-002,3261.2,2642.3,84.16,3.748,284365.93
2022-07-02,FIELD-003,983.6,1408.3,79.47,3.73,83419.65
2022-07-02,FIELD-004,1134.9,1613.2,82.0,3.757,99122.59
2022-07-03,FIELD-001,4052.8,3547.9,82.92,3.73,349291.84
2022-07-03,FIELD-002,3288.8,2766.3,83.05,3.69,283342.49
2022-07-03,FIELD-003,962.5,1311.8,79.15,3.729,81073.58
2022-07-03,FIELD-004,1158.0,1508.0,82.05,3.666,100542.23
2022-07-04,FIELD-001,4085.7,3656.6,81.96,3.693,348367.8
2022-07-04,FIELD-002,2079.7,1917.0,82.74,3.695,179157.69
2022-07-04,FIELD-003,848.1,1243.9,78.99,3.679,71567.73
2022-07-04,FIELD-004,1386.9,1828.4,81.87,3.736,120376.41
2022-07-05,FIELD-001,3721.1,3384.4,82.23,3.791,318816.31
2022-07-05,FIELD-002,3144.9,2686.1,83.8,3.705,273494.62
2022-07-05,FIELD-003,1018.3,1423.6,79.71,3.691,86423.2
2022-07-05,FIELD-004,1380.0,1786.5,81.78,3.738,119534.34
2022-07-06,FIELD-001,4131.1,3679.4,81.91,3.775,352268.14
2022-07-06,FIELD-002,3186.5,2604.1,83.55,3.693,275849.02
2022-07-06,FIELD-003,597.9,810.8,78.51,3.7,49941.09
2022-07-06,FIELD-004,1383.5,1829.2,82.92,3.644,121385.42
2022-07-07,FIELD-001,4389.1,4111.1,82.85,3.688,378798.67
2022-07-07,FIELD-002,1822.8,1452.2,83.42,3.716,157454.35
2022-07-07,FIELD-003,986.9,1399.3,79.4,3.722,83568.05
2022-07-07,FIELD-004,1342.0,1673.0,81.57,3.67,115606.85
2022-07-08,FIELD-001,4665.4,4267.4,81.49,3.69,395930.15
2022-07-08,FIELD-002,3115.7,2557.8,82.6,3.682,266774.64
2022-07-08,FIELD-003,1016.0,1500.2,80.64,3.661,87422.47
2022-07-08,FIELD-004,1352.8,1749.7,83.42,3.738,119390.95
2022-07-09,FIELD-001,4515.5,4172.6,81.22,3.647,381966.38
2022-07-09,FIELD-002,2845.7,2258.5,83.33,3.735,245567.68
2022-07-09,FIELD-003,963.5,1344.5,79.3,3.724,81412.47
2022-07-09,FIELD-004,1304.0,1711.5,82.5,3.707,113924.53
2022-07-10,FIELD-001,4472.8,4259.8,81.1,3.736,378658.69
2022-07-10,FIELD-002,3121.1,2597.9,81.95,3.716,265427.94
2022-07-10,FIELD-003,994.8,1363.4,80.08,3.721,84736.8
2022-07-10,FIELD-004,1167.0,1501.3,82.45,3.803,101928.59
2022-07-11,FIELD-001,4765.4,4438.9,82.59,3.7,409998.32
2022-07-11,FIELD-002,3136.4,2552.4,83.75,3.719,272165.88
2022-07-11,FIELD-003,974.3,1396.8,79.6,3.74,82778.31
2022-07-11,FIELD-004,1320.4,1747.6,82.47,3.828,115583.2
2022-07-12,FIELD-001,4556.1,4160.5,81.24,3.831,386076.44
2022-07-12,FIELD-002,3236.2,2699.7,82.6,3.725,277366.5
2022-07-12,FIELD-003,944.5,1326.0,79.41,3.69,79895.68
2022-07-12,FIELD-004,1315.6,1741.3,82.08,3.754,114521.29
2022-07-13,FIELD-001,3954.5,3478.3,81.89,3.728,336801.11
2022-07-13,FIELD-002,3102.4,2627.1,83.35,3.706,268321.07
2022-07-13,FIELD-003,805.7,1164.8,78.52,3.688,67559.35
2022-07-13,FIELD-004,1341.6,1779.8,81.07,3.753,115443.1
2022-07-14,FIELD-001,4563.8,4256.2,81.58,3.742,388241.5
2022-07-14,FIELD-002,3209.5,2629.6,83.34,3.754,277351.25
2022-07-14,FIELD-003,992.6,1423.9,79.43,3.689,84094.99
2022-07-14,FIELD-004,1378.5,1841.5,81.48,3.715,119161.35
2022-07-15,FIELD-001,4518.6,4089.0,81.58,3.695,383736.24
2022-07-15,FIELD-002,3183.5,2676.6,82.39,3.722,272250.87
2022-07-15,FIELD-003,980.7,1381.3,78.66,3.713,82270.63
2022-07-15,FIELD-004,1373.5,1815.7,82.02,3.723,119414.32
2022-07-16,FIELD-001,4518.8,4183.3,82.82,3.671,389603.91
2022-07-16,FIELD-002,1603.3,1305.7,82.67,3.809,137518.22
2022-07-16,FIELD-003,955.1,1420.5,79.57,3.644,81173.61
2022-07-16,FIELD-004,1025.0,1498.7,81.45,3.721,89062.91
2022-07-17,FIELD-001,2744.5,2539.8,82.03,3.733,234612.41
2022-07-17,FIELD-002,1438.2,1147.6,83.02,3.693,123637.45
2022-07-17,FIELD-003,959.9,1322.1,80.89,3.736,82585.68
2022-07-17,FIELD-004,1229.2,1587.9,81.67,3.7,106263.99
2022-07-18,FIELD-001,4542.4,4196.1,81.83,3.754,387456.75
2022-07-18,FIELD-002,1588.4,1270.7,82.43,3.738,135681.69
2022-07-18,FIELD-003,929.0,1444.8,79.02,3.743,78817.47
2022-07-18,FIELD-004,1002.2,1289.0,82.97,3.727,87956.64
2022-07-19,FIELD-001,4484.6,4261.8,82.06,3.783,384128.67
2022-07-19,FIELD-002,1542.9,1274.3,82.74,3.684,132354.07
2022-07-19,FIELD-003,1007.8,1457.1,79.93,3.675,85908.3
2022-07-19,FIELD-004,1365.5,1765.6,82.13,3.718,118713.02
2022-07-20,FIELD-001,4706.1,4456.4,82.13,3.718,403080.89
2022-07-20,FIELD-002,1587.0,1305.9,82.73,3.748,136187.02
2022-07-20,FIELD-003,991.9,1415.9,80.63,3.684,85193.07
2022-07-20,FIELD-004,1336.5,1726.9,81.53,3.728,115402.73
2022-07-21,FIELD-001,4573.7,4155.4,82.34,3.687,391919.42
2022-07-21,FIELD-002,1305.3,1127.8,83.41,3.769,113125.75
2022-07-21,FIELD-003,977.4,1385.5,80.52,3.678,83796.12
2022-07-21,FIELD-004,1363.2,1808.2,82.39,3.69,118986.31
2022-07-22,FIELD-001,4471.8,4241.1,82.36,3.791,384375.46
2022-07-22,FIELD-002,1663.6,1345.1,81.7,3.699,140891.64
2022-07-22,FIELD-003,939.5,1292.6,78.42,3.643,78384.53
2022-07-22,FIELD-004,1296.0,1759.7,82.79,3.726,113852.48
2022-07-23,FIELD-001,3538.0,3274.8,81.5,3.736,300581.65
2022-07-23,FIELD-002,3163.6,2633.1,83.03,3.719,272466.21
2022-07-23,FIELD-003,377.1,509.4,79.31,3.725,31805.32
2022-07-23,FIELD-004,1325.6,1787.7,82.94,3.704,116566.9
2022-07-24,FIELD-001,4445.1,4316.7,81.4,3.707,377833.15
2022-07-24,FIELD-002,3071.4,2553.3,82.86,3.661,263843.84
2022-07-24,FIELD-003,570.4,814.3,79.12,3.713,48153.54
2022-07-24,FIELD-004,1361.7,1783.0,82.05,3.725,118369.16
2022-07-25,FIELD-001,4447.0,4139.1,81.99,3.818,380412.61
2022-07-25,FIELD-002,3208.3,2659.1,83.52,3.727,277867.68
2022-07-25,FIELD-003,942.5,1396.2,78.84,3.724,79506.15
2022-07-25,FIELD-004,1375.2,1777.3,83.18,3.747,121048.68
2022-07-26,FIELD-001,4513.2,4131.1,80.94,3.74,380748.72
2022-07-26,FIELD-002,3025.3,2512.1,83.65,3.68,262310.87
2022-07-26,FIELD-003,968.7,1300.0,79.88,3.683,82167.66
2022-07-26,FIELD-004,1360.6,1767.2,82.03,3.652,118063.83
2022-07-27,FIELD-001,4356.4,4198.4,81.92,3.704,372427.16
2022-07-27,FIELD-002,3131.3,2630.7,82.21,3.756,267305.08
2022-07-27,FIELD-003,989.9,1463.5,79.24,3.729,83897.07
2022-07-27,FIELD-004,1368.5,1817.3,81.23,3.778,118029.01
2022-07-28,FIELD-001,4372.5,4215.5,81.77,3.67,373010.21
2022-07-28,FIELD-002,2143.2,1844.9,82.83,3.677,184304.95
2022-07-28,FIELD-003,951.9,1392.8,77.81,3.719,79247.16
2022-07-28,FIELD-004,1361.0,1738.7,82.26,3.703,118394.27
2022-07-29,FIELD-001,4495.0,4220.3,82.01,3.677,384152.99
2022-07-29,FIELD-002,3088.7,2548.3,83.05,3.707,265963.08
2022-07-29,FIELD-003,1009.5,1471.4,80.41,3.702,86621.02
2022-07-29,FIELD-004,1345.2,1767.6,81.81,3.691,116575.02
2022-07-30,FIELD-001,4468.1,4193.7,82.05,3.716,382191.39
2022-07-30,FIELD-002,3151.7,2651.1,82.73,3.734,270639.35
2022-07-30,FIELD-003,983.1,1403.4,79.24,3.73,83135.53
2022-07-30,FIELD-004,1384.0,1911.3,81.63,3.745,120133.74
2022-07-31,FIELD-001,4596.6,4202.0,82.93,3.688,396693.01
2022-07-31,FIELD-002,3075.4,2571.2,82.61,3.682,263525.95
2022-07-31,FIELD-003,949.5,1404.4,79.98,3.637,81048.81
2022-07-31,FIELD-004,1432.2,1939.6,82.2,3.689,124882.02
2022-08-01,FIELD-001,4558.8,4112.2,74.39,3.901,355170.82
2022-08-01,FIELD-002,3011.4,2641.7,74.94,3.845,235831.65
2022-08-01,FIELD-003,961.5,1424.3,71.47,3.944,74335.84
2022-08-01,FIELD-004,1352.9,1757.7,74.74,3.892,107956.71
2022-08-02,FIELD-001,4571.4,4242.1,74.69,3.893,357952.36
2022-08-02,FIELD-002,2263.9,1880.7,76.48,3.794,180278.45
2022-08-02,FIELD-003,908.7,1270.3,72.72,3.892,71024.67
2022-08-02,FIELD-004,1375.2,1825.9,73.54,3.858,108176.53
2022-08-03,FIELD-001,3633.5,3669.1,73.96,3.865,282914.73
2022-08-03,FIELD-002,3002.0,2500.3,75.46,3.902,236287.09
2022-08-03,FIELD-003,873.6,1271.3,72.17,3.957,68078.25
2022-08-03,FIELD-004,1361.5,1806.0,74.24,3.864,108056.14
2022-08-04,FIELD-001,4510.5,4129.2,75.21,3.858,355165.16
2022-08-04,FIELD-002,3111.7,2545.5,76.01,3.862,246351.04
2022-08-04,FIELD-003,861.3,1235.7,72.08,3.891,66890.61
2022-08-04,FIELD-004,1358.7,1791.6,74.43,3.936,108179.78
2022-08-05,FIELD-001,4467.9,4335.1,75.15,3.923,352769.28
2022-08-05,FIELD-002,3112.0,2575.7,75.74,3.819,245539.48
2022-08-05,FIELD-003,953.9,1376.7,71.76,3.867,73775.56
2022-08-05,FIELD-004,1356.6,1789.6,75.6,3.823,109400.6
2022-08-06,FIELD-001,4407.7,4180.9,75.46,3.861,348747.5
2022-08-06,FIELD-002,2990.8,2442.7,75.56,3.815,235303.75
2022-08-06,FIELD-003,900.7,1267.6,72.27,3.948,70098.07
2022-08-06,FIELD-004,1191.2,1518.0,74.9,3.812,95007.5
2022-08-07,FIELD-001,4529.7,4136.2,74.55,3.89,353778.95
2022-08-07,FIELD-002,3024.0,2502.0,75.69,3.848,238514.26
2022-08-07,FIELD-003,965.1,1378.9,71.88,3.929,74789.09
2022-08-07,FIELD-004,1367.4,1705.9,75.52,3.884,109891.76
2022-08-08,FIELD-001,4412.7,4180.6,74.04,3.83,342728.01
2022-08-08,FIELD-002,3130.3,2612.5,74.82,3.873,244327.26
2022-08-08,FIELD-003,948.9,1331.3,72.5,3.878,73958.03
2022-08-08,FIELD-004,1324.5,1779.2,73.94,3.845,104774.55
2022-08-09,FIELD-001,4250.2,3977.9,73.61,3.836,328116.45
2022-08-09,FIELD-002,3018.3,2453.4,75.99,3.84,238781.67
2022-08-09,FIELD-003,956.7,1348.1,71.9,3.885,74024.1
2022-08-09,FIELD-004,1349.7,1752.7,75.3,3.885,108441.65
2022-08-10,FIELD-001,4443.8,3949.1,75.02,3.816,348443.64
2022-08-10,FIELD-002,3145.2,2571.0,76.45,3.882,250431.16
2022-08-10,FIELD-003,944.3,1357.3,72.03,3.897,73307.33
2022-08-10,FIELD-004,1346.8,1727.8,74.31,3.823,106686.09
2022-08-11,FIELD-001,4565.7,4327.3,74.95,3.922,359170.89
2022-08-11,FIELD-002,3078.6,2542.2,74.97,3.856,240605.37
2022-08-11,FIELD-003,954.4,1265.5,71.69,3.856,73300.7
2022-08-11,FIELD-004,1321.5,1697.8,74.94,3.92,105688.59
2022-08-12,FIELD-001,4364.1,4095.6,74.9,3.955,343069.19
2022-08-12,FIELD-002,3074.2,2488.8,76.25,3.923,244171.31
2022-08-12,FIELD-003,806.7,1110.7,71.86,3.834,62227.89
2022-08-12,FIELD-004,1338.3,1720.2,75.68,3.894,107981.0
2022-08-13,FIELD-001,4653.1,4124.8,74.21,3.853,361199.41
2022-08-13,FIELD-002,3154.2,2617.7,75.96,3.946,249922.48
2022-08-13,FIELD-003,830.4,1181.4,71.61,3.882,64051.14
2022-08-13,FIELD-004,1340.7,1766.0,75.08,3.911,107566.58
2022-08-14,FIELD-001,4523.1,4060.1,74.69,3.856,353486.08
2022-08-14,FIELD-002,3063.2,2589.6,75.92,3.853,242535.87
2022-08-14,FIELD-003,939.4,1336.8,71.04,3.92,71975.23
2022-08-14,FIELD-004,1315.7,1774.6,74.08,3.889,104368.48
2022-08-15,FIELD-001,4451.9,4181.7,74.62,3.896,348492.68
2022-08-15,FIELD-002,3047.0,2517.4,75.41,3.846,239456.19
2022-08-15,FIELD-003,787.1,1093.3,73.13,3.881,61803.72
2022-08-15,FIELD-004,1346.7,1711.1,74.71,3.91,107302.36
2022-08-16,FIELD-001,4475.1,4210.9,74.18,3.866,348242.26
2022-08-16,FIELD-002,3081.0,2507.2,75.47,3.895,242288.61
2022-08-16,FIELD-003,911.5,1287.8,71.92,3.855,70519.55
2022-08-16,FIELD-004,1228.4,1662.9,74.74,3.87,98246.04
2022-08-17,FIELD-001,4489.3,4084.8,74.02,3.926,348334.91
2022-08-17,FIELD-002,2784.8,2252.5,76.14,3.877,220767.61
2022-08-17,FIELD-003,945.7,1341.8,71.88,3.805,73082.46
2022-08-17,FIELD-004,1354.3,1754.4,74.85,3.916,108239.59
2022-08-18,FIELD-001,4413.8,4014.5,74.06,3.885,342482.36
2022-08-18,FIELD-002,1216.4,1013.6,75.06,3.86,95215.48
2022-08-18,FIELD-003,794.7,1144.1,72.6,3.927,62188.1
2022-08-18,FIELD-004,1281.5,1685.5,75.21,3.884,102928.1
2022-08-19,FIELD-001,4502.0,4259.0,75.27,3.846,355245.65
2022-08-19,FIELD-002,970.4,848.9,75.66,3.851,76689.58
2022-08-19,FIELD-003,382.0,546.0,72.34,3.919,29773.65
2022-08-19,FIELD-004,1347.9,1727.1,75.53,3.9,108542.58
2022-08-20,FIELD-001,4409.9,4010.1,74.44,3.852,343719.86
2022-08-20,FIELD-002,1275.8,1052.6,76.13,3.839,101167.59
2022-08-20,FIELD-003,370.4,514.0,72.27,3.829,28736.91
2022-08-20,FIELD-004,1001.4,1335.3,75.49,3.862,80752.61
2022-08-21,FIELD-001,4269.4,4081.2,74.34,3.906,333328.36
2022-08-21,FIELD-002,3098.4,2656.4,75.87,3.911,245464.79
2022-08-21,FIELD-003,804.3,1197.0,70.87,3.934,61709.74
2022-08-21,FIELD-004,1371.8,1794.9,74.25,3.888,108834.72
2022-08-22,FIELD-001,4246.7,4044.3,74.92,3.972,334226.72
2022-08-22,FIELD-002,2953.9,2480.5,76.65,3.862,235996.13
2022-08-22,FIELD-003,948.3,1396.8,72.75,3.899,74434.95
2022-08-22,FIELD-004,995.3,1264.5,75.4,3.961,80054.3
2022-08-23,FIELD-001,4349.6,4161.7,74.97,3.946,342511.58
2022-08-23,FIELD-002,3020.6,2509.5,74.94,3.925,236213.55
2022-08-23,FIELD-003,962.8,1335.7,72.14,3.793,74522.7
2022-08-23,FIELD-004,1371.0,1797.0,74.57,3.976,109380.34
2022-08-24,FIELD-001,4213.0,4036.0,74.97,3.881,331512.33
2022-08-24,FIELD-002,3031.3,2576.6,75.09,3.901,237671.63
2022-08-24,FIELD-003,689.4,988.3,71.41,3.835,53020.18
2022-08-24,FIELD-004,1336.2,1722.5,74.41,3.925,106187.45
2022-08-25,FIELD-001,4494.1,4158.6,74.15,3.831,349169.11
2022-08-25,FIELD-002,3131.2,2599.8,76.01,3.863,248045.54
2022-08-25,FIELD-003,963.2,1368.9,72.52,3.902,75192.71
2022-08-25,FIELD-004,1287.3,1676.4,74.57,3.895,102523.54
2022-08-26,FIELD-001,4491.2,4209.3,74.66,3.94,351897.63
2022-08-26,FIELD-002,3003.9,2480.6,76.14,3.882,238346.64
2022-08-26,FIELD-003,950.9,1374.7,71.9,3.883,73707.67
2022-08-26,FIELD-004,1329.4,1764.5,75.22,3.931,106933.72
2022-08-27,FIELD-001,1835.9,1701.6,74.8,3.852,143879.88
2022-08-27,FIELD-002,3055.5,2451.8,76.24,3.848,242385.85
2022-08-27,FIELD-003,948.5,1282.5,71.92,3.849,73152.46
2022-08-27,FIELD-004,1313.7,1675.1,73.88,3.93,103639.3
2022-08-28,FIELD-001,3688.8,3558.1,75.31,3.93,291786.86
2022-08-28,FIELD-002,3041.4,2458.1,74.22,3.866,235235.72
2022-08-28,FIELD-003,927.3,1287.6,71.16,3.912,71023.76
2022-08-28,FIELD-004,1325.1,1725.8,73.99,3.889,104755.79
2022-08-29,FIELD-001,4311.2,4001.3,73.43,3.837,331924.4
2022-08-29,FIELD-002,3136.9,2591.7,75.75,3.883,247683.75
2022-08-29,FIELD-003,896.5,1269.3,71.94,3.881,69420.36
2022-08-29,FIELD-004,1325.7,1751.7,75.14,3.897,106439.47
2022-08-30,FIELD-001,4121.4,3779.0,74.61,3.906,322258.43
2022-08-30,FIELD-002,3049.0,2482.7,75.15,3.866,238730.47
2022-08-30,FIELD-003,978.7,1400.6,71.43,3.805,75237.82
2022-08-30,FIELD-004,1318.0,1699.1,74.87,3.87,105254.18
2022-08-31,FIELD-001,4373.0,4073.7,73.76,3.838,338187.34
2022-08-31,FIELD-002,2929.2,2405.6,75.53,3.872,230556.96
2022-08-31,FIELD-003,964.6,1423.6,71.53,3.866,74501.48
2022-08-31,FIELD-004,1333.3,1762.9,76.22,3.806,108333.72
2022-09-01,FIELD-001,4257.4,4110.9,69.68,3.756,312096.17
2022-09-01,FIELD-002,2910.5,2413.4,70.95,3.772,215603.32
2022-09-01,FIELD-003,900.6,1329.4,67.0,3.779,65364.0
2022-09-01,FIELD-004,1315.2,1736.4,69.41,3.699,97710.98
2022-09-02,FIELD-001,4294.8,4008.7,71.22,3.778,321020.52
2022-09-02,FIELD-002,2936.5,2528.3,71.79,3.765,220330.38
2022-09-02,FIELD-003,941.4,1384.5,68.02,3.778,69264.67
2022-09-02,FIELD-004,1357.2,1716.3,70.41,3.784,102054.93
2022-09-03,FIELD-001,4420.8,4213.2,70.51,3.735,327446.91
2022-09-03,FIELD-002,3055.7,2614.5,72.28,3.804,230811.55
2022-09-03,FIELD-003,921.6,1392.7,68.87,3.847,68828.31
2022-09-03,FIELD-004,1170.1,1479.9,70.64,3.785,88257.29
2022-09-04,FIELD-001,4384.6,3994.5,70.66,3.747,324783.23
2022-09-04,FIELD-002,2732.6,2337.4,70.7,3.746,201950.72
2022-09-04,FIELD-003,631.7,894.5,67.43,3.7,45905.18
2022-09-04,FIELD-004,1044.7,1379.0,70.69,3.765,79041.78
2022-09-05,FIELD-001,4457.3,4115.6,70.43,3.804,329583.38
2022-09-05,FIELD-002,2607.2,2243.4,71.73,3.754,195436.18
2022-09-05,FIELD-003,557.2,764.4,67.16,3.707,40255.18
2022-09-05,FIELD-004,1314.2,1742.7,69.41,3.741,97738.06
2022-09-06,FIELD-001,4385.6,4047.6,70.19,3.746,322987.57
2022-09-06,FIELD-002,2916.2,2496.4,70.93,3.746,216197.58
2022-09-06,FIELD-003,968.2,1378.5,68.58,3.816,71659.51
2022-09-06,FIELD-004,1258.6,1719.9,70.34,3.798,95062.1
2022-09-07,FIELD-001,4361.6,3978.5,68.94,3.744,315584.21
2022-09-07,FIELD-002,2969.9,2477.7,70.49,3.73,218590.07
2022-09-07,FIELD-003,931.2,1346.7,66.94,3.742,67373.88
2022-09-07,FIELD-004,1190.7,1601.0,69.52,3.713,88721.98
2022-09-08,FIELD-001,3338.3,3216.7,70.2,3.76,246443.45
2022-09-08,FIELD-002,2968.7,2457.8,72.06,3.766,223180.6
2022-09-08,FIELD-003,951.3,1367.2,67.9,3.767,69743.51
2022-09-08,FIELD-004,1324.0,1792.3,69.75,3.813,99183.04
2022-09-09,FIELD-001,4250.8,4047.1,71.03,3.813,317365.92
2022-09-09,FIELD-002,2982.3,2479.4,71.29,3.686,221747.24
2022-09-09,FIELD-003,927.2,1309.5,68.08,3.703,67972.85
2022-09-09,FIELD-004,1186.2,1578.8,70.96,3.7,90014.31
2022-09-10,FIELD-001,4313.2,4020.7,70.37,3.737,318545.24
2022-09-10,FIELD-002,2914.6,2365.3,71.44,3.829,217275.76
2022-09-10,FIELD-003,924.3,1322.8,67.57,3.755,67422.06
2022-09-10,FIELD-004,1311.5,1675.7,69.64,3.901,97869.77
2022-09-11,FIELD-001,4318.1,3928.1,71.05,3.761,321574.59
2022-09-11,FIELD-002,3001.9,2520.7,70.1,3.792,219991.68
2022-09-11,FIELD-003,944.9,1307.7,67.99,3.783,69190.78
2022-09-11,FIELD-004,770.5,1060.6,69.93,3.834,57947.41
2022-09-12,FIELD-001,4273.7,4042.9,71.29,3.774,319929.98
2022-09-12,FIELD-002,3038.7,2547.6,71.69,3.749,227395.36
2022-09-12,FIELD-003,954.8,1452.3,68.13,3.718,70450.18
2022-09-12,FIELD-004,1338.5,1845.6,70.49,3.785,101336.46
2022-09-13,FIELD-001,4328.1,3993.8,70.19,3.797,318953.8
2022-09-13,FIELD-002,2725.4,2390.8,70.65,3.731,201469.58
2022-09-13,FIELD-003,915.7,1293.1,67.38,3.768,66572.27
2022-09-13,FIELD-004,1322.1,1786.1,69.65,3.762,98803.57
2022-09-14,FIELD-001,4427.5,4211.9,69.7,3.771,324479.82
2022-09-14,FIELD-002,2960.0,2479.5,71.42,3.851,220951.75
2022-09-14,FIELD-003,957.8,1357.9,67.81,3.751,70041.9
2022-09-14,FIELD-004,1308.6,1684.5,70.07,3.849,98177.24
2022-09-15,FIELD-001,3692.0,3415.4,69.69,3.789,270236.43
2022-09-15,FIELD-002,3071.9,2553.5,70.55,3.732,226252.21
2022-09-15,FIELD-003,939.5,1301.1,67.52,3.797,68375.32
2022-09-15,FIELD-004,1314.7,1658.5,70.7,3.706,99095.69
2022-09-16,FIELD-001,4388.4,4191.5,70.33,3.749,324350.11
2022-09-16,FIELD-002,2931.5,2426.8,71.59,3.836,219175.29
2022-09-16,FIELD-003,957.8,1392.3,68.0,3.797,70416.96
2022-09-16,FIELD-004,1328.1,1842.6,70.33,3.736,100289.23
2022-09-17,FIELD-001,3642.4,3390.4,69.63,3.81,266537.74
2022-09-17,FIELD-002,2999.9,2495.4,71.21,3.769,223028.04
2022-09-17,FIELD-003,904.6,1287.2,67.64,3.802,66081.08
2022-09-17,FIELD-004,1180.9,1644.2,70.35,3.727,89204.25
2022-09-18,FIELD-001,4239.3,4004.6,71.72,3.814,319316.14
2022-09-18,FIELD-002,1560.2,1268.6,71.3,3.746,115994.44
2022-09-18,FIELD-003,928.4,1356.8,66.6,3.736,66900.44
2022-09-18,FIELD-004,1352.7,1798.6,70.47,3.739,102049.73
2022-09-19,FIELD-001,3885.2,3560.3,69.79,3.827,284773.38
2022-09-19,FIELD-002,2955.0,2467.4,70.7,3.805,218306.96
2022-09-19,FIELD-003,927.1,1375.4,68.65,3.769,68829.3
2022-09-19,FIELD-004,1048.5,1366.0,71.08,3.788,79701.79
2022-09-20,FIELD-001,4211.0,4036.3,69.71,3.713,308535.59
2022-09-20,FIELD-002,2977.9,2432.9,71.21,3.759,221201.53
2022-09-20,FIELD-003,926.1,1316.9,67.54,3.741,67475.32
2022-09-20,FIELD-004,1318.0,1782.3,70.71,3.779,99931.09
2022-09-21,FIELD-001,4445.4,4101.9,71.83,3.736,334637.78
2022-09-21,FIELD-002,3054.0,2488.7,71.0,3.771,226218.89
2022-09-21,FIELD-003,951.8,1265.0,67.31,3.733,68787.9
2022-09-21,FIELD-004,1318.9,1703.5,70.05,3.848,98944.01
2022-09-22,FIELD-001,2611.1,2318.8,70.24,3.768,192140.9
2022-09-22,FIELD-002,3049.2,2582.2,71.81,3.745,228633.39
2022-09-22,FIELD-003,894.6,1327.1,68.08,3.768,65904.88
2022-09-22,FIELD-004,1323.9,1666.1,69.56,3.68,98221.73
2022-09-23,FIELD-001,4247.7,3822.4,71.22,3.834,317176.28
2022-09-23,FIELD-002,3015.1,2584.9,72.6,3.685,228421.62
2022-09-23,FIELD-003,939.9,1275.9,68.52,3.739,69172.54
2022-09-23,FIELD-004,1330.9,1724.8,70.27,3.794,100066.23
2022-09-24,FIELD-001,4330.1,3922.9,70.02,3.75,317904.48
2022-09-24,FIELD-002,3020.8,2455.9,72.22,3.801,227497.05
2022-09-24,FIELD-003,238.4,324.5,66.73,3.778,17134.39
2022-09-24,FIELD-004,1281.7,1624.0,70.33,3.782,96283.93
2022-09-25,FIELD-001,4293.4,4027.0,70.33,3.711,316899.02
2022-09-25,FIELD-002,2956.7,2473.0,71.75,3.772,221471.38
2022-09-25,FIELD-003,244.5,323.4,68.08,3.792,17871.89
2022-09-25,FIELD-004,1063.9,1395.9,70.68,3.803,80505.06
2022-09-26,FIELD-001,4386.3,4156.8,70.61,3.749,325300.49
2022-09-26,FIELD-002,2876.6,2251.6,71.1,3.762,212996.78
2022-09-26,FIELD-003,766.7,1097.9,68.11,3.732,56317.3
2022-09-26,FIELD-004,1283.3,1717.7,70.05,3.773,96376.05
2022-09-27,FIELD-001,4270.0,4035.0,69.23,3.759,310779.67
2022-09-27,FIELD-002,2869.2,2458.1,70.99,3.769,212949.09
2022-09-27,FIELD-003,952.7,1360.9,66.63,3.757,68591.3
2022-09-27,FIELD-004,1347.2,1741.0,71.07,3.704,102194.17
2022-09-28,FIELD-001,4382.2,4180.8,70.33,3.792,324053.72
2022-09-28,FIELD-002,2989.3,2518.2,71.99,3.788,224738.65
2022-09-28,FIELD-003,885.7,1265.3,67.79,3.798,64847.21
2022-09-28,FIELD-004,1284.2,1765.8,70.74,3.803,97559.65
2022-09-29,FIELD-001,4465.2,4220.4,70.14,3.705,328825.71
2022-09-29,FIELD-002,2956.9,2488.4,71.64,3.751,221166.3
2022-09-29,FIELD-003,824.3,1200.5,67.01,3.773,59765.83
2022-09-29,FIELD-004,1308.3,1834.0,70.37,3.772,98982.92
2022-09-30,FIELD-001,4366.9,4264.7,69.95,3.71,321286.69
2022-09-30,FIELD-002,2911.0,2452.2,72.07,3.844,219222.03
2022-09-30,FIELD-003,918.0,1300.2,67.85,3.751,67163.35
2022-09-30,FIELD-004,1307.0,1704.2,70.23,3.747,98176.25
2022-10-01,FIELD-001,4255.3,3881.9,68.96,3.534,307164.12
2022-10-01,FIELD-002,2984.0,2497.9,69.41,3.557,216004.47
2022-10-01,FIELD-003,914.3,1260.4,65.46,3.541,64313.15
2022-10-01,FIELD-004,1332.0,1698.5,68.89,3.568,97821.73
2022-10-02,FIELD-001,4461.9,4120.5,66.91,3.499,312963.36
2022-10-02,FIELD-002,2945.2,2401.4,68.8,3.572,211207.56
2022-10-02,FIELD-003,1404.8,1701.2,65.53,3.507,98022.65
2022-10-02,FIELD-004,1354.6,1825.1,67.6,3.555,98059.19
2022-10-03,FIELD-001,3264.0,2475.0,68.1,3.478,230886.45
2022-10-03,FIELD-002,2674.5,2106.3,69.72,3.619,194088.84
2022-10-03,FIELD-003,1243.2,1551.6,65.17,3.608,86617.52
2022-10-03,FIELD-004,1318.6,1793.6,67.43,3.524,95233.84
2022-10-04,FIELD-001,3558.6,3164.5,68.38,3.603,254738.76
2022-10-04,FIELD-002,2917.3,2408.0,68.79,3.531,209183.72
2022-10-04,FIELD-003,992.2,1162.9,64.83,3.609,68521.23
2022-10-04,FIELD-004,952.5,1247.1,68.17,3.558,69369.11
2022-10-05,FIELD-001,4205.8,3955.2,66.62,3.557,294259.04
2022-10-05,FIELD-002,2878.2,2435.0,69.05,3.585,207469.18
2022-10-05,FIELD-003,1391.3,1749.7,65.39,3.528,97150.05
2022-10-05,FIELD-004,1297.1,1688.9,68.41,3.637,94877.14
2022-10-06,FIELD-001,4287.5,3958.9,69.15,3.589,310689.12
2022-10-06,FIELD-002,2899.3,2420.1,68.58,3.567,207466.49
2022-10-06,FIELD-003,1362.1,1674.1,65.68,3.56,95422.52
2022-10-06,FIELD-004,1279.7,1658.5,67.83,3.551,92691.38
2022-10-07,FIELD-001,3883.6,3561.8,68.15,3.637,277621.61
2022-10-07,FIELD-002,2882.1,2441.1,69.44,3.606,208935.63
2022-10-07,FIELD-003,1395.0,1716.2,66.21,3.553,98460.61
2022-10-07,FIELD-004,1321.6,1783.2,67.44,3.547,95453.71
2022-10-08,FIELD-001,4216.3,3938.9,68.04,3.516,300726.22
2022-10-08,FIELD-002,2864.5,2504.0,68.3,3.61,204684.79
2022-10-08,FIELD-003,1372.4,1629.4,65.28,3.52,95325.76
2022-10-08,FIELD-004,1334.2,1724.7,67.53,3.536,96197.07
2022-10-09,FIELD-001,4077.8,3856.3,68.29,3.57,292239.95
2022-10-09,FIELD-002,2949.5,2483.7,69.65,3.559,214272.16
2022-10-09,FIELD-003,1377.4,1615.5,64.96,3.555,95219.01
2022-10-09,FIELD-004,1317.8,1803.0,67.65,3.597,95634.56
2022-10-10,FIELD-001,4233.5,3848.2,67.82,3.517,300650.09
2022-10-10,FIELD-002,2315.2,2019.6,68.71,3.576,166299.48
2022-10-10,FIELD-003,1354.1,1663.2,65.88,3.554,95119.12
2022-10-10,FIELD-004,1253.5,1618.2,69.26,3.563,92583.06
2022-10-11,FIELD-001,4166.6,3968.5,67.99,3.567,297442.77
2022-10-11,FIELD-002,2967.5,2463.9,68.94,3.576,213390.36
2022-10-11,FIELD-003,1438.2,1746.7,63.97,3.589,98270.56
2022-10-11,FIELD-004,1313.1,1737.3,67.93,3.543,95354.14
2022-10-12,FIELD-001,4399.7,4020.4,68.12,3.587,314128.74
2022-10-12,FIELD-002,2940.6,2397.2,69.0,3.6,211531.32
2022-10-12,FIELD-003,1380.4,1679.6,65.6,3.55,96516.82
2022-10-12,FIELD-004,1285.0,1833.3,68.22,3.541,94154.42
2022-10-13,FIELD-001,4184.4,3848.8,68.13,3.531,298673.28
2022-10-13,FIELD-002,2155.9,1853.7,69.54,3.561,156522.31
2022-10-13,FIELD-003,1355.4,1615.0,65.18,3.537,94057.23
2022-10-13,FIELD-004,1179.5,1562.6,69.25,3.572,87261.98
2022-10-14,FIELD-001,4271.7,4033.1,67.5,3.58,302778.25
2022-10-14,FIELD-002,2873.4,2338.0,68.79,3.584,206040.58
2022-10-14,FIELD-003,1353.9,1591.0,64.9,3.55,93516.16
2022-10-14,FIELD-004,1131.8,1495.0,67.94,3.568,82228.65
2022-10-15,FIELD-001,1978.4,1845.5,67.18,3.537,139436.45
2022-10-15,FIELD-002,600.9,500.9,69.4,3.554,43482.66
2022-10-15,FIELD-003,1398.5,1676.2,65.56,3.55,97636.17
2022-10-15,FIELD-004,1316.7,1752.3,68.08,3.583,95919.43
2022-10-16,FIELD-001,3503.9,2888.8,68.67,3.584,250966.27
2022-10-16,FIELD-002,2135.7,1875.7,67.5,3.544,150807.23
2022-10-16,FIELD-003,1374.7,1597.3,66.31,3.554,96833.16
2022-10-16,FIELD-004,1327.1,1757.0,68.16,3.538,96671.4
2022-10-17,FIELD-001,4343.0,4012.4,66.65,3.591,303869.48
2022-10-17,FIELD-002,2855.9,2439.3,69.94,3.526,208342.62
2022-10-17,FIELD-003,1313.9,1600.5,66.34,3.517,92793.08
2022-10-17,FIELD-004,1188.9,1568.2,68.72,3.473,87147.57
2022-10-18,FIELD-001,3055.9,2926.4,68.39,3.549,219378.79
2022-10-18,FIELD-002,2919.1,2423.0,68.61,3.5,208759.95
2022-10-18,FIELD-003,1332.2,1544.0,66.18,3.567,93672.44
2022-10-18,FIELD-004,1337.4,1749.6,68.21,3.487,97324.91
2022-10-19,FIELD-001,4360.2,4070.4,69.26,3.6,316640.89
2022-10-19,FIELD-002,2918.0,2396.5,69.51,3.585,211421.63
2022-10-19,FIELD-003,566.7,701.2,64.5,3.57,39055.43
2022-10-19,FIELD-004,1318.1,1785.7,68.11,3.519,96059.67
2022-10-20,FIELD-001,4196.2,3970.7,67.93,3.589,299298.71
2022-10-20,FIELD-002,1443.8,1361.6,69.23,3.55,104787.95
2022-10-20,FIELD-003,1399.0,1586.6,65.82,3.607,97805.05
2022-10-20,FIELD-004,1308.8,1750.1,67.31,3.557,94320.43
2022-10-21,FIELD-001,4355.7,4091.2,67.14,3.616,307235.48
2022-10-21,FIELD-002,2886.1,2493.0,68.9,3.511,207605.21
2022-10-21,FIELD-003,1263.6,1551.1,65.32,3.576,88085.09
2022-10-21,FIELD-004,1309.3,1690.3,68.38,3.541,95515.29
2022-10-22,FIELD-001,4242.5,4044.8,67.85,3.572,302301.65
2022-10-22,FIELD-002,2856.8,2488.5,68.85,3.553,205532.32
2022-10-22,FIELD-003,1343.3,1589.4,66.21,3.49,94486.9
2022-10-22,FIELD-004,1214.0,1632.5,67.89,3.637,88355.86
2022-10-23,FIELD-001,4332.6,3982.7,68.23,3.56,309791.71
2022-10-23,FIELD-002,2856.6,2397.0,68.88,3.549,205269.56
2022-10-23,FIELD-003,1407.6,1709.7,65.93,3.576,98916.96
2022-10-23,FIELD-004,1240.2,1651.7,68.03,3.56,90250.86
2022-10-24,FIELD-001,3183.3,3237.2,68.01,3.537,227946.21
2022-10-24,FIELD-002,4024.8,3711.4,69.3,3.581,292209.16
2022-10-24,FIELD-003,1401.8,1696.6,65.03,3.505,97105.64
2022-10-24,FIELD-004,826.5,1091.3,66.93,3.576,59220.13
2022-10-25,FIELD-001,4269.2,4073.6,68.23,3.585,305891.37
2022-10-25,FIELD-002,3870.7,3668.0,69.01,3.588,280277.79
2022-10-25,FIELD-003,1335.4,1642.0,65.15,3.537,92809.06
2022-10-25,FIELD-004,1283.3,1730.2,68.19,3.534,93622.75
2022-10-26,FIELD-001,4275.6,4024.1,69.02,3.5,309186.26
2022-10-26,FIELD-002,4073.0,3678.4,69.29,3.599,295456.73
2022-10-26,FIELD-003,1321.0,1610.3,65.3,3.555,91985.92
2022-10-26,FIELD-004,1268.3,1704.2,67.15,3.597,91296.35
2022-10-27,FIELD-001,4258.8,4116.9,67.45,3.534,301805.18
2022-10-27,FIELD-002,3783.9,3461.4,70.4,3.632,278958.36
2022-10-27,FIELD-003,1366.8,1703.1,65.15,3.507,95019.79
2022-10-27,FIELD-004,1308.1,1761.5,67.0,3.546,93888.98
2022-10-28,FIELD-001,4188.1,3942.2,67.22,3.526,295424.28
2022-10-28,FIELD-002,3949.0,3535.5,70.05,3.577,289273.93
2022-10-28,FIELD-003,1322.0,1541.8,64.76,3.604,91169.37
2022-10-28,FIELD-004,1278.3,1653.2,68.69,3.565,93700.08
2022-10-29,FIELD-001,4057.2,3819.4,68.38,3.586,291127.7
2022-10-29,FIELD-002,3888.8,3669.3,69.23,3.602,282438.44
2022-10-29,FIELD-003,1378.0,1633.8,65.38,3.521,95846.25
2022-10-29,FIELD-004,1163.5,1528.1,67.77,3.569,84304.18
2022-10-30,FIELD-001,4331.1,4007.2,66.96,3.588,304388.29
2022-10-30,FIELD-002,3488.5,3436.7,68.81,3.62,252484.54
2022-10-30,FIELD-003,1347.0,1669.3,64.97,3.55,93440.6
2022-10-30,FIELD-004,1232.4,1608.8,67.18,3.565,88528.0
2022-10-31,FIELD-001,4179.3,3945.7,67.53,3.52,296116.99
2022-10-31,FIELD-002,3935.4,3678.4,68.84,3.53,283897.69
2022-10-31,FIELD-003,1329.8,1586.8,66.23,3.576,93747.05
2022-10-31,FIELD-004,1311.3,1711.7,68.75,3.581,96281.47
2022-11-01,FIELD-001,4106.8,3684.1,76.52,3.741,328034.55
2022-11-01,FIELD-002,3401.1,3059.3,77.78,3.704,275869.21
2022-11-01,FIELD-003,1333.9,1567.4,73.68,3.779,104204.96
2022-11-01,FIELD-004,1308.0,1730.8,77.21,3.763,107503.68
2022-11-02,FIELD-001,4217.8,3966.7,77.36,3.789,341318.83
2022-11-02,FIELD-002,3574.4,3086.0,77.26,3.732,287675.1
2022-11-02,FIELD-003,1402.4,1614.3,72.92,3.809,108411.88
2022-11-02,FIELD-004,1303.6,1635.6,76.88,3.757,106365.72
2022-11-03,FIELD-001,4223.9,4044.5,77.64,3.731,343033.63
2022-11-03,FIELD-002,3824.5,3431.2,78.15,3.719,311645.31
2022-11-03,FIELD-003,1404.9,1679.6,74.11,3.683,110303.11
2022-11-03,FIELD-004,829.8,1113.4,77.24,3.712,68226.69
2022-11-04,FIELD-001,4267.0,4033.3,76.4,3.79,341285.01
2022-11-04,FIELD-002,4011.1,3741.2,77.09,3.733,323181.6
2022-11-04,FIELD-003,1386.4,1641.7,74.11,3.763,108923.82
2022-11-04,FIELD-004,1263.5,1691.5,76.76,3.725,103287.1
2022-11-05,FIELD-001,4202.9,3868.1,76.88,3.776,337724.9
2022-11-05,FIELD-002,3775.0,3296.8,77.45,3.743,304713.67
2022-11-05,FIELD-003,1318.8,1566.1,74.55,3.745,104181.58
2022-11-05,FIELD-004,1338.8,1730.3,76.66,3.713,109057.01
2022-11-06,FIELD-001,4359.9,4052.0,77.31,3.812,352510.09
2022-11-06,FIELD-002,3894.6,3561.5,78.23,3.757,318055.11
2022-11-06,FIELD-003,1152.1,1395.6,74.29,3.737,90804.87
2022-11-06,FIELD-004,1288.4,1677.4,77.77,3.767,106517.63
2022-11-07,FIELD-001,3965.7,3766.0,77.24,3.685,320188.38
2022-11-07,FIELD-002,3137.7,2794.2,77.26,3.741,252871.8
2022-11-07,FIELD-003,1386.4,1697.9,73.4,3.75,108128.88
2022-11-07,FIELD-004,1299.5,1672.1,77.32,3.779,106796.21
2022-11-08,FIELD-001,4101.9,4052.0,77.14,3.792,331785.75
2022-11-08,FIELD-002,3897.7,3451.8,78.93,3.717,320475.8
2022-11-08,FIELD-003,1337.7,1573.5,74.22,3.741,105170.56
2022-11-08,FIELD-004,1294.8,1737.1,76.11,3.776,105106.52
2022-11-09,FIELD-001,4044.9,3909.9,75.96,3.784,322045.67
2022-11-09,FIELD-002,3796.6,3519.1,77.92,3.747,309017.14
2022-11-09,FIELD-003,1190.5,1465.2,74.23,3.719,93819.89
2022-11-09,FIELD-004,1177.3,1512.7,76.69,3.758,95971.86
2022-11-10,FIELD-001,4134.5,3852.1,77.79,3.721,335956.42
2022-11-10,FIELD-002,3929.4,3559.6,77.86,3.694,319092.25
2022-11-10,FIELD-003,1343.2,1663.0,74.26,3.74,105965.65
2022-11-10,FIELD-004,1901.6,2519.3,76.76,3.717,155331.05
2022-11-11,FIELD-001,4179.6,4008.0,76.78,3.723,335831.47
2022-11-11,FIELD-002,3970.7,3568.6,78.82,3.75,326352.82
2022-11-11,FIELD-003,1345.9,1622.3,74.22,3.755,105984.43
2022-11-11,FIELD-004,1535.5,2135.7,77.24,3.78,126674.97
2022-11-12,FIELD-001,3383.3,3141.5,76.26,3.795,269932.45
2022-11-12,FIELD-002,3875.3,3426.3,78.07,3.804,315578.32
2022-11-12,FIELD-003,1307.7,1557.5,74.82,3.715,103628.23
2022-11-12,FIELD-004,1973.1,2640.3,76.07,3.752,160000.12
2022-11-13,FIELD-001,4058.9,3854.5,77.36,3.791,328608.91
2022-11-13,FIELD-002,3913.6,3596.7,78.97,3.787,322677.69
2022-11-13,FIELD-003,1327.8,1594.7,74.1,3.69,104274.42
2022-11-13,FIELD-004,1911.2,2580.5,77.69,3.738,158127.04
2022-11-14,FIELD-001,4195.0,3969.7,75.45,3.767,331466.61
2022-11-14,FIELD-002,3926.2,3576.4,76.69,3.732,314447.4
2022-11-14,FIELD-003,1381.4,1665.9,74.19,3.773,108771.51
2022-11-14,FIELD-004,1949.0,2535.5,77.08,3.857,160008.34
2022-11-15,FIELD-001,4223.5,4054.4,76.72,3.774,339328.23
2022-11-15,FIELD-002,3881.8,3626.0,77.9,3.742,315960.71
2022-11-15,FIELD-003,1349.7,1653.6,74.16,3.756,106304.67
2022-11-15,FIELD-004,1523.3,2070.4,76.08,3.734,123623.54
2022-11-16,FIELD-001,4200.9,3903.3,77.7,3.766,341109.76
2022-11-16,FIELD-002,3352.0,3275.8,77.64,3.658,272232.16
2022-11-16,FIELD-003,1342.7,1556.0,75.51,3.753,107226.95
2022-11-16,FIELD-004,1950.4,2601.0,76.76,3.803,159604.31
2022-11-17,FIELD-001,4213.7,3990.2,76.22,3.728,336043.68
2022-11-17,FIELD-002,3947.4,3593.3,77.66,3.726,319943.72
2022-11-17,FIELD-003,1339.9,1580.6,74.51,3.751,105764.78
2022-11-17,FIELD-004,1944.7,2631.1,77.17,3.716,159849.67
2022-11-18,FIELD-001,4202.5,4022.5,76.81,3.746,337862.31
2022-11-18,FIELD-002,3809.4,3475.9,78.53,3.8,312360.6
2022-11-18,FIELD-003,1370.6,1662.2,73.66,3.763,107213.25
2022-11-18,FIELD-004,1963.9,2692.7,77.04,3.701,161264.54
2022-11-19,FIELD-001,4172.9,4039.8,76.65,3.769,335078.79
2022-11-19,FIELD-002,3106.0,2861.3,77.77,3.799,252423.7
2022-11-19,FIELD-003,1346.3,1571.6,73.53,3.746,104880.65
2022-11-19,FIELD-004,1964.6,2601.3,77.36,3.692,161585.46
2022-11-20,FIELD-001,4069.8,3894.4,75.81,3.762,323182.27
2022-11-20,FIELD-002,3887.4,3552.9,78.39,3.808,318262.73
2022-11-20,FIELD-003,1258.9,1466.2,74.69,3.777,99565.08
2022-11-20,FIELD-004,1934.4,2732.1,76.23,3.754,157715.62
2022-11-21,FIELD-001,4387.0,3986.5,76.96,3.701,352377.56
2022-11-21,FIELD-002,3957.6,3585.2,78.57,3.691,324181.61
2022-11-21,FIELD-003,1899.8,1835.6,73.84,3.723,147115.17
2022-11-21,FIELD-004,1858.7,2438.8,76.75,3.741,151778.78
2022-11-22,FIELD-001,4230.2,3952.2,77.52,3.752,342753.76
2022-11-22,FIELD-002,3895.6,3724.1,78.43,3.685,319255.22
2022-11-22,FIELD-003,2216.1,2065.9,74.97,3.744,173875.75
2022-11-22,FIELD-004,2004.7,2661.5,76.6,3.774,163604.52
2022-11-23,FIELD-001,4181.6,4045.6,77.88,3.766,340898.74
2022-11-23,FIELD-002,3163.1,2868.3,77.45,3.712,255629.22
2022-11-23,FIELD-003,2677.4,2539.9,73.64,3.723,206619.78
2022-11-23,FIELD-004,843.4,1283.0,76.64,3.752,69451.99
2022-11-24,FIELD-001,4086.2,3826.8,76.9,3.693,328361.15
2022-11-24,FIELD-002,3905.2,3698.1,78.03,3.715,318461.2
2022-11-24,FIELD-003,2070.4,1892.1,74.73,3.739,161795.55
2022-11-24,FIELD-004,1510.5,2101.1,77.55,3.748,125014.2
2022-11-25,FIELD-001,4176.7,3844.6,76.86,3.688,335200.05
2022-11-25,FIELD-002,3882.5,3423.0,78.73,3.756,318526.01
2022-11-25,FIELD-003,2788.8,2543.6,75.23,3.695,219200.03
2022-11-25,FIELD-004,1907.0,2554.9,77.44,3.742,157238.52
2022-11-26,FIELD-001,4220.5,3995.8,76.27,3.678,336594.09
2022-11-26,FIELD-002,3916.4,3584.4,78.1,3.758,319341.02
2022-11-26,FIELD-003,1731.2,1616.4,73.18,3.762,132770.11
2022-11-26,FIELD-004,1976.7,2610.6,77.6,3.727,163121.63
2022-11-27,FIELD-001,4026.8,3750.3,77.62,3.763,326672.59
2022-11-27,FIELD-002,3744.4,3435.3,78.21,3.723,305639.15
2022-11-27,FIELD-003,2517.5,2385.4,73.95,3.759,195135.84
2022-11-27,FIELD-004,1681.0,2266.5,77.41,3.722,138562.12
2022-11-28,FIELD-001,4163.6,3879.9,77.13,3.71,335532.9
2022-11-28,FIELD-002,3851.4,3434.4,78.06,3.719,313412.82
2022-11-28,FIELD-003,2774.8,2623.6,73.59,3.706,213920.59
2022-11-28,FIELD-004,1935.8,2533.2,77.57,3.74,159634.17
2022-11-29,FIELD-001,3695.8,3202.4,77.03,3.705,296552.37
2022-11-29,FIELD-002,3803.0,3538.0,77.25,3.725,306960.8
2022-11-29,FIELD-003,2736.8,2631.5,74.43,3.739,213539.2
2022-11-29,FIELD-004,1930.7,2570.1,77.23,3.734,158704.71
2022-11-30,FIELD-001,3983.1,3785.0,76.87,3.79,320526.05
2022-11-30,FIELD-002,3783.6,3458.2,77.3,3.758,305468.2
2022-11-30,FIELD-003,2742.1,2458.4,73.86,3.787,211841.47
2022-11-30,FIELD-004,1947.6,2592.1,78.19,3.765,162042.1
2022-12-01,FIELD-001,3801.2,3584.2,74.7,4.126,298738.05
2022-12-01,FIELD-002,3813.5,3630.8,76.96,4.103,308384.13
2022-12-01,FIELD-003,2753.4,2637.8,71.72,4.028,208098.91
2022-12-01,FIELD-004,1882.9,2477.4,75.75,4.053,152670.58
2022-12-02,FIELD-001,4010.5,3685.5,75.32,4.158,317395.17
2022-12-02,FIELD-002,3762.8,3340.6,75.79,4.118,298939.2
2022-12-02,FIELD-003,2750.1,2588.6,73.95,4.074,213915.85
2022-12-02,FIELD-004,1956.2,2552.1,74.86,4.055,156789.9
2022-12-03,FIELD-001,4109.2,3892.9,75.6,3.993,326199.87
2022-12-03,FIELD-002,3869.4,3507.1,76.53,4.058,310356.99
2022-12-03,FIELD-003,2647.4,2538.3,72.77,4.06,202956.8
2022-12-03,FIELD-004,1879.6,2509.0,74.35,4.064,149944.84
2022-12-04,FIELD-001,3527.6,3534.2,74.67,4.092,277867.84
2022-12-04,FIELD-002,3612.8,3310.9,76.14,4.067,288544.02
2022-12-04,FIELD-003,2665.5,2524.8,73.62,4.038,206429.25
2022-12-04,FIELD-004,1992.6,2661.5,74.95,4.125,160324.06
2022-12-05,FIELD-001,4182.4,3967.8,75.67,4.054,332567.67
2022-12-05,FIELD-002,3640.5,3518.7,77.09,4.046,294882.81
2022-12-05,FIELD-003,2659.8,2473.1,72.76,4.035,203506.01
2022-12-05,FIELD-004,1855.9,2368.2,76.09,4.053,150813.75
2022-12-06,FIELD-001,3902.8,3809.9,75.46,4.162,310362.09
2022-12-06,FIELD-002,3679.8,3403.2,75.9,3.96,292773.49
2022-12-06,FIELD-003,2698.6,2509.3,73.1,4.085,207518.15
2022-12-06,FIELD-004,1931.2,2620.0,74.64,4.036,154719.09
2022-12-07,FIELD-001,4118.8,3886.1,73.81,4.01,319591.89
2022-12-07,FIELD-002,3933.2,3526.4,76.13,4.143,314044.39
2022-12-07,FIELD-003,2640.1,2533.4,72.71,4.03,202171.27
2022-12-07,FIELD-004,1910.8,2505.3,75.11,4.084,153751.83
2022-12-08,FIELD-001,4153.8,3942.6,75.07,4.077,327899.75
2022-12-08,FIELD-002,3845.7,3538.1,75.37,4.02,304073.57
2022-12-08,FIELD-003,2539.8,2413.4,73.55,4.119,196743.08
2022-12-08,FIELD-004,1776.0,2338.5,75.65,3.997,143701.38
2022-12-09,FIELD-001,2063.3,1933.8,74.81,4.171,162421.35
2022-12-09,FIELD-002,3946.4,3599.6,75.27,4.066,311681.5
2022-12-09,FIELD-003,2710.2,2560.4,73.64,4.073,210007.64
2022-12-09,FIELD-004,1666.4,2213.2,74.11,4.1,132571.02
2022-12-10,FIELD-001,4119.9,3922.3,75.73,4.108,328112.84
2022-12-10,FIELD-002,3749.2,3293.4,76.7,4.073,300977.66
2022-12-10,FIELD-003,2633.4,2470.6,73.54,4.033,203624.17
2022-12-10,FIELD-004,1136.5,1560.0,75.02,4.095,91648.43
2022-12-11,FIELD-001,4171.9,3886.1,75.24,4.055,329651.89
2022-12-11,FIELD-002,3775.3,3365.5,76.73,4.039,303272.02
2022-12-11,FIELD-003,2700.4,2538.7,72.48,4.064,206042.27
2022-12-11,FIELD-004,691.2,927.3,75.72,4.031,56075.61
2022-12-12,FIELD-001,4011.3,3878.5,75.05,4.056,316779.26
2022-12-12,FIELD-002,3820.0,3533.3,76.53,4.087,306785.2
2022-12-12,FIELD-003,2720.6,2476.7,72.35,4.059,206888.34
2022-12-12,FIELD-004,1913.7,2544.2,74.66,3.985,153015.48
2022-12-13,FIELD-001,4177.5,3939.4,74.99,4.032,329154.39
2022-12-13,FIELD-002,3734.7,3378.8,76.87,4.112,300980.01
2022-12-13,FIELD-003,2664.9,2457.1,71.65,4.06,200915.91
2022-12-13,FIELD-004,1873.8,2523.2,74.41,4.088,149744.3
2022-12-14,FIELD-001,4172.0,3903.9,75.01,4.048,328744.71
2022-12-14,FIELD-002,3850.7,3553.1,76.69,4.079,309803.28
2022-12-14,FIELD-003,2770.7,2583.4,73.13,3.996,212944.56
2022-12-14,FIELD-004,1935.1,2530.2,75.71,4.036,156718.31
2022-12-15,FIELD-001,4173.7,3899.4,75.05,4.15,329418.7
2022-12-15,FIELD-002,2848.2,2566.8,76.23,4.076,227580.56
2022-12-15,FIELD-003,2474.0,2351.4,72.81,4.035,189619.84
2022-12-15,FIELD-004,1877.6,2497.4,75.75,4.076,152407.6
2022-12-16,FIELD-001,3975.3,3738.8,74.03,4.026,309343.87
2022-12-16,FIELD-002,3633.7,3338.6,75.75,4.074,288854.23
2022-12-16,FIELD-003,1882.1,1737.0,72.07,4.091,142749.01
2022-12-16,FIELD-004,1885.7,2534.4,76.05,4.06,153697.15
2022-12-17,FIELD-001,3084.4,2864.2,75.46,4.071,244408.98
2022-12-17,FIELD-002,2216.0,1990.1,76.49,4.094,177649.31
2022-12-17,FIELD-003,2613.5,2514.5,72.93,4.099,200909.49
2022-12-17,FIELD-004,1950.3,2615.5,76.05,4.024,158845.09
2022-12-18,FIELD-001,4162.3,3867.3,75.03,4.055,327979.27
2022-12-18,FIELD-002,3786.1,3479.8,77.05,4.022,305714.76
2022-12-18,FIELD-003,2763.0,2642.8,72.08,4.051,209863.02
2022-12-18,FIELD-004,1939.5,2480.7,75.06,4.034,155586.01
2022-12-19,FIELD-001,4146.4,3852.2,74.66,4.012,325025.25
2022-12-19,FIELD-002,3749.0,3403.5,76.85,4.044,301874.4
2022-12-19,FIELD-003,2525.3,2372.0,71.28,4.05,189609.98
2022-12-19,FIELD-004,1243.4,1719.4,75.5,4.056,100850.59
2022-12-20,FIELD-001,2645.3,2552.1,75.81,4.095,210991.04
2022-12-20,FIELD-002,3752.2,3309.6,75.09,4.117,295378.32
2022-12-20,FIELD-003,2692.7,2428.7,73.34,4.058,207338.28
2022-12-20,FIELD-004,1863.2,2557.9,75.31,4.116,150845.91
2022-12-21,FIELD-001,3540.6,3229.8,74.53,4.072,277032.66
2022-12-21,FIELD-002,4978.5,4742.9,76.13,4.042,398184.01
2022-12-21,FIELD-003,2636.9,2490.1,73.42,4.123,203867.88
2022-12-21,FIELD-004,1882.8,2527.6,74.28,4.015,150002.7
2022-12-22,FIELD-001,4153.3,3822.2,75.2,4.054,327823.36
2022-12-22,FIELD-002,5023.5,4723.2,76.42,4.049,403020.11
2022-12-22,FIELD-003,2703.7,2534.0,73.25,4.032,208263.11
2022-12-22,FIELD-004,1751.8,2243.6,74.59,4.025,139697.25
2022-12-23,FIELD-001,4066.9,3777.4,74.85,4.079,319815.48
2022-12-23,FIELD-002,1969.3,1857.7,75.73,4.118,156785.1
2022-12-23,FIELD-003,2757.4,2545.4,72.49,4.06,210218.25
2022-12-23,FIELD-004,1744.7,2277.7,75.93,4.053,141706.59
2022-12-24,FIELD-001,4114.6,3722.3,74.78,3.983,322515.71
2022-12-24,FIELD-002,1662.6,1552.7,75.9,4.025,132440.96
2022-12-24,FIELD-003,2641.3,2489.8,72.78,4.103,202449.46
2022-12-24,FIELD-004,1944.4,2536.0,74.3,4.078,154810.73
2022-12-25,FIELD-001,4155.4,3919.8,74.79,4.09,326814.35
2022-12-25,FIELD-002,2776.8,2570.1,76.39,4.179,222860.2
2022-12-25,FIELD-003,2712.7,2504.7,72.56,4.088,207072.73
2022-12-25,FIELD-004,1934.4,2632.6,74.85,4.086,155546.64
2022-12-26,FIELD-001,3441.9,3182.2,75.67,4.058,273361.94
2022-12-26,FIELD-002,4858.9,4506.3,77.08,4.071,392869.16
2022-12-26,FIELD-003,2629.3,2502.1,72.66,4.036,201143.41
2022-12-26,FIELD-004,1956.8,2704.3,75.14,4.026,157921.46
2022-12-27,FIELD-001,4138.3,3847.1,75.09,4.142,326679.64
2022-12-27,FIELD-002,5140.7,4904.0,76.63,4.034,413714.58
2022-12-27,FIELD-003,1863.3,1927.2,72.8,4.059,143470.74
2022-12-27,FIELD-004,1945.7,2595.6,75.54,4.066,157531.89
2022-12-28,FIELD-001,4099.7,3859.2,74.71,3.943,321505.41
2022-12-28,FIELD-002,4772.4,4722.5,77.77,4.102,390521.24
2022-12-28,FIELD-003,1163.4,1208.1,72.96,4.159,89906.15
2022-12-28,FIELD-004,1935.1,2574.4,75.41,4.141,156586.48
2022-12-29,FIELD-001,4051.1,3983.7,74.9,4.039,319517.55
2022-12-29,FIELD-002,4939.1,4765.9,76.0,4.033,394592.47
2022-12-29,FIELD-003,2548.8,2390.6,72.54,4.042,194552.76
2022-12-29,FIELD-004,1906.1,2477.2,74.7,4.039,152391.08
2022-12-30,FIELD-001,3237.0,3154.2,75.43,4.071,257007.66
2022-12-30,FIELD-002,4764.9,4384.2,75.67,4.065,378381.76
2022-12-30,FIELD-003,2718.2,2555.4,72.06,4.098,206345.52
2022-12-30,FIELD-004,1884.6,2425.6,74.65,4.019,150433.88
2022-12-31,FIELD-001,3522.9,3277.6,75.57,4.064,279545.72
2022-12-31,FIELD-002,4922.4,4554.4,76.11,4.051,393093.74
2022-12-31,FIELD-003,2627.1,2380.7,73.36,4.079,202434.93
2022-12-31,FIELD-004,1883.8,2505.2,74.43,4.095,150470.03
2023-01-01,FIELD-001,3843.5,3871.2,73.38,4.311,298724.77
2023-01-01,FIELD-002,4587.5,4388.7,75.8,4.259,366423.97
2023-01-01,FIELD-003,2699.1,2533.9,72.69,4.344,207204.84
2023-01-01,FIELD-004,1882.0,2481.7,76.23,4.232,153967.41
2023-01-02,FIELD-001,4057.8,3769.3,74.7,4.286,319272.88
2023-01-02,FIELD-002,4789.7,4673.9,77.08,4.277,389180.35
2023-01-02,FIELD-003,2640.3,2459.7,72.96,4.252,203094.93
2023-01-02,FIELD-004,1953.1,2820.2,74.49,4.271,157531.49
2023-01-03,FIELD-001,4043.3,3834.7,75.81,4.216,322689.67
2023-01-03,FIELD-002,5049.0,4792.4,75.63,4.214,402051.04
2023-01-03,FIELD-003,2744.8,2582.7,71.5,4.35,207487.94
2023-01-03,FIELD-004,1764.9,2378.3,74.74,4.324,142192.4
2023-01-04,FIELD-001,3357.4,3298.1,74.47,4.254,264055.7
2023-01-04,FIELD-002,5121.8,5141.4,75.5,4.252,408557.13
2023-01-04,FIELD-003,2596.9,2439.6,72.51,4.208,198567.06
2023-01-04,FIELD-004,1917.3,2570.3,75.42,4.179,155344.05
2023-01-05,FIELD-001,4035.5,3642.3,74.15,4.291,314861.43
2023-01-05,FIELD-002,5028.2,4809.4,75.84,4.248,401769.02
2023-01-05,FIELD-003,2619.8,2477.8,71.75,4.19,198352.63
2023-01-05,FIELD-004,1889.4,2594.9,75.33,4.262,153387.97
2023-01-06,FIELD-001,4074.4,3668.6,74.57,4.18,319162.76
2023-01-06,FIELD-002,4916.1,4573.1,75.97,4.252,392920.94
2023-01-06,FIELD-003,2622.5,2411.5,71.39,4.347,197703.07
2023-01-06,FIELD-004,1899.6,2489.9,74.58,4.221,152182.04
2023-01-07,FIELD-001,4150.8,3787.5,75.16,4.309,328294.47
2023-01-07,FIELD-002,2757.0,2849.2,74.43,4.118,216936.52
2023-01-07,FIELD-003,2614.4,2513.9,71.49,4.274,197647.86
2023-01-07,FIELD-004,1923.6,2485.4,75.07,4.211,154870.67
2023-01-08,FIELD-001,3915.8,3527.1,75.32,4.289,310065.79
2023-01-08,FIELD-002,4376.3,4116.1,75.74,4.29,349119.03
2023-01-08,FIELD-003,2700.1,2576.8,73.46,4.23,209249.21
2023-01-08,FIELD-004,1914.8,2563.0,74.91,4.248,154325.29
2023-01-09,FIELD-001,4035.4,3846.6,74.62,4.289,317619.62
2023-01-09,FIELD-002,4565.8,4231.2,75.48,4.22,362482.25
2023-01-09,FIELD-003,2582.7,2383.1,72.03,4.257,196176.74
2023-01-09,FIELD-004,1946.0,2504.4,75.38,4.184,157167.89
2023-01-10,FIELD-001,4130.4,3930.0,74.82,4.243,325711.52
2023-01-10,FIELD-002,4788.5,4562.8,75.66,4.251,381694.37
2023-01-10,FIELD-003,2608.5,2463.4,71.54,4.287,197172.69
2023-01-10,FIELD-004,1575.2,2115.6,74.56,4.204,126340.89
2023-01-11,FIELD-001,4158.8,4024.5,75.56,4.266,331407.44
2023-01-11,FIELD-002,4926.8,4813.4,76.97,4.226,399557.22
2023-01-11,FIELD-003,2617.5,2386.2,72.48,4.258,199876.84
2023-01-11,FIELD-004,1147.1,1514.2,73.72,4.206,90932.94
2023-01-12,FIELD-001,4035.7,3803.2,74.79,4.284,318122.91
2023-01-12,FIELD-002,4767.0,4490.6,76.24,4.299,382741.17
2023-01-12,FIELD-003,2013.8,1938.6,71.37,4.254,151971.71
2023-01-12,FIELD-004,1840.6,2425.9,74.31,4.233,147043.82
2023-01-13,FIELD-001,3889.8,3653.9,74.7,4.251,306100.79
2023-01-13,FIELD-002,4910.6,4526.9,75.11,4.214,387911.52
2023-01-13,FIELD-003,2600.4,2493.3,72.6,4.224,199320.74
2023-01-13,FIELD-004,1515.3,1917.0,74.53,4.212,121009.71
2023-01-14,FIELD-001,4012.1,3795.8,75.06,4.335,317603.02
2023-01-14,FIELD-002,4950.3,4631.4,75.78,4.231,394729.19
2023-01-14,FIELD-003,1342.3,1391.3,71.17,4.192,101363.82
2023-01-14,FIELD-004,1381.6,1799.8,75.48,4.251,111934.12
2023-01-15,FIELD-001,3968.1,3773.2,74.61,4.227,312009.26
2023-01-15,FIELD-002,4858.4,4751.1,74.25,4.227,380819.1
2023-01-15,FIELD-003,1395.7,1362.6,71.52,4.265,105631.95
2023-01-15,FIELD-004,1494.1,1895.5,75.17,4.275,120414.76
2023-01-16,FIELD-001,3882.7,3740.9,75.37,4.196,308335.92
2023-01-16,FIELD-002,4918.1,4552.8,74.25,4.236,384454.59
2023-01-16,FIELD-003,3024.4,3054.6,72.91,4.22,233399.42
2023-01-16,FIELD-004,1675.0,2218.6,74.67,4.315,134645.51
2023-01-17,FIELD-001,3886.5,3713.4,73.94,4.281,303264.88
2023-01-17,FIELD-002,4821.7,4633.4,75.9,4.339,386071.35
2023-01-17,FIELD-003,3346.8,3372.1,70.73,4.297,251209.08
2023-01-17,FIELD-004,1339.4,1820.1,75.16,4.193,108300.98
2023-01-18,FIELD-001,4181.5,3954.4,74.08,4.346,326951.34
2023-01-18,FIELD-002,4916.4,4703.2,75.77,4.281,392650.03
2023-01-18,FIELD-003,3414.1,3367.5,71.75,4.286,259394.78
2023-01-18,FIELD-004,1837.0,2449.3,74.93,4.243,148038.79
2023-01-19,FIELD-001,3088.6,2852.6,74.14,4.269,241166.55
2023-01-19,FIELD-002,4769.9,4534.9,75.0,4.262,377070.24
2023-01-19,FIELD-003,3346.5,3389.7,70.61,4.279,250800.89
2023-01-19,FIELD-004,1395.0,1888.3,75.64,4.315,113665.81
2023-01-20,FIELD-001,3558.8,3630.0,75.36,4.25,283618.67
2023-01-20,FIELD-002,4852.9,4528.6,76.2,4.317,389340.95
2023-01-20,FIELD-003,3390.8,3379.6,70.31,4.244,252750.17
2023-01-20,FIELD-004,1797.0,2429.7,76.21,4.292,147377.64
2023-01-21,FIELD-001,3887.1,3709.6,74.61,4.261,305823.14
2023-01-21,FIELD-002,4882.8,4656.1,74.92,4.309,385882.51
2023-01-21,FIELD-003,3277.4,3245.9,72.02,4.237,249791.23
2023-01-21,FIELD-004,1884.0,2505.0,74.75,4.294,151585.47
2023-01-22,FIELD-001,3925.5,3691.9,74.26,4.262,307242.51
2023-01-22,FIELD-002,4757.6,4464.7,75.21,4.177,376468.15
2023-01-22,FIELD-003,3289.6,3353.4,72.0,4.248,251096.44
2023-01-22,FIELD-004,1871.3,2640.5,75.33,4.222,152113.22
2023-01-23,FIELD-001,3990.4,3677.2,73.97,4.305,311000.23
2023-01-23,FIELD-002,4859.6,4444.1,76.0,4.213,388052.59
2023-01-23,FIELD-003,2967.3,3002.7,72.7,4.213,228373.09
2023-01-23,FIELD-004,1881.4,2439.8,74.71,4.231,150882.19
2023-01-24,FIELD-001,3862.8,3767.6,74.11,4.29,302435.11
2023-01-24,FIELD-002,4826.1,4688.9,75.22,4.2,382712.62
2023-01-24,FIELD-003,3341.3,3328.4,73.24,4.258,258889.14
2023-01-24,FIELD-004,1909.6,2544.9,75.19,4.294,154510.62
2023-01-25,FIELD-001,4046.8,3792.4,74.55,4.209,317651.15
2023-01-25,FIELD-002,4919.2,4589.1,75.53,4.243,391018.73
2023-01-25,FIELD-003,3443.8,3322.3,70.95,4.3,258623.5
2023-01-25,FIELD-004,1851.2,2552.6,74.01,4.282,147937.55
2023-01-26,FIELD-001,4016.8,3737.9,75.28,4.282,318390.39
2023-01-26,FIELD-002,4726.8,4466.6,75.57,4.314,376473.19
2023-01-26,FIELD-003,3290.8,3343.6,72.34,4.285,252383.8
2023-01-26,FIELD-004,1877.6,2460.0,74.98,4.219,151161.19
2023-01-27,FIELD-001,4009.8,3794.2,73.93,4.254,312585.04
2023-01-27,FIELD-002,4744.2,4652.1,75.15,4.277,376423.66
2023-01-27,FIELD-003,3402.7,3340.0,71.83,4.281,258714.48
2023-01-27,FIELD-004,1881.1,2559.6,73.82,4.298,149863.96
2023-01-28,FIELD-001,4078.6,3845.4,75.41,4.256,323933.25
2023-01-28,FIELD-002,4862.0,4613.4,75.44,4.289,386576.15
2023-01-28,FIELD-003,3378.4,3300.8,72.56,4.137,258792.11
2023-01-28,FIELD-004,1887.0,2509.0,75.41,4.277,153029.66
2023-01-29,FIELD-001,4009.8,3838.4,74.52,4.204,314946.93
2023-01-29,FIELD-002,4771.6,4631.6,76.18,4.289,383365.42
2023-01-29,FIELD-003,3386.6,3473.9,71.18,4.238,255780.58
2023-01-29,FIELD-004,1831.3,2586.2,74.47,4.285,147458.78
2023-01-30,FIELD-001,3970.3,3912.3,74.45,4.215,312079.18
2023-01-30,FIELD-002,3405.3,3313.2,75.68,4.285,271910.17
2023-01-30,FIELD-003,3331.2,3487.4,72.18,4.212,255134.94
2023-01-30,FIELD-004,435.1,590.9,75.71,4.195,35420.25
2023-01-31,FIELD-001,3867.8,3708.6,75.23,4.31,306958.66
2023-01-31,FIELD-002,4853.6,4600.4,75.56,4.237,386229.91
2023-01-31,FIELD-003,3249.9,3215.6,70.94,4.259,244243.15
2023-01-31,FIELD-004,1594.6,2115.7,74.78,4.258,128252.84
2023-02-01,FIELD-001,4002.8,3767.2,72.04,3.992,303400.37
2023-02-01,FIELD-002,4157.3,4020.9,73.16,4.01,320271.88
2023-02-01,FIELD-003,3423.9,3450.1,68.84,4.117,249905.34
2023-02-01,FIELD-004,1852.0,2405.1,73.46,4.118,145952.12
2023-02-02,FIELD-001,3858.5,3694.5,71.76,4.013,291711.99
2023-02-02,FIELD-002,4855.3,4707.9,72.15,4.047,369362.77
2023-02-02,FIELD-003,1796.1,1336.6,68.77,4.031,128905.63
2023-02-02,FIELD-004,1853.1,2498.7,71.29,3.975,142039.83
2023-02-03,FIELD-001,4054.6,3818.4,72.03,4.001,307330.26
2023-02-03,FIELD-002,4731.6,4489.7,74.26,4.012,369381.29
2023-02-03,FIELD-003,1688.0,1272.0,69.07,3.988,121662.9
2023-02-03,FIELD-004,1884.2,2429.1,72.22,4.063,145946.36
2023-02-04,FIELD-001,4063.5,3857.6,72.45,4.089,310174.3
2023-02-04,FIELD-002,4838.7,4461.7,72.48,4.083,368926.1
2023-02-04,FIELD-003,2642.3,2555.9,69.36,4.013,193526.75
2023-02-04,FIELD-004,1922.8,2600.4,71.34,3.994,147558.55
2023-02-05,FIELD-001,3922.0,3524.2,72.2,4.016,297321.59
2023-02-05,FIELD-002,4837.9,4656.4,72.62,4.096,370400.91
2023-02-05,FIELD-003,3369.7,3381.2,69.45,3.987,247506.51
2023-02-05,FIELD-004,1492.5,1998.3,72.83,4.039,116769.91
2023-02-06,FIELD-001,3985.7,3677.6,71.41,4.065,299568.28
2023-02-06,FIELD-002,3278.2,3147.2,73.95,4.085,255279.2
2023-02-06,FIELD-003,3389.0,3321.1,69.96,4.123,250787.34
2023-02-06,FIELD-004,1815.8,2431.0,73.08,4.05,142544.21
2023-02-07,FIELD-001,3981.4,3809.4,71.77,4.176,301653.13
2023-02-07,FIELD-002,4714.6,4438.2,73.73,3.999,365355.82
2023-02-07,FIELD-003,3294.3,3301.7,70.24,4.073,244839.46
2023-02-07,FIELD-004,1747.2,2393.1,72.12,4.076,135762.34
2023-02-08,FIELD-001,3889.0,3625.9,71.7,4.063,293573.33
2023-02-08,FIELD-002,4862.4,4651.3,73.62,4.016,376649.51
2023-02-08,FIELD-003,3221.1,3276.1,69.6,4.024,237371.59
2023-02-08,FIELD-004,1798.8,2296.8,72.35,3.969,139259.18
2023-02-09,FIELD-001,3942.5,3710.8,71.49,3.991,296659.13
2023-02-09,FIELD-002,3750.1,3576.7,72.6,4.037,286696.4
2023-02-09,FIELD-003,3010.8,2951.3,68.92,4.024,219380.37
2023-02-09,FIELD-004,1866.4,2565.4,71.52,3.957,143636.22
2023-02-10,FIELD-001,3993.1,3799.9,71.69,4.029,301575.14
2023-02-10,FIELD-002,4739.1,4650.8,73.34,4.035,366331.57
2023-02-10,FIELD-003,3363.0,3452.6,68.39,4.082,244089.08
2023-02-10,FIELD-004,1822.6,2472.6,73.58,4.002,144002.25
2023-02-11,FIELD-001,4125.3,3807.8,71.69,3.931,310711.22
2023-02-11,FIELD-002,4709.5,4557.8,73.37,3.977,363662.39
2023-02-11,FIELD-003,550.7,414.4,69.66,3.966,40005.27
2023-02-11,FIELD-004,1854.6,2431.9,72.78,4.028,144773.48
2023-02-12,FIELD-001,3929.0,3679.3,71.99,3.989,297525.44
2023-02-12,FIELD-002,4580.1,4263.4,73.35,3.977,352905.88
2023-02-12,FIELD-003,2117.5,1721.6,70.37,4.062,156001.61
2023-02-12,FIELD-004,1812.2,2514.9,73.08,4.045,142608.35
2023-02-13,FIELD-001,3969.4,3707.0,72.28,4.0,301736.23
2023-02-13,FIELD-002,4733.5,4337.3,73.68,4.076,366443.11
2023-02-13,FIELD-003,3304.4,3292.6,69.41,4.033,242637.46
2023-02-13,FIELD-004,1718.7,2274.7,72.6,4.033,133951.49
2023-02-14,FIELD-001,3807.9,3523.1,71.43,4.064,286316.18
2023-02-14,FIELD-002,3811.5,3540.5,72.92,4.086,292401.06
2023-02-14,FIELD-003,3007.7,3123.2,68.54,4.064,218840.44
2023-02-14,FIELD-004,1847.7,2399.1,72.17,4.001,142947.31
2023-02-15,FIELD-001,3935.3,3655.3,71.69,4.089,297068.18
2023-02-15,FIELD-002,4740.5,4853.7,74.09,4.075,371002.47
2023-02-15,FIELD-003,3308.1,3403.6,68.59,4.115,240908.39
2023-02-15,FIELD-004,1844.5,2489.9,72.12,4.033,143067.11
2023-02-16,FIELD-001,3882.2,3631.9,71.44,4.033,291991.82
2023-02-16,FIELD-002,4761.3,4559.4,72.95,4.058,365838.88
2023-02-16,FIELD-003,3309.9,3238.7,70.05,3.962,244690.22
2023-02-16,FIELD-004,1837.5,2458.0,71.26,4.04,140870.57
2023-02-17,FIELD-001,3476.5,3015.7,72.38,4.04,263812.5
2023-02-17,FIELD-002,4734.7,4448.9,73.5,3.982,365715.97
2023-02-17,FIELD-003,2842.4,2760.7,69.85,4.011,209614.81
2023-02-17,FIELD-004,1818.3,2520.4,73.27,4.011,143336.17
2023-02-18,FIELD-001,3493.9,3270.1,72.34,4.042,265966.47
2023-02-18,FIELD-002,4845.7,4634.2,73.18,4.061,373427.81
2023-02-18,FIELD-003,3367.9,3462.2,68.76,4.039,245560.63
2023-02-18,FIELD-004,1930.9,2521.8,72.74,4.015,150578.69
2023-02-19,FIELD-001,3877.0,3611.3,71.32,4.012,290996.18
2023-02-19,FIELD-002,4629.7,4428.0,73.82,4.025,359587.15
2023-02-19,FIELD-003,3200.1,3172.5,69.23,4.03,234328.1
2023-02-19,FIELD-004,1876.9,2424.3,72.75,4.024,146299.86
2023-02-20,FIELD-001,4011.8,3725.7,72.1,4.029,304261.63
2023-02-20,FIELD-002,4697.2,4574.1,73.33,4.043,362938.76
2023-02-20,FIELD-003,3299.1,3248.6,69.25,4.098,241775.44
2023-02-20,FIELD-004,1838.0,2570.0,72.79,4.116,144366.14
2023-02-21,FIELD-001,4009.8,3848.7,72.28,4.037,305365.55
2023-02-21,FIELD-002,4476.7,4220.3,72.73,4.03,342598.2
2023-02-21,FIELD-003,3206.9,3281.5,69.81,4.036,237117.82
2023-02-21,FIELD-004,1833.2,2536.8,72.71,4.073,143624.36
2023-02-22,FIELD-001,4010.9,3755.9,70.94,4.003,299568.11
2023-02-22,FIELD-002,4190.5,3929.9,72.46,4.061,319602.95
2023-02-22,FIELD-003,3292.4,3352.6,69.84,4.039,243482.37
2023-02-22,FIELD-004,1854.9,2545.3,72.21,4.067,144294.06
2023-02-23,FIELD-001,3925.5,3686.9,71.91,4.045,297196.22
2023-02-23,FIELD-002,4602.2,4427.3,73.15,4.063,354639.05
2023-02-23,FIELD-003,3392.0,3384.0,69.06,4.042,247929.65
2023-02-23,FIELD-004,1881.2,2507.3,71.98,4.023,145495.64
2023-02-24,FIELD-001,4006.3,3780.1,71.83,4.064,303134.86
2023-02-24,FIELD-002,4785.0,4457.0,73.13,4.034,367906.59
2023-02-24,FIELD-003,3323.2,3412.2,68.07,4.008,239886.32
2023-02-24,FIELD-004,1901.7,2548.7,72.7,4.026,148514.66
2023-02-25,FIELD-001,3890.5,3645.4,71.68,4.115,293871.86
2023-02-25,FIELD-002,4690.4,4548.2,74.23,4.0,366361.19
2023-02-25,FIELD-003,3233.7,3158.9,70.4,4.03,240382.85
2023-02-25,FIELD-004,1838.4,2559.3,72.03,4.031,142736.49
2023-02-26,FIELD-001,3857.0,3656.7,72.13,4.09,293161.31
2023-02-26,FIELD-002,3924.2,3679.3,73.59,4.047,303672.01
2023-02-26,FIELD-003,3149.1,3157.9,69.67,4.071,232253.61
2023-02-26,FIELD-004,1887.4,2505.2,72.91,4.07,147806.5
2023-02-27,FIELD-001,3978.6,3867.0,71.86,3.971,301258.05
2023-02-27,FIELD-002,4659.6,4411.3,73.12,4.006,358381.62
2023-02-27,FIELD-003,3033.1,3053.9,68.96,4.077,221613.33
2023-02-27,FIELD-004,1242.6,1722.9,72.68,4.054,97296.8
2023-02-28,FIELD-001,3880.7,3778.2,72.39,3.969,295919.55
2023-02-28,FIELD-002,4628.8,4399.4,72.96,4.11,355798.78
2023-02-28,FIELD-003,3239.0,3235.4,69.17,4.02,237047.94
2023-02-28,FIELD-004,1810.8,2527.3,71.7,3.979,139890.49
2023-03-01,FIELD-001,3918.6,3756.7,64.04,3.693,264820.64
2023-03-01,FIELD-002,4688.1,4397.5,65.06,3.655,321080.65
2023-03-01,FIELD-003,3262.7,3223.3,60.27,3.682,208511.12
2023-03-01,FIELD-004,1873.2,2550.0,64.07,3.72,129501.92
2023-03-02,FIELD-001,3351.1,3220.6,64.36,3.664,227477.07
2023-03-02,FIELD-002,4771.6,4704.2,65.49,3.705,329921.14
2023-03-02,FIELD-003,3206.2,3248.1,61.6,3.667,209412.7
2023-03-02,FIELD-004,1845.2,2434.7,64.26,3.642,127439.73
2023-03-03,FIELD-001,4090.3,3828.9,63.85,3.724,275424.48
2023-03-03,FIELD-002,3250.7,3087.9,64.64,3.604,221254.04
2023-03-03,FIELD-003,3223.1,3235.2,62.53,3.659,213378.04
2023-03-03,FIELD-004,1674.4,2312.6,64.63,3.68,116726.84
2023-03-04,FIELD-001,3938.3,3575.1,64.31,3.722,266578.6
2023-03-04,FIELD-002,4542.8,4519.1,65.62,3.654,314611.33
2023-03-04,FIELD-003,3208.1,3285.2,61.64,3.661,209774.4
2023-03-04,FIELD-004,1903.0,2505.9,64.34,3.689,131683.29
2023-03-05,FIELD-001,4003.6,3767.3,63.82,3.675,269354.58
2023-03-05,FIELD-002,4771.9,4617.9,65.05,3.744,327701.51
2023-03-05,FIELD-003,3220.8,3354.8,62.49,3.699,213677.2
2023-03-05,FIELD-004,1853.7,2420.2,64.93,3.671,129245.3
2023-03-06,FIELD-001,3941.3,3762.9,64.45,3.62,267638.48
2023-03-06,FIELD-002,4569.3,4376.3,64.76,3.66,311925.13
2023-03-06,FIELD-003,3077.3,3135.8,61.93,3.624,201941.33
2023-03-06,FIELD-004,1849.7,2373.9,65.12,3.648,129112.45
2023-03-07,FIELD-001,3881.8,3713.3,64.45,3.599,263546.18
2023-03-07,FIELD-002,1875.1,1783.7,65.54,3.631,129370.67
2023-03-07,FIELD-003,3252.9,3234.7,62.26,3.666,214383.96
2023-03-07,FIELD-004,1854.6,2409.8,64.66,3.741,128933.5
2023-03-08,FIELD-001,4005.4,3774.5,64.74,3.653,273097.84
2023-03-08,FIELD-002,1620.0,1743.4,64.9,3.705,111597.3
2023-03-08,FIELD-003,3178.7,3160.2,61.9,3.645,208280.46
2023-03-08,FIELD-004,1801.4,2434.0,63.87,3.691,124039.31
2023-03-09,FIELD-001,3906.2,3558.7,63.93,3.679,262815.82
2023-03-09,FIELD-002,4632.8,4394.6,64.62,3.571,315064.65
2023-03-09,FIELD-003,3340.0,3287.5,61.37,3.788,217428.85
2023-03-09,FIELD-004,1914.6,2579.0,64.74,3.662,133395.5
2023-03-10,FIELD-001,2535.4,2629.7,64.15,3.72,172428.39
2023-03-10,FIELD-002,4663.5,4606.3,65.37,3.644,321638.35
2023-03-10,FIELD-003,1974.9,2055.6,61.59,3.599,129032.2
2023-03-10,FIELD-004,1769.5,2344.3,64.26,3.632,122222.57
2023-03-11,FIELD-001,3668.7,3516.7,64.63,3.692,250091.74
2023-03-11,FIELD-002,4229.1,4123.9,65.79,3.628,293194.0
2023-03-11,FIELD-003,3191.1,3191.7,62.43,3.718,211087.11
2023-03-11,FIELD-004,1799.9,2328.5,65.23,3.674,125962.39
2023-03-12,FIELD-001,1532.9,1477.8,64.26,3.693,103961.67
2023-03-12,FIELD-002,4625.2,4300.6,65.66,3.659,319426.53
2023-03-12,FIELD-003,3185.6,3249.0,62.59,3.737,211528.22
2023-03-12,FIELD-004,1734.8,2366.7,64.55,3.659,120641.1
2023-03-13,FIELD-001,1591.3,1508.1,63.98,3.735,107444.13
2023-03-13,FIELD-002,4483.2,4277.2,65.15,3.65,307692.26
2023-03-13,FIELD-003,3118.7,3067.4,60.41,3.711,199783.79
2023-03-13,FIELD-004,1811.2,2376.0,63.79,3.678,124275.38
2023-03-14,FIELD-001,1526.2,1430.0,64.23,3.636,103227.31
2023-03-14,FIELD-002,4595.4,4259.5,65.17,3.627,314931.42
2023-03-14,FIELD-003,3164.1,3160.3,61.81,3.711,207300.89
2023-03-14,FIELD-004,1877.6,2513.6,64.33,3.652,129965.68
2023-03-15,FIELD-001,3491.1,3328.4,64.54,3.66,237497.54
2023-03-15,FIELD-002,4236.3,4023.5,65.61,3.686,292774.26
2023-03-15,FIELD-003,3071.0,2973.8,60.66,3.654,197153.13
2023-03-15,FIELD-004,1864.5,2505.7,63.81,3.725,128307.48
2023-03-16,FIELD-001,3755.7,3576.4,63.52,3.671,251691.03
2023-03-16,FIELD-002,4628.7,4496.4,65.91,3.642,321453.51
2023-03-16,FIELD-003,2818.0,2721.8,62.38,3.684,185813.95
2023-03-16,FIELD-004,1769.9,2393.2,64.25,3.695,122558.95
2023-03-17,FIELD-001,3061.6,2971.6,64.36,3.628,207825.54
2023-03-17,FIELD-002,4721.6,4504.4,65.03,3.651,323491.21
2023-03-17,FIELD-003,3042.0,3155.3,61.83,3.69,199729.92
2023-03-17,FIELD-004,1741.4,2393.7,64.32,3.714,120897.05
2023-03-18,FIELD-001,3011.8,3046.1,64.05,3.614,203914.4
2023-03-18,FIELD-002,4693.6,4468.9,66.26,3.695,327510.52
2023-03-18,FIELD-003,3106.7,3165.2,61.04,3.713,201385.36
2023-03-18,FIELD-004,1908.0,2615.5,63.6,3.673,130955.53
2023-03-19,FIELD-001,3704.0,3536.7,64.83,3.657,253064.03
2023-03-19,FIELD-002,4698.9,4416.2,65.95,3.666,326082.24
2023-03-19,FIELD-003,3128.9,3178.4,61.34,3.654,203540.6
2023-03-19,FIELD-004,1807.9,2422.4,63.96,3.71,124620.39
2023-03-20,FIELD-001,4004.8,3854.1,65.39,3.649,275937.48
2023-03-20,FIELD-002,4672.3,4434.2,65.84,3.711,324079.55
2023-03-20,FIELD-003,2530.3,2511.6,60.7,3.617,162673.67
2023-03-20,FIELD-004,1601.5,2165.9,63.58,3.637,109700.75
2023-03-21,FIELD-001,3978.2,3789.6,64.71,3.647,271249.99
2023-03-21,FIELD-002,4422.6,4253.9,65.37,3.674,304734.19
2023-03-21,FIELD-003,3153.4,3113.8,62.36,3.619,207914.87
2023-03-21,FIELD-004,1771.1,2367.2,64.58,3.649,123015.55
2023-03-22,FIELD-001,2079.3,2074.6,64.98,3.697,142782.71
2023-03-22,FIELD-002,4429.2,4249.0,65.1,3.665,303913.5
2023-03-22,FIELD-003,3168.6,3134.4,62.21,3.688,208678.27
2023-03-22,FIELD-004,1837.3,2458.7,64.83,3.687,128177.39
2023-03-23,FIELD-001,4337.2,4343.2,64.43,3.678,295420.09
2023-03-23,FIELD-002,4613.3,4280.3,64.7,3.656,314129.29
2023-03-23,FIELD-003,2763.6,2755.3,62.38,3.717,182634.82
2023-03-23,FIELD-004,837.7,1132.8,64.22,3.668,57952.2
2023-03-24,FIELD-001,4224.9,4128.6,65.24,3.694,290883.52
2023-03-24,FIELD-002,4589.2,4516.1,65.61,3.657,317612.79
2023-03-24,FIELD-003,3186.3,3301.2,60.91,3.615,206011.37
2023-03-24,FIELD-004,1839.1,2410.5,63.81,3.604,126040.41
2023-03-25,FIELD-001,4289.0,4119.0,65.08,3.663,294216.02
2023-03-25,FIELD-002,4596.7,4428.0,65.49,3.65,317200.08
2023-03-25,FIELD-003,3150.7,3126.1,61.39,3.651,204834.86
2023-03-25,FIELD-004,1842.8,2507.1,64.82,3.685,128688.96
2023-03-26,FIELD-001,4176.1,4274.4,64.75,3.683,286145.09
2023-03-26,FIELD-002,4567.0,4384.3,65.0,3.638,312805.08
2023-03-26,FIELD-003,3012.3,2944.9,61.74,3.648,196722.4
2023-03-26,FIELD-004,1808.3,2414.1,64.73,3.647,125855.48
2023-03-27,FIELD-001,4309.4,4369.6,64.16,3.69,292614.93
2023-03-27,FIELD-002,4549.4,4399.7,65.02,3.633,311786.1
2023-03-27,FIELD-003,3111.7,3211.0,61.7,3.64,203679.93
2023-03-27,FIELD-004,1855.1,2464.9,64.75,3.662,129144.19
2023-03-28,FIELD-001,4221.0,4294.3,64.89,3.666,289643.59
2023-03-28,FIELD-002,4587.7,4472.7,65.4,3.65,316360.94
2023-03-28,FIELD-003,3139.1,3218.3,61.57,3.574,204776.59
2023-03-28,FIELD-004,1791.9,2478.0,62.6,3.611,121121.0
2023-03-29,FIELD-001,4316.8,4399.3,64.54,3.665,294729.71
2023-03-29,FIELD-002,4609.2,4281.3,65.88,3.654,319297.97
2023-03-29,FIELD-003,2441.3,2499.9,62.13,3.699,160925.1
2023-03-29,FIELD-004,1821.0,2382.4,64.5,3.637,126119.29
2023-03-30,FIELD-001,4270.3,4203.3,63.98,3.682,288690.34
2023-03-30,FIELD-002,4633.1,4441.4,65.85,3.668,321380.69
2023-03-30,FIELD-003,2973.5,3106.2,61.08,3.647,192949.69
2023-03-30,FIELD-004,1837.6,2568.5,64.97,3.662,128794.72
2023-03-31,FIELD-001,4306.8,4266.7,63.97,3.601,290870.38
2023-03-31,FIELD-002,4619.2,4412.3,64.54,3.648,314219.24
2023-03-31,FIELD-003,3148.1,3291.7,61.91,3.661,206949.78
2023-03-31,FIELD-004,1803.5,2412.7,64.19,3.644,124558.54
2023-04-01,FIELD-001,4221.1,4286.8,62.79,3.866,281615.64
2023-04-01,FIELD-002,4527.9,4379.5,65.09,3.902,311809.82
2023-04-01,FIELD-003,3166.8,3261.8,60.92,3.898,205635.95
2023-04-01,FIELD-004,1796.8,2369.8,63.57,3.856,123360.52
2023-04-02,FIELD-001,4240.5,4196.7,62.67,3.873,282005.95
2023-04-02,FIELD-002,4538.2,4359.7,64.94,3.88,311626.34
2023-04-02,FIELD-003,3175.9,3231.4,60.72,3.832,205223.37
2023-04-02,FIELD-004,1860.7,2473.8,62.79,3.854,126367.38
2023-04-03,FIELD-001,4176.5,4087.4,62.76,3.824,277747.36
2023-04-03,FIELD-002,4524.1,4431.2,63.55,3.924,304894.58
2023-04-03,FIELD-003,3082.7,3062.3,60.96,3.907,199885.8
2023-04-03,FIELD-004,1855.9,2576.5,63.18,3.902,127309.26
2023-04-04,FIELD-001,4310.0,4161.9,62.89,3.885,287224.88
2023-04-04,FIELD-002,3760.1,3642.1,64.66,3.998,257689.18
2023-04-04,FIELD-003,3112.2,3263.2,61.27,3.928,203502.34
2023-04-04,FIELD-004,1806.7,2374.9,62.69,3.877,122469.51
2023-04-05,FIELD-001,1711.7,1653.2,62.98,3.841,114152.81
2023-04-05,FIELD-002,4669.5,4569.7,65.21,3.912,322374.76
2023-04-05,FIELD-003,3097.6,3071.8,60.07,3.849,197896.19
2023-04-05,FIELD-004,1824.9,2451.3,63.38,3.855,125111.92
2023-04-06,FIELD-001,262.5,265.6,63.89,3.892,17804.84
2023-04-06,FIELD-002,4390.2,4316.5,64.41,3.971,299913.6
2023-04-06,FIELD-003,3142.9,3105.0,59.62,3.911,199523.35
2023-04-06,FIELD-004,1800.1,2406.8,62.97,3.88,122690.68
2023-04-07,FIELD-001,4325.8,4357.8,62.69,3.929,288306.2
2023-04-07,FIELD-002,4570.8,4403.5,64.04,3.895,309865.66
2023-04-07,FIELD-003,3092.9,3235.2,60.35,3.863,199154.09
2023-04-07,FIELD-004,1794.8,2500.8,63.72,3.947,124235.31
2023-04-08,FIELD-001,4322.2,4345.0,63.04,3.938,289582.1
2023-04-08,FIELD-002,4465.0,4257.7,64.82,3.877,305928.4
2023-04-08,FIELD-003,3047.1,3040.2,60.25,3.94,195566.16
2023-04-08,FIELD-004,1767.8,2500.2,63.23,3.903,121536.27
2023-04-09,FIELD-001,4117.7,4058.1,62.81,3.868,274329.47
2023-04-09,FIELD-002,4577.0,4294.0,64.03,3.871,309687.38
2023-04-09,FIELD-003,3165.3,3185.2,60.71,3.943,204724.61
2023-04-09,FIELD-004,1805.0,2430.7,63.36,3.931,123919.88
2023-04-10,FIELD-001,4346.7,4187.7,62.85,3.923,289618.44
2023-04-10,FIELD-002,4313.1,4139.1,64.44,3.925,294182.13
2023-04-10,FIELD-003,3208.0,3181.9,60.13,3.928,205395.54
2023-04-10,FIELD-004,1786.8,2363.3,63.02,3.85,121702.84
2023-04-11,FIELD-001,4308.8,4427.3,63.31,3.972,290375.36
2023-04-11,FIELD-002,4557.0,4388.4,64.89,3.891,312778.99
2023-04-11,FIELD-003,3034.2,3136.8,61.61,3.967,199380.75
2023-04-11,FIELD-004,1744.0,2306.8,62.0,3.943,117223.71
2023-04-12,FIELD-001,4181.0,4231.6,63.31,3.831,280910.37
2023-04-12,FIELD-002,4527.4,4427.7,63.62,3.933,305447.33
2023-04-12,FIELD-003,3066.0,3157.8,60.5,3.852,197656.85
2023-04-12,FIELD-004,1809.6,2408.4,62.98,3.865,123277.07
2023-04-13,FIELD-001,2616.5,3099.5,63.57,3.99,178697.91
2023-04-13,FIELD-002,4488.9,4172.2,64.36,3.96,305427.52
2023-04-13,FIELD-003,2988.3,3076.2,60.1,3.949,191744.74
2023-04-13,FIELD-004,1757.8,2393.8,63.94,3.888,121700.83
2023-04-14,FIELD-001,4276.1,4316.8,63.98,3.899,290416.08
2023-04-14,FIELD-002,4573.7,4358.4,64.7,3.887,312859.49
2023-04-14,FIELD-003,2232.0,2343.6,59.31,3.895,141508.24
2023-04-14,FIELD-004,1793.8,2371.8,63.43,3.929,123099.54
2023-04-15,FIELD-001,3429.6,3421.8,63.73,3.906,231933.96
2023-04-15,FIELD-002,4435.9,4211.5,64.06,3.897,300575.97
2023-04-15,FIELD-003,3080.3,3066.9,60.96,3.825,199505.98
2023-04-15,FIELD-004,1793.8,2405.0,62.68,3.92,121862.98
2023-04-16,FIELD-001,4372.8,4305.0,62.31,3.943,289443.78
2023-04-16,FIELD-002,4468.4,4224.0,64.71,3.849,305408.34
2023-04-16,FIELD-003,3062.6,3038.2,60.97,3.913,198615.2
2023-04-16,FIELD-004,1752.2,2465.6,63.5,3.952,121008.75
2023-04-17,FIELD-001,3907.2,3871.9,63.83,3.914,264551.19
2023-04-17,FIELD-002,4528.7,4343.7,65.01,3.89,311307.78
2023-04-17,FIELD-003,3106.2,3188.6,60.48,3.887,200257.06
2023-04-17,FIELD-004,1829.9,2476.1,62.86,3.859,124582.78
2023-04-18,FIELD-001,2506.9,2442.0,64.28,3.884,170628.26
2023-04-18,FIELD-002,4470.2,4225.5,63.42,3.91,300021.79
2023-04-18,FIELD-003,3119.3,3123.5,60.1,3.947,199798.38
2023-04-18,FIELD-004,1786.3,2502.3,63.7,3.93,123621.35
2023-04-19,FIELD-001,4010.4,4050.2,62.32,3.875,265622.65
2023-04-19,FIELD-002,4448.6,4368.8,64.0,3.884,301678.82
2023-04-19,FIELD-003,3018.3,3112.0,61.09,3.98,196773.71
2023-04-19,FIELD-004,1811.5,2392.8,62.67,3.946,122968.69
2023-04-20,FIELD-001,4162.1,4299.4,62.98,3.874,278784.93
2023-04-20,FIELD-002,4497.7,4304.6,63.36,3.928,301882.74
2023-04-20,FIELD-003,3187.8,3114.0,61.03,3.901,206699.15
2023-04-20,FIELD-004,1724.3,2311.9,63.0,3.876,117591.82
2023-04-21,FIELD-001,4220.5,4240.6,62.49,3.904,280294.35
2023-04-21,FIELD-002,4415.7,4366.8,63.63,3.95,298219.85
2023-04-21,FIELD-003,3164.1,3247.6,60.16,3.869,202917.22
2023-04-21,FIELD-004,1826.0,2381.3,61.84,3.846,122078.32
2023-04-22,FIELD-001,4079.8,4168.1,62.64,3.903,271826.77
2023-04-22,FIELD-002,4402.1,4185.3,63.05,3.862,293716.03
2023-04-22,FIELD-003,2963.4,2901.3,61.5,3.901,193567.07
2023-04-22,FIELD-004,1797.8,2462.5,63.67,3.892,124049.98
2023-04-23,FIELD-001,4430.7,4356.1,62.75,3.912,295067.49
2023-04-23,FIELD-002,4590.3,4450.1,64.5,3.938,313598.84
2023-04-23,FIELD-003,2857.9,3000.7,61.07,3.885,186189.67
2023-04-23,FIELD-004,1810.3,2416.4,63.03,3.921,123577.91
2023-04-24,FIELD-001,4304.4,4186.3,62.52,3.86,285270.21
2023-04-24,FIELD-002,4483.1,4225.8,64.26,3.905,304585.76
2023-04-24,FIELD-003,3032.9,3045.6,61.17,3.864,197290.69
2023-04-24,FIELD-004,1706.0,2258.0,63.5,3.939,117225.26
2023-04-25,FIELD-001,4221.1,4305.4,63.57,3.87,284997.23
2023-04-25,FIELD-002,4571.6,4325.4,63.85,3.936,308921.43
2023-04-25,FIELD-003,3045.9,3230.4,60.93,3.91,198217.55
2023-04-25,FIELD-004,1625.8,2178.1,63.04,3.899,110982.84
2023-04-26,FIELD-001,3403.5,3452.7,63.03,3.913,228033.02
2023-04-26,FIELD-002,4367.9,4301.1,63.45,3.903,293930.45
2023-04-26,FIELD-003,3167.2,3165.8,60.12,3.897,202749.19
2023-04-26,FIELD-004,1818.4,2437.5,62.34,3.913,122896.99
2023-04-27,FIELD-001,3775.7,3628.4,62.25,3.94,249333.22
2023-04-27,FIELD-002,3991.1,3631.4,64.03,3.927,269810.64
2023-04-27,FIELD-003,3207.9,3238.7,60.66,3.93,207319.3
2023-04-27,FIELD-004,1782.1,2406.0,63.47,3.962,122642.46
2023-04-28,FIELD-001,4327.8,4118.6,63.12,3.889,289187.97
2023-04-28,FIELD-002,4499.7,4424.5,63.73,3.89,303977.19
2023-04-28,FIELD-003,2987.6,3038.9,60.71,3.904,193241.06
2023-04-28,FIELD-004,1810.9,2586.8,63.08,3.93,124397.7
2023-04-29,FIELD-001,4134.1,4181.2,62.03,3.981,273083.58
2023-04-29,FIELD-002,4492.3,4303.3,64.58,3.841,306641.71
2023-04-29,FIELD-003,3046.3,3154.1,60.62,3.937,197084.4
2023-04-29,FIELD-004,1833.4,2420.6,63.0,3.919,124990.53
2023-04-30,FIELD-001,2309.9,2334.7,63.0,3.887,154598.68
2023-04-30,FIELD-002,2577.6,2584.7,64.39,3.809,175816.79
2023-04-30,FIELD-003,3141.1,3224.6,59.86,3.889,200566.72
2023-04-30,FIELD-004,720.6,974.2,63.25,3.904,49381.23
2023-05-01,FIELD-001,3187.6,3250.3,61.38,3.401,206709.16
2023-05-01,FIELD-002,3384.3,3249.8,62.93,3.291,223669.09
2023-05-01,FIELD-003,3064.5,3046.3,58.87,3.296,190447.72
2023-05-01,FIELD-004,1054.0,1405.5,61.97,3.365,70045.89
2023-05-02,FIELD-001,4153.2,4222.8,61.96,3.303,271280.18
2023-05-02,FIELD-002,4435.8,4242.3,63.03,3.273,293473.52
2023-05-02,FIELD-003,2941.7,2972.7,58.73,3.311,182608.65
2023-05-02,FIELD-004,1447.4,1951.2,62.22,3.369,96630.82
2023-05-03,FIELD-001,4076.6,4176.6,62.32,3.316,267903.32
2023-05-03,FIELD-002,4399.5,4236.1,63.48,3.329,293382.24
2023-05-03,FIELD-003,3054.4,3076.4,58.68,3.305,189399.69
2023-05-03,FIELD-004,582.0,787.1,62.5,3.3,38972.43
2023-05-04,FIELD-001,4311.0,4328.4,62.94,3.333,285760.9
2023-05-04,FIELD-002,4416.2,4058.0,63.7,3.324,294800.73
2023-05-04,FIELD-003,3059.2,3132.2,59.44,3.321,192240.88
2023-05-04,FIELD-004,1742.5,2339.8,62.43,3.297,116498.6
2023-05-05,FIELD-001,4296.6,4352.4,62.03,3.339,281050.76
2023-05-05,FIELD-002,4435.8,4371.5,62.95,3.295,293637.7
2023-05-05,FIELD-003,2870.9,2833.7,58.71,3.365,178085.94
2023-05-05,FIELD-004,1822.5,2561.9,63.28,3.273,123712.9
2023-05-06,FIELD-001,4292.8,4199.7,62.81,3.262,283330.19
2023-05-06,FIELD-002,4444.2,4185.9,63.36,3.334,295540.3
2023-05-06,FIELD-003,2980.8,2977.4,59.8,3.304,188089.17
2023-05-06,FIELD-004,1696.5,2265.7,62.14,3.326,112956.23
2023-05-07,FIELD-001,4217.1,4086.1,61.71,3.342,273892.99
2023-05-07,FIELD-002,4485.6,4340.5,63.74,3.311,300283.54
2023-05-07,FIELD-003,3009.2,3098.1,59.7,3.298,189866.77
2023-05-07,FIELD-004,1810.5,2418.5,62.48,3.378,121289.73
2023-05-08,FIELD-001,4172.8,4121.1,62.02,3.308,272429.65
2023-05-08,FIELD-002,4361.0,4352.9,63.11,3.346,289787.51
2023-05-08,FIELD-003,2980.2,3007.1,60.21,3.338,189475.54
2023-05-08,FIELD-004,1651.2,2266.8,62.04,3.282,109880.09
2023-05-09,FIELD-001,4192.5,4220.9,61.51,3.316,271877.18
2023-05-09,FIELD-002,2933.7,2744.0,63.95,3.3,196665.32
2023-05-09,FIELD-003,3020.7,3071.5,61.15,3.285,194805.68
2023-05-09,FIELD-004,1787.5,2398.9,62.94,3.35,120541.56
2023-05-10,FIELD-001,4234.9,4136.1,61.91,3.306,275856.61
2023-05-10,FIELD-002,4330.9,4145.7,63.44,3.291,288395.79
2023-05-10,FIELD-003,3070.2,3095.0,59.28,3.317,192267.57
2023-05-10,FIELD-004,1319.5,1786.2,61.43,3.349,87038.87
2023-05-11,FIELD-001,3166.7,3164.4,62.13,3.311,207224.4
2023-05-11,FIELD-002,3123.5,2911.1,64.54,3.367,211392.36
2023-05-11,FIELD-003,3052.3,3157.4,59.6,3.306,192355.44
2023-05-11,FIELD-004,1404.8,1902.7,62.75,3.317,94462.46
2023-05-12,FIELD-001,4143.7,4168.0,62.97,3.29,274641.51
2023-05-12,FIELD-002,4447.4,4337.1,63.49,3.319,296760.26
2023-05-12,FIELD-003,3012.2,3138.4,58.43,3.315,186406.64
2023-05-12,FIELD-004,1744.6,2462.4,61.81,3.292,115939.95
2023-05-13,FIELD-001,4209.8,4282.3,62.39,3.361,277042.23
2023-05-13,FIELD-002,4349.4,4436.5,62.95,3.352,288665.88
2023-05-13,FIELD-003,3031.5,2982.4,58.96,3.253,188438.99
2023-05-13,FIELD-004,1746.0,2262.7,61.67,3.313,115172.15
2023-05-14,FIELD-001,4144.9,4090.0,62.1,3.319,270973.0
2023-05-14,FIELD-002,4287.7,4107.1,62.87,3.363,283379.88
2023-05-14,FIELD-003,2882.9,2916.6,60.17,3.331,183179.29
2023-05-14,FIELD-004,1782.8,2372.4,61.09,3.334,116820.83
2023-05-15,FIELD-001,4262.6,4125.0,61.45,3.257,275371.9
2023-05-15,FIELD-002,4327.7,4177.9,62.67,3.339,285166.97
2023-05-15,FIELD-003,2987.6,2999.1,59.53,3.349,187895.81
2023-05-15,FIELD-004,1733.2,2322.9,61.19,3.276,113664.33
2023-05-16,FIELD-001,3982.2,3983.1,62.54,3.267,262059.58
2023-05-16,FIELD-002,3206.0,2967.1,64.37,3.328,216244.73
2023-05-16,FIELD-003,3025.8,3048.7,59.35,3.301,189644.99
2023-05-16,FIELD-004,1771.2,2404.2,62.28,3.273,118179.28
2023-05-17,FIELD-001,4208.2,4176.9,62.37,3.285,276186.55
2023-05-17,FIELD-002,4281.0,4251.7,62.49,3.364,281822.41
2023-05-17,FIELD-003,3000.0,3139.8,60.41,3.33,191685.53
2023-05-17,FIELD-004,1802.6,2449.8,61.73,3.319,119405.38
2023-05-18,FIELD-001,4140.7,4135.1,62.43,3.382,272488.81
2023-05-18,FIELD-002,4361.3,4125.8,64.45,3.345,294886.59
2023-05-18,FIELD-003,2979.6,3179.0,60.62,3.305,191129.95
2023-05-18,FIELD-004,1762.0,2415.7,62.54,3.293,118150.38
2023-05-19,FIELD-001,4157.4,4232.1,61.76,3.302,270735.42
2023-05-19,FIELD-002,4359.9,4281.9,63.49,3.316,291008.83
2023-05-19,FIELD-003,3002.4,3101.9,59.85,3.29,189898.89
2023-05-19,FIELD-004,1310.2,1868.1,61.42,3.27,86581.17
2023-05-20,FIELD-001,4239.4,4144.2,61.82,3.307,275784.58
2023-05-20,FIELD-002,3542.9,3352.5,62.9,3.313,233955.24
2023-05-20,FIELD-003,2960.0,2940.7,59.07,3.319,184607.38
2023-05-20,FIELD-004,1779.8,2423.7,62.67,3.28,119489.8
2023-05-21,FIELD-001,4027.0,4037.4,62.21,3.282,263770.42
2023-05-21,FIELD-002,4227.3,4206.0,63.65,3.281,282867.53
2023-05-21,FIELD-003,2987.4,2961.1,59.49,3.321,187554.24
2023-05-21,FIELD-004,1694.4,2302.0,63.06,3.326,114505.32
2023-05-22,FIELD-001,4110.3,4058.9,61.46,3.329,266131.12
2023-05-22,FIELD-002,4376.2,4236.2,64.59,3.322,296731.41
2023-05-22,FIELD-003,2934.7,2955.4,59.07,3.309,183132.15
2023-05-22,FIELD-004,1807.6,2378.7,62.07,3.394,120271.04
2023-05-23,FIELD-001,4134.9,4219.6,61.57,3.331,268641.28
2023-05-23,FIELD-002,4271.1,4156.9,63.75,3.3,286000.4
2023-05-23,FIELD-003,3048.3,3057.4,60.36,3.331,194179.59
2023-05-23,FIELD-004,1776.1,2383.0,62.61,3.297,119058.37
2023-05-24,FIELD-001,4020.5,4077.0,61.17,3.343,259563.4
2023-05-24,FIELD-002,4290.3,4058.4,63.28,3.335,285024.95
2023-05-24,FIELD-003,2888.5,2985.5,59.47,3.344,181762.61
2023-05-24,FIELD-004,1289.2,1720.0,62.48,3.311,86244.14
2023-05-25,FIELD-001,1695.7,1695.1,62.14,3.336,111025.65
2023-05-25,FIELD-002,4323.8,4179.2,63.08,3.307,286565.92
2023-05-25,FIELD-003,2930.2,2903.8,59.33,3.325,183503.9
2023-05-25,FIELD-004,1743.8,2401.8,62.09,3.31,116222.5
2023-05-26,FIELD-001,1686.7,1701.7,61.56,3.31,109465.88
2023-05-26,FIELD-002,4389.8,4213.2,62.59,3.31,288703.27
2023-05-26,FIELD-003,2792.9,2840.5,59.96,3.361,177009.2
2023-05-26,FIELD-004,1692.7,2249.7,62.51,3.305,113245.94
2023-05-27,FIELD-001,3273.4,3270.6,62.16,3.355,214447.41
2023-05-27,FIELD-002,4302.6,4258.6,63.09,3.311,285551.26
2023-05-27,FIELD-003,2887.3,2998.4,59.14,3.32,180709.61
2023-05-27,FIELD-004,1788.7,2494.7,62.16,3.271,119345.76
2023-05-28,FIELD-001,4209.3,4248.8,62.54,3.326,277381.13
2023-05-28,FIELD-002,4257.2,4083.4,63.22,3.359,282856.32
2023-05-28,FIELD-003,2955.5,2994.6,60.37,3.315,188350.63
2023-05-28,FIELD-004,1787.6,2400.4,62.83,3.362,120385.05
2023-05-29,FIELD-001,4243.3,4039.9,62.21,3.392,277679.03
2023-05-29,FIELD-002,4296.1,4243.0,63.12,3.344,285358.42
2023-05-29,FIELD-003,2426.9,2419.3,60.08,3.285,153755.55
2023-05-29,FIELD-004,1756.7,2470.7,62.78,3.322,118493.29
2023-05-30,FIELD-001,4078.4,4137.8,61.17,3.335,263275.29
2023-05-30,FIELD-002,4294.0,4096.6,63.03,3.327,284280.21
2023-05-30,FIELD-003,3054.1,3134.0,60.09,3.326,193944.55
2023-05-30,FIELD-004,1773.5,2410.3,62.29,3.286,118391.56
2023-05-31,FIELD-001,3842.7,3818.2,62.36,3.313,252280.47
2023-05-31,FIELD-002,4296.8,4071.8,63.57,3.316,286649.66
2023-05-31,FIELD-003,2675.9,2863.6,59.96,3.303,169905.43
2023-05-31,FIELD-004,1718.1,2441.7,62.3,3.29,115070.82
2023-06-01,FIELD-001,3187.2,2881.4,62.56,3.174,208536.8
2023-06-01,FIELD-002,4292.9,4018.7,64.61,3.124,289918.69
2023-06-01,FIELD-003,3046.9,3119.0,60.47,3.18,194164.46
2023-06-01,FIELD-004,1785.1,2354.7,63.23,3.131,120244.44
2023-06-02,FIELD-001,4032.7,3843.3,63.15,3.086,266525.43
2023-06-02,FIELD-002,4257.0,4183.1,63.99,3.146,285565.46
2023-06-02,FIELD-003,2877.1,2820.0,60.24,3.099,182055.68
2023-06-02,FIELD-004,1512.6,1975.7,63.43,3.116,102100.5
2023-06-03,FIELD-001,4089.4,4201.0,62.73,3.108,269584.77
2023-06-03,FIELD-002,4346.0,4176.9,63.58,3.184,289617.93
2023-06-03,FIELD-003,2949.0,3083.9,60.71,3.128,188680.23
2023-06-03,FIELD-004,1737.0,2345.7,64.36,3.152,119186.97
2023-06-04,FIELD-001,4204.8,4226.1,63.16,3.131,278807.09
2023-06-04,FIELD-002,4278.3,4284.7,64.99,3.139,291496.39
2023-06-04,FIELD-003,2966.1,3007.8,61.14,3.088,190635.44
2023-06-04,FIELD-004,1718.7,2394.3,62.57,3.119,115006.88
2023-06-05,FIELD-001,3720.4,3901.3,63.62,3.127,248891.21
2023-06-05,FIELD-002,4271.4,4185.5,65.38,3.173,292544.72
2023-06-05,FIELD-003,2974.9,2987.1,60.8,3.137,190244.45
2023-06-05,FIELD-004,1764.3,2345.2,63.59,3.121,119511.21
2023-06-06,FIELD-001,4348.0,4224.2,63.8,3.083,290425.61
2023-06-06,FIELD-002,4268.2,4288.6,64.73,3.148,289781.1
2023-06-06,FIELD-003,3001.1,2986.9,60.87,3.073,191855.7
2023-06-06,FIELD-004,1711.3,2329.2,63.69,3.133,116290.08
2023-06-07,FIELD-001,4134.1,4031.1,63.3,3.111,274229.28
2023-06-07,FIELD-002,3824.8,3793.9,64.28,3.156,257831.69
2023-06-07,FIELD-003,2916.2,3052.1,60.07,3.14,184759.73
2023-06-07,FIELD-004,1729.6,2296.8,63.14,3.069,116255.82
2023-06-08,FIELD-001,4088.8,4105.0,62.33,3.176,267892.38
2023-06-08,FIELD-002,3647.2,3442.1,65.02,3.113,247856.2
2023-06-08,FIELD-003,2251.2,2006.7,60.95,3.114,143459.5
2023-06-08,FIELD-004,1756.8,2332.4,64.51,3.098,120556.94
2023-06-09,FIELD-001,4143.8,4148.7,62.83,3.109,273253.26
2023-06-09,FIELD-002,3979.4,3693.3,63.9,3.126,265828.92
2023-06-09,FIELD-003,2476.1,2531.5,61.41,3.11,159930.27
2023-06-09,FIELD-004,709.0,936.9,62.95,3.153,47585.6
2023-06-10,FIELD-001,4232.7,4234.7,63.63,3.127,282568.61
2023-06-10,FIELD-002,4359.4,4187.7,65.23,3.16,297596.79
2023-06-10,FIELD-003,3015.5,3196.1,60.86,3.134,193539.91
2023-06-10,FIELD-004,724.3,1000.1,64.43,3.123,49789.96
2023-06-11,FIELD-001,4055.9,4156.9,63.51,3.104,270493.23
2023-06-11,FIELD-002,3937.2,3853.4,64.35,3.11,265342.89
2023-06-11,FIELD-003,2909.3,3033.6,62.0,3.109,189808.06
2023-06-11,FIELD-004,767.7,1123.4,63.78,3.137,52488.01
2023-06-12,FIELD-001,4032.7,4034.6,63.64,3.169,269426.68
2023-06-12,FIELD-002,4837.0,4553.5,64.8,3.145,327758.36
2023-06-12,FIELD-003,2569.9,2775.7,61.42,3.165,166628.35
2023-06-12,FIELD-004,1708.0,2291.0,63.62,3.156,115893.36
2023-06-13,FIELD-001,4166.8,4262.2,63.0,3.1,275721.22
2023-06-13,FIELD-002,4933.7,4705.3,63.74,3.133,329215.74
2023-06-13,FIELD-003,2892.5,2983.9,61.57,3.126,187418.9
2023-06-13,FIELD-004,863.7,1249.2,62.23,3.094,57613.08
2023-06-14,FIELD-001,4220.0,4328.3,63.27,3.087,280360.86
2023-06-14,FIELD-002,4593.1,4356.8,65.07,3.178,312718.93
2023-06-14,FIELD-003,2806.9,2932.9,61.51,3.13,181832.4
2023-06-14,FIELD-004,895.3,1363.5,64.28,3.12,61804.0
2023-06-15,FIELD-001,4160.8,4150.0,62.95,3.09,274745.86
2023-06-15,FIELD-002,4973.2,4682.7,64.03,3.101,332955.05
2023-06-15,FIELD-003,1156.1,1188.9,60.8,3.091,73965.77
2023-06-15,FIELD-004,1316.0,1900.4,63.3,3.165,89317.57
2023-06-16,FIELD-001,4047.9,4107.5,63.16,3.092,268365.75
2023-06-16,FIELD-002,4737.2,4579.4,64.43,3.138,319587.95
2023-06-16,FIELD-003,1173.8,1213.2,60.59,3.123,74909.37
2023-06-16,FIELD-004,1764.3,2381.5,64.21,3.101,120670.73
2023-06-17,FIELD-001,4104.6,4155.5,63.25,3.135,272643.44
2023-06-17,FIELD-002,4737.1,4438.4,64.04,3.082,317043.03
2023-06-17,FIELD-003,1162.5,1198.1,59.87,3.121,73338.15
2023-06-17,FIELD-004,1772.3,2437.0,63.03,3.108,119282.26
2023-06-18,FIELD-001,3990.1,4085.7,63.13,3.158,264797.65
2023-06-18,FIELD-002,3909.6,3638.3,65.24,3.1,266341.03
2023-06-18,FIELD-003,1166.2,1207.7,60.77,3.113,74629.54
2023-06-18,FIELD-004,1388.3,1853.1,63.15,3.132,93475.05
2023-06-19,FIELD-001,4090.8,4100.8,64.16,3.161,275428.36
2023-06-19,FIELD-002,4268.2,4171.3,65.16,3.096,291030.26
2023-06-19,FIELD-003,1733.0,1790.0,61.41,3.105,111981.48
2023-06-19,FIELD-004,1710.8,2347.5,63.81,3.11,116466.87
2023-06-20,FIELD-001,2875.9,2879.0,62.71,3.13,189358.96
2023-06-20,FIELD-002,4801.4,4559.5,64.92,3.162,326124.03
2023-06-20,FIELD-003,2907.5,2900.7,61.28,3.125,187236.29
2023-06-20,FIELD-004,1416.1,1900.1,63.97,3.124,96523.83
2023-06-21,FIELD-001,3901.6,3866.4,63.59,3.122,260173.64
2023-06-21,FIELD-002,4994.2,4770.6,64.88,3.127,338941.36
2023-06-21,FIELD-003,2930.9,3060.6,61.48,3.093,189658.17
2023-06-21,FIELD-004,1742.0,2433.3,64.73,3.111,120329.66
2023-06-22,FIELD-001,3128.0,2905.6,63.21,3.131,206818.31
2023-06-22,FIELD-002,4862.3,4513.9,64.92,3.177,330001.18
2023-06-22,FIELD-003,1761.5,1398.8,60.99,3.165,111861.09
2023-06-22,FIELD-004,1664.8,2285.4,64.36,3.159,114366.11
2023-06-23,FIELD-001,3267.2,2902.9,62.77,3.139,214194.35
2023-06-23,FIELD-002,4902.3,4651.7,64.52,3.182,331098.11
2023-06-23,FIELD-003,2822.2,2843.0,60.67,3.135,180135.68
2023-06-23,FIELD-004,1765.1,2341.7,64.38,3.106,120910.46
2023-06-24,FIELD-001,3884.4,3753.9,62.88,3.163,256124.66
2023-06-24,FIELD-002,4925.8,4668.8,63.77,3.08,328498.17
2023-06-24,FIELD-003,2520.9,2548.4,61.31,3.137,162550.71
2023-06-24,FIELD-004,1698.4,2384.8,63.71,3.129,115667.1
2023-06-25,FIELD-001,4251.0,4244.0,63.18,3.154,281963.76
2023-06-25,FIELD-002,4934.4,4773.0,63.99,3.047,330295.59
2023-06-25,FIELD-003,2235.4,2458.3,61.44,3.125,145025.16
2023-06-25,FIELD-004,1751.5,2393.5,63.77,3.122,119165.66
2023-06-26,FIELD-001,3970.9,4033.3,62.9,3.084,262208.31
2023-06-26,FIELD-002,4661.6,4483.0,64.88,3.105,316364.32
2023-06-26,FIELD-003,2726.9,2769.1,60.69,3.114,174118.54
2023-06-26,FIELD-004,1775.9,2391.9,63.89,3.164,121030.22
2023-06-27,FIELD-001,3788.7,3973.3,62.57,3.108,249407.98
2023-06-27,FIELD-002,4819.3,4445.2,64.8,3.137,326235.23
2023-06-27,FIELD-003,2466.8,2552.5,60.54,3.072,157181.35
2023-06-27,FIELD-004,1684.9,2303.1,63.78,3.157,114733.81
2023-06-28,FIELD-001,4059.6,4085.2,63.72,3.152,271554.26
2023-06-28,FIELD-002,4915.5,4686.8,65.14,3.123,334832.55
2023-06-28,FIELD-003,2861.6,2927.1,60.65,3.098,182624.2
2023-06-28,FIELD-004,1726.4,2377.4,64.57,3.106,118857.85
2023-06-29,FIELD-001,4028.8,3870.2,64.2,3.037,270402.76
2023-06-29,FIELD-002,3384.5,3242.8,64.78,3.09,229268.16
2023-06-29,FIELD-003,2966.1,2980.8,60.99,3.134,190244.27
2023-06-29,FIELD-004,1762.7,2445.9,64.05,3.131,120559.05
2023-06-30,FIELD-001,4020.2,4101.0,63.46,3.118,267908.81
2023-06-30,FIELD-002,4951.0,4728.6,64.68,3.173,335234.53
2023-06-30,FIELD-003,2797.1,2851.4,60.82,3.141,179075.87
2023-06-30,FIELD-004,1467.6,2011.3,63.17,3.154,99051.93
2023-07-01,FIELD-001,2831.2,2872.9,64.08,2.987,190004.65
2023-07-01,FIELD-002,4868.1,4522.8,66.06,2.986,335091.77
2023-07-01,FIELD-003,2446.4,2520.8,60.89,2.915,156309.43
2023-07-01,FIELD-004,1697.6,2329.1,62.99,2.947,113795.68
2023-07-02,FIELD-001,4086.8,4126.5,64.55,2.954,275992.62
2023-07-02,FIELD-002,4822.3,4683.7,66.64,3.001,335413.86
2023-07-02,FIELD-003,1119.3,1153.8,61.68,2.989,72487.13
2023-07-02,FIELD-004,1735.1,2378.9,65.09,2.993,120057.71
2023-07-03,FIELD-001,4245.6,4212.7,64.25,2.958,285240.97
2023-07-03,FIELD-002,4944.1,4633.0,64.86,2.959,334383.37
2023-07-03,FIELD-003,1513.1,1559.1,62.38,2.882,98880.5
2023-07-03,FIELD-004,1684.0,2235.2,64.12,2.882,114419.93
2023-07-04,FIELD-001,4008.9,3992.7,64.52,2.94,270392.77
2023-07-04,FIELD-002,4818.2,4340.3,66.44,2.928,332829.61
2023-07-04,FIELD-003,2809.4,2808.2,62.53,2.9,183815.56
2023-07-04,FIELD-004,1748.4,2360.6,65.11,2.938,120773.77
2023-07-05,FIELD-001,3789.1,3774.0,63.97,2.957,253548.44
2023-07-05,FIELD-002,4945.2,4672.0,66.05,2.919,340268.03
2023-07-05,FIELD-003,2814.6,2821.7,61.63,2.947,181779.35
2023-07-05,FIELD-004,1736.5,2356.6,63.9,2.983,117992.09
2023-07-06,FIELD-001,4141.2,4310.5,63.52,2.953,275777.93
2023-07-06,FIELD-002,4899.3,4502.9,66.22,2.913,337548.59
2023-07-06,FIELD-003,2856.2,2910.0,61.91,2.958,185435.12
2023-07-06,FIELD-004,1751.3,2290.3,63.48,2.976,117988.46
2023-07-07,FIELD-001,4193.8,3997.6,63.55,2.938,278260.94
2023-07-07,FIELD-002,4739.3,4510.0,65.62,2.956,324324.43
2023-07-07,FIELD-003,2862.4,2959.7,61.88,2.95,185856.43
2023-07-07,FIELD-004,1699.3,2384.0,64.47,2.904,116477.01
2023-07-08,FIELD-001,4164.9,4178.5,64.25,2.964,279979.9
2023-07-08,FIELD-002,4756.4,4550.8,65.7,2.949,325915.79
2023-07-08,FIELD-003,2835.3,2945.9,62.08,2.96,184735.29
2023-07-08,FIELD-004,1658.0,2217.5,63.91,3.006,112628.58
2023-07-09,FIELD-001,4119.5,3978.0,63.52,2.97,273485.3
2023-07-09,FIELD-002,1917.5,1852.9,65.99,2.992,132079.7
2023-07-09,FIELD-003,2869.1,2912.8,61.63,2.951,185418.31
2023-07-09,FIELD-004,1715.5,2397.0,65.48,2.956,119416.47
2023-07-10,FIELD-001,4092.2,4188.8,63.97,2.949,274130.81
2023-07-10,FIELD-002,1932.0,1840.4,66.81,2.911,134434.32
2023-07-10,FIELD-003,2683.1,2764.4,62.22,2.981,175183.16
2023-07-10,FIELD-004,1712.4,2334.1,64.8,2.953,117856.12
2023-07-11,FIELD-001,4145.6,4109.9,64.4,2.929,279014.54
2023-07-11,FIELD-002,3972.8,3746.3,64.95,2.969,269156.12
2023-07-11,FIELD-003,2820.6,2987.7,60.96,2.952,180763.47
2023-07-11,FIELD-004,1689.0,2278.4,64.57,2.948,115775.45
2023-07-12,FIELD-001,4192.3,4221.7,65.02,2.994,285223.12
2023-07-12,FIELD-002,4841.0,4624.5,65.96,2.971,333051.75
2023-07-12,FIELD-003,2670.2,2764.5,60.97,2.957,170976.72
2023-07-12,FIELD-004,1705.4,2225.1,64.72,2.894,116812.93
2023-07-13,FIELD-001,3953.7,4032.1,64.55,2.966,267170.54
2023-07-13,FIELD-002,4820.4,4573.5,65.82,2.945,330747.69
2023-07-13,FIELD-003,2904.7,2942.2,61.83,2.92,188188.82
2023-07-13,FIELD-004,1746.0,2403.8,64.81,2.973,120304.76
2023-07-14,FIELD-001,4108.0,4013.2,63.59,2.965,273126.86
2023-07-14,FIELD-002,4660.3,4648.6,65.89,2.908,320585.3
2023-07-14,FIELD-003,2734.9,2809.7,62.4,2.932,178895.8
2023-07-14,FIELD-004,1657.2,2303.6,63.95,2.927,112720.58
2023-07-15,FIELD-001,4032.0,3929.7,63.93,2.967,269425.18
2023-07-15,FIELD-002,4819.6,4607.9,65.49,2.944,329201.26
2023-07-15,FIELD-003,2541.2,2380.8,62.32,2.971,165440.94
2023-07-15,FIELD-004,1348.9,1814.1,63.64,2.918,91137.54
2023-07-16,FIELD-001,4043.6,4154.2,64.02,2.919,270997.38
2023-07-16,FIELD-002,4323.2,4133.6,66.12,2.992,298217.72
2023-07-16,FIELD-003,1933.7,1952.6,60.91,2.922,123487.16
2023-07-16,FIELD-004,1627.4,2204.9,65.0,2.926,112232.54
2023-07-17,FIELD-001,3598.7,3497.2,63.67,2.957,239470.45
2023-07-17,FIELD-002,4818.9,4551.8,64.97,2.959,326552.71
2023-07-17,FIELD-003,2714.8,2718.8,61.91,2.96,176120.92
2023-07-17,FIELD-004,1697.9,2262.7,64.54,2.942,116239.33
2023-07-18,FIELD-001,4134.1,4129.6,64.24,2.939,277711.48
2023-07-18,FIELD-002,4837.0,4709.0,66.02,2.904,333013.68
2023-07-18,FIELD-003,2855.5,2842.9,62.38,2.937,186475.69
2023-07-18,FIELD-004,1606.8,2164.7,63.8,2.953,108906.2
2023-07-19,FIELD-001,3132.6,2888.4,65.07,2.937,212321.51
2023-07-19,FIELD-002,4927.9,4664.8,66.19,3.022,340274.73
2023-07-19,FIELD-003,2083.6,2149.4,60.92,2.902,133170.47
2023-07-19,FIELD-004,1703.5,2351.0,64.51,2.957,116844.69
2023-07-20,FIELD-001,3780.7,3646.5,64.0,2.917,252601.64
2023-07-20,FIELD-002,4983.8,4863.3,65.09,2.945,338717.96
2023-07-20,FIELD-003,2817.6,2772.4,62.07,2.909,182953.34
2023-07-20,FIELD-004,1730.8,2329.3,64.38,2.958,118318.97
2023-07-21,FIELD-001,4075.6,4039.3,64.98,2.953,276760.54
2023-07-21,FIELD-002,3887.6,4051.4,65.98,2.968,268528.4
2023-07-21,FIELD-003,2717.6,2791.5,61.76,2.958,176096.23
2023-07-21,FIELD-004,1687.6,2257.2,63.44,2.942,113702.03
2023-07-22,FIELD-001,4000.7,4055.9,64.19,2.937,268717.11
2023-07-22,FIELD-002,5018.1,4677.4,64.92,2.929,339475.16
2023-07-22,FIELD-003,2631.6,2595.7,60.62,2.97,167236.82
2023-07-22,FIELD-004,1742.5,2360.5,65.52,2.946,121122.63
2023-07-23,FIELD-001,4048.2,4189.3,64.19,2.945,272191.45
2023-07-23,FIELD-002,4992.9,4732.1,65.56,2.962,341351.0
2023-07-23,FIELD-003,2751.7,2896.3,61.77,2.97,178574.52
2023-07-23,FIELD-004,1721.4,2301.9,64.44,2.974,117772.87
2023-07-24,FIELD-001,4032.0,4052.5,64.56,2.95,272260.8
2023-07-24,FIELD-002,4955.9,4845.7,65.35,2.937,338099.89
2023-07-24,FIELD-003,2717.2,2845.7,61.27,2.949,174874.81
2023-07-24,FIELD-004,1724.1,2240.5,64.05,2.956,117051.52
2023-07-25,FIELD-001,3157.9,3295.8,65.2,2.913,215495.75
2023-07-25,FIELD-002,4961.9,4865.6,65.65,2.88,339761.66
2023-07-25,FIELD-003,2850.7,2846.9,61.65,2.954,184155.4
2023-07-25,FIELD-004,1781.1,2388.5,64.59,2.958,122106.43
2023-07-26,FIELD-001,2371.3,2464.7,63.84,2.928,158600.43
2023-07-26,FIELD-002,4984.9,4741.3,65.96,2.887,342492.14
2023-07-26,FIELD-003,2789.6,2947.4,61.83,2.945,181161.06
2023-07-26,FIELD-004,1530.6,2000.2,65.16,2.943,105620.48
2023-07-27,FIELD-001,4019.0,4040.5,64.51,3.008,271419.51
2023-07-27,FIELD-002,1922.6,1880.2,65.63,2.934,131696.74
2023-07-27,FIELD-003,2775.8,2846.8,61.37,2.955,178763.14
2023-07-27,FIELD-004,1702.7,2270.2,63.52,2.961,114877.57
2023-07-28,FIELD-001,2087.2,2643.5,63.67,2.961,140719.43
2023-07-28,FIELD-002,1330.2,1289.0,65.47,2.937,90873.99
2023-07-28,FIELD-003,2826.1,2977.9,61.85,2.963,183617.8
2023-07-28,FIELD-004,1737.9,2352.8,65.81,2.944,121297.84
2023-07-29,FIELD-001,2973.3,3335.6,65.33,2.932,204025.67
2023-07-29,FIELD-002,4899.7,4620.3,65.64,2.952,335255.43
2023-07-29,FIELD-003,2622.2,2755.1,61.39,2.947,169096.14
2023-07-29,FIELD-004,1740.4,2273.5,63.95,2.969,118048.6
2023-07-30,FIELD-001,3352.0,3280.6,64.57,2.937,226073.76
2023-07-30,FIELD-002,4918.2,4613.0,65.94,2.938,337859.1
2023-07-30,FIELD-003,2804.7,2848.4,61.7,2.991,181569.55
2023-07-30,FIELD-004,1712.5,2316.5,63.55,2.983,115739.49
2023-07-31,FIELD-001,4010.1,3965.1,65.16,2.865,272658.13
2023-07-31,FIELD-002,4931.7,4575.8,65.77,2.977,337980.07
2023-07-31,FIELD-003,2835.9,2967.0,61.86,2.906,184050.88
2023-07-31,FIELD-004,1661.6,2189.7,63.86,2.972,112617.56
2023-08-01,FIELD-001,3780.2,3805.7,69.15,2.989,272776.07
2023-08-01,FIELD-002,4925.8,4496.0,71.01,3.075,363606.26
2023-08-01,FIELD-003,2716.0,2820.6,65.36,3.044,186103.67
2023-08-01,FIELD-004,1660.4,2178.8,69.06,3.047,121306.03
2023-08-02,FIELD-001,3953.5,4061.8,67.86,3.026,280575.52
2023-08-02,FIELD-002,4822.9,4515.7,69.38,3.051,348390.2
2023-08-02,FIELD-003,1287.2,1348.2,64.89,3.07,87665.38
2023-08-02,FIELD-004,1664.9,2190.3,68.25,3.055,120320.79
2023-08-03,FIELD-001,4103.5,4111.9,69.19,3.052,296470.68
2023-08-03,FIELD-002,4975.1,4665.9,70.7,3.059,366012.56
2023-08-03,FIELD-003,2696.3,2804.8,65.73,3.086,185883.41
2023-08-03,FIELD-004,1731.8,2362.7,69.46,3.074,127553.77
2023-08-04,FIELD-001,4041.0,4015.5,68.31,3.028,288199.64
2023-08-04,FIELD-002,4652.9,4317.7,70.21,3.042,339814.55
2023-08-04,FIELD-003,2796.3,2786.1,65.51,3.06,191711.08
2023-08-04,FIELD-004,1723.7,2374.8,68.71,3.039,125652.44
2023-08-05,FIELD-001,3193.9,3166.2,68.05,3.015,226890.99
2023-08-05,FIELD-002,4805.1,4659.5,68.8,2.977,344462.21
2023-08-05,FIELD-003,2827.8,2898.6,65.15,3.026,193002.33
2023-08-05,FIELD-004,1677.4,2305.2,68.47,3.063,121912.41
2023-08-06,FIELD-001,3751.2,3988.2,67.95,3.056,267081.98
2023-08-06,FIELD-002,5109.3,4966.0,69.91,3.071,372441.75
2023-08-06,FIELD-003,2767.9,2894.4,66.25,3.036,192160.77
2023-08-06,FIELD-004,1561.9,2012.4,68.57,3.043,113223.22
2023-08-07,FIELD-001,3989.1,3935.4,67.32,3.05,280549.18
2023-08-07,FIELD-002,4421.4,4161.9,69.5,3.039,319935.31
2023-08-07,FIELD-003,2679.6,2753.3,66.07,2.97,185218.47
2023-08-07,FIELD-004,1669.3,2305.0,68.11,3.06,120749.32
2023-08-08,FIELD-001,3855.2,4016.9,68.51,3.037,276319.08
2023-08-08,FIELD-002,4861.7,4800.6,70.68,3.068,358353.2
2023-08-08,FIELD-003,2705.0,2706.9,66.22,3.043,187362.2
2023-08-08,FIELD-004,0.0,0.0,68.16,3.007,0.0
2023-08-09,FIELD-001,2990.2,3089.9,67.41,3.046,210981.22
2023-08-09,FIELD-002,4831.0,4521.3,69.39,3.007,348818.64
2023-08-09,FIELD-003,2740.8,2760.6,66.36,3.069,190351.77
2023-08-09,FIELD-004,723.0,977.8,68.82,3.063,52751.86
2023-08-10,FIELD-001,1580.2,1570.8,68.37,3.027,112793.09
2023-08-10,FIELD-002,4846.9,4624.9,70.55,3.053,356068.61
2023-08-10,FIELD-003,2766.9,2839.8,66.22,3.068,191936.62
2023-08-10,FIELD-004,1672.1,2256.7,68.73,3.049,121804.11
2023-08-11,FIELD-001,1929.1,1931.9,68.49,3.027,137971.92
2023-08-11,FIELD-002,4884.6,4680.7,70.32,3.092,357957.8
2023-08-11,FIELD-003,2742.0,2847.5,66.3,3.028,190416.83
2023-08-11,FIELD-004,1657.1,2273.2,68.6,3.07,120655.78
2023-08-12,FIELD-001,2445.9,2484.0,68.2,3.036,174351.8
2023-08-12,FIELD-002,4898.2,4587.6,69.44,3.026,354013.09
2023-08-12,FIELD-003,2754.7,2887.6,66.72,3.078,192681.62
2023-08-12,FIELD-004,1696.8,2326.5,68.71,3.06,123706.22
2023-08-13,FIELD-001,3990.1,4006.6,68.85,3.029,286854.38
2023-08-13,FIELD-002,4689.3,4300.6,69.76,3.091,340418.72
2023-08-13,FIELD-003,2805.8,2908.3,67.43,3.051,198068.32
2023-08-13,FIELD-004,1724.2,2358.3,68.22,2.99,124676.24
2023-08-14,FIELD-001,3952.4,3864.8,68.29,3.061,281739.55
2023-08-14,FIELD-002,4863.2,4687.9,68.96,3.049,349659.68
2023-08-14,FIELD-003,2772.5,2873.3,65.7,3.05,190916.82
2023-08-14,FIELD-004,1642.6,2217.4,68.08,3.07,118635.63
2023-08-15,FIELD-001,3890.9,4016.2,67.74,3.036,275762.75
2023-08-15,FIELD-002,3538.3,3436.2,70.13,3.02,258518.3
2023-08-15,FIELD-003,1786.8,1829.7,66.72,3.104,124894.68
2023-08-15,FIELD-004,1690.3,2232.9,68.08,3.031,121843.54
2023-08-16,FIELD-001,3767.3,3879.6,68.36,3.023,269260.66
2023-08-16,FIELD-002,4794.1,4516.4,70.57,3.07,352184.98
2023-08-16,FIELD-003,2715.5,2798.2,66.19,3.083,188365.8
2023-08-16,FIELD-004,1264.7,1707.6,69.5,3.028,93067.26
2023-08-17,FIELD-001,4043.8,4008.5,68.39,3.048,288773.39
2023-08-17,FIELD-002,4830.8,4567.7,69.18,3.026,348016.6
2023-08-17,FIELD-003,2811.4,2875.9,66.6,2.994,195849.68
2023-08-17,FIELD-004,1489.9,2052.4,69.48,3.018,109712.4
2023-08-18,FIELD-001,3659.1,3685.8,68.09,3.113,260622.01
2023-08-18,FIELD-002,4927.3,4720.4,70.37,3.036,361065.24
2023-08-18,FIELD-003,2831.6,2909.8,66.8,2.96,197763.89
2023-08-18,FIELD-004,1730.9,2286.6,69.85,3.065,127911.79
2023-08-19,FIELD-001,3955.1,3986.2,69.21,2.99,285651.21
2023-08-19,FIELD-002,1925.5,1822.5,69.56,3.055,139505.52
2023-08-19,FIELD-003,2710.2,2825.7,65.82,2.986,186822.9
2023-08-19,FIELD-004,1679.2,2274.4,70.96,3.018,126020.17
2023-08-20,FIELD-001,3950.7,3997.1,68.18,3.062,281597.85
2023-08-20,FIELD-002,1912.1,1783.4,70.0,3.073,139327.39
2023-08-20,FIELD-003,2685.4,2861.3,65.79,3.062,185433.77
2023-08-20,FIELD-004,1686.3,2272.5,68.89,3.083,123175.32
2023-08-21,FIELD-001,4007.6,4043.5,67.77,3.034,283863.03
2023-08-21,FIELD-002,1948.9,1847.4,70.39,3.065,142845.35
2023-08-21,FIELD-003,2698.4,2748.3,66.44,3.082,187751.96
2023-08-21,FIELD-004,1740.1,2220.5,68.96,3.025,126714.31
2023-08-22,FIELD-001,3835.1,3796.1,67.69,3.01,271024.18
2023-08-22,FIELD-002,389.7,372.7,68.95,2.999,27987.54
2023-08-22,FIELD-003,1098.9,1128.5,66.26,3.012,76212.16
2023-08-22,FIELD-004,1165.2,1586.6,69.35,3.078,85690.17
2023-08-23,FIELD-001,3961.0,4054.3,68.47,3.049,283571.23
2023-08-23,FIELD-002,3795.2,3491.1,69.67,3.019,274951.21
2023-08-23,FIELD-003,1962.0,2032.5,65.7,3.013,135027.32
2023-08-23,FIELD-004,1526.9,2060.6,68.97,3.012,111516.82
2023-08-24,FIELD-001,3989.1,3955.5,67.97,3.016,283068.91
2023-08-24,FIELD-002,4811.0,4570.0,70.01,3.057,350788.6
2023-08-24,FIELD-003,2809.6,2799.2,66.84,3.081,196418.0
2023-08-24,FIELD-004,1578.5,2163.3,69.47,3.06,116278.09
2023-08-25,FIELD-001,3993.0,3954.7,68.83,3.038,286852.57
2023-08-25,FIELD-002,4854.5,4609.8,70.23,3.04,354945.33
2023-08-25,FIELD-003,2749.9,2826.5,65.18,3.059,187884.75
2023-08-25,FIELD-004,1719.7,2395.4,68.65,3.032,125320.26
2023-08-26,FIELD-001,3964.8,3966.8,68.04,2.957,281494.82
2023-08-26,FIELD-002,4433.0,4265.3,69.52,3.036,321131.61
2023-08-26,FIELD-003,2807.2,2811.1,66.76,3.059,196007.83
2023-08-26,FIELD-004,1669.7,2335.8,69.14,3.026,122511.19
2023-08-27,FIELD-001,4019.6,3984.5,67.49,3.036,283379.75
2023-08-27,FIELD-002,4780.8,4600.5,70.17,3.029,349403.65
2023-08-27,FIELD-003,2667.8,2680.5,65.64,3.064,183327.44
2023-08-27,FIELD-004,1311.9,1837.5,68.89,3.072,96021.59
2023-08-28,FIELD-001,4010.0,3960.3,68.33,3.006,285907.96
2023-08-28,FIELD-002,4805.4,4746.4,70.66,3.059,354068.8
2023-08-28,FIELD-003,2650.8,2712.4,65.54,3.066,182049.65
2023-08-28,FIELD-004,1073.3,1347.8,69.26,3.08,78487.98
2023-08-29,FIELD-001,3892.9,3890.7,69.68,3.037,283073.33
2023-08-29,FIELD-002,4819.2,4583.3,68.76,3.056,345374.76
2023-08-29,FIELD-003,2668.7,2667.0,65.47,3.075,182920.81
2023-08-29,FIELD-004,1683.8,2333.0,68.47,3.054,122414.77
2023-08-30,FIELD-001,3820.1,3938.6,67.59,3.027,270122.7
2023-08-30,FIELD-002,4768.8,4549.9,69.1,3.053,343414.92
2023-08-30,FIELD-003,2725.9,2859.1,65.58,3.062,187519.09
2023-08-30,FIELD-004,1670.3,2250.1,67.74,3.031,119966.18
2023-08-31,FIELD-001,3873.1,4062.5,68.52,3.071,277860.75
2023-08-31,FIELD-002,3975.8,3813.2,69.99,3.011,289747.79
2023-08-31,FIELD-003,2721.8,2840.0,65.59,3.026,187116.7
2023-08-31,FIELD-004,1657.5,2289.5,68.41,3.037,120342.79
2023-09-01,FIELD-001,4002.7,4120.3,63.45,2.622,264774.74
2023-09-01,FIELD-002,4412.0,4185.6,65.83,2.591,301286.85
2023-09-01,FIELD-003,2731.6,2829.5,61.63,2.588,175671.25
2023-09-01,FIELD-004,1702.9,2298.1,63.64,2.642,114444.14
2023-09-02,FIELD-001,3987.7,3969.3,64.56,2.622,267853.42
2023-09-02,FIELD-002,3826.6,3834.1,65.01,2.643,258900.79
2023-09-02,FIELD-003,2711.5,2785.8,61.33,2.565,173441.87
2023-09-02,FIELD-004,1650.1,2243.9,63.46,2.582,110509.1
2023-09-03,FIELD-001,3501.1,3396.6,64.0,2.622,232976.29
2023-09-03,FIELD-002,4752.8,4595.8,65.0,2.622,320982.19
2023-09-03,FIELD-003,2680.5,2614.7,61.04,2.618,170463.0
2023-09-03,FIELD-004,1708.8,2359.8,63.81,2.598,115169.29
2023-09-04,FIELD-001,3913.6,4065.2,63.82,2.618,260408.65
2023-09-04,FIELD-002,640.8,605.6,64.36,2.601,42817.05
2023-09-04,FIELD-003,2735.7,2882.3,61.71,2.541,176143.97
2023-09-04,FIELD-004,1700.2,2310.9,64.28,2.603,115304.13
2023-09-05,FIELD-001,3696.1,3789.0,63.54,2.611,244743.27
2023-09-05,FIELD-002,4400.0,4133.0,64.87,2.625,296277.12
2023-09-05,FIELD-003,2787.8,2833.3,62.45,2.634,181561.02
2023-09-05,FIELD-004,1516.6,2098.4,62.97,2.602,100960.34
2023-09-06,FIELD-001,3461.7,3308.5,63.7,2.642,229251.35
2023-09-06,FIELD-002,4800.0,4655.4,65.39,2.662,326264.67
2023-09-06,FIELD-003,3375.2,3413.2,60.66,2.617,213671.98
2023-09-06,FIELD-004,1646.7,2297.5,64.23,2.581,111697.39
2023-09-07,FIELD-001,3437.3,3382.1,63.37,2.607,226638.84
2023-09-07,FIELD-002,4324.6,4252.3,64.76,2.63,291244.64
2023-09-07,FIELD-003,4161.3,4362.0,61.69,2.619,268134.68
2023-09-07,FIELD-004,1676.6,2261.8,64.08,2.655,113441.61
2023-09-08,FIELD-001,4112.5,4123.5,63.27,2.58,270836.5
2023-09-08,FIELD-002,4840.2,4439.5,64.35,2.61,323053.96
2023-09-08,FIELD-003,4193.6,4477.7,61.61,2.608,270045.54
2023-09-08,FIELD-004,1590.9,2126.9,63.8,2.604,107037.87
2023-09-09,FIELD-001,4059.5,4033.3,62.76,2.591,265224.5
2023-09-09,FIELD-002,4660.2,4412.1,64.63,2.632,312801.37
2023-09-09,FIELD-003,4238.3,4322.6,62.07,2.582,274232.23
2023-09-09,FIELD-004,1651.3,2246.6,64.39,2.587,112139.16
2023-09-10,FIELD-001,3872.9,4013.6,63.5,2.61,256404.65
2023-09-10,FIELD-002,3717.9,3506.8,65.03,2.601,250896.22
2023-09-10,FIELD-003,4185.7,4341.5,61.53,2.585,268768.9
2023-09-10,FIELD-004,867.7,1201.8,64.77,2.597,59322.0
2023-09-11,FIELD-001,3543.8,3181.6,63.78,2.624,234372.08
2023-09-11,FIELD-002,4732.3,4559.4,65.1,2.59,319881.58
2023-09-11,FIELD-003,4085.2,4235.7,61.14,2.612,260832.78
2023-09-11,FIELD-004,1475.0,2100.2,63.74,2.639,99558.93
2023-09-12,FIELD-001,3395.0,3129.1,63.25,2.548,222706.7
2023-09-12,FIELD-002,4577.9,4338.1,64.88,2.639,308462.4
2023-09-12,FIELD-003,4093.6,4530.2,61.44,2.625,263402.56
2023-09-12,FIELD-004,1661.5,2232.6,65.07,2.577,113867.22
2023-09-13,FIELD-001,3892.9,3914.1,64.05,2.651,259716.52
2023-09-13,FIELD-002,4426.7,4205.0,66.07,2.645,303594.29
2023-09-13,FIELD-003,3983.3,4176.8,61.44,2.599,255589.46
2023-09-13,FIELD-004,1639.9,2278.9,64.34,2.596,111427.19
2023-09-14,FIELD-001,3912.7,3883.3,63.66,2.634,259311.09
2023-09-14,FIELD-002,4778.8,4588.5,64.63,2.615,320852.77
2023-09-14,FIELD-003,3689.2,3861.2,60.93,2.614,234876.13
2023-09-14,FIELD-004,1673.0,2273.9,63.7,2.592,112464.05
2023-09-15,FIELD-001,4028.2,3926.9,63.49,2.649,266152.78
2023-09-15,FIELD-002,4646.9,4451.0,63.68,2.632,307629.62
2023-09-15,FIELD-003,4157.9,4325.4,61.02,2.571,264835.66
2023-09-15,FIELD-004,1664.1,2353.9,65.12,2.611,114512.22
2023-09-16,FIELD-001,3891.4,3950.2,64.6,2.58,261575.96
2023-09-16,FIELD-002,4694.7,4424.1,64.63,2.634,315071.54
2023-09-16,FIELD-003,4190.2,4363.4,61.3,2.565,268051.38
2023-09-16,FIELD-004,1484.8,2041.4,64.19,2.617,100651.66
2023-09-17,FIELD-001,3863.7,3921.6,63.68,2.597,256224.81
2023-09-17,FIELD-002,4546.0,4307.3,64.99,2.579,306553.07
2023-09-17,FIELD-003,4200.1,4481.1,61.6,2.624,270484.57
2023-09-17,FIELD-004,1701.2,2313.9,64.09,2.606,115059.93
2023-09-18,FIELD-001,3938.6,3915.6,63.12,2.591,258749.75
2023-09-18,FIELD-002,4597.8,4514.8,65.11,2.607,311132.84
2023-09-18,FIELD-003,3563.9,3780.4,61.69,2.625,229780.54
2023-09-18,FIELD-004,1714.3,2351.6,63.52,2.636,115091.15
2023-09-19,FIELD-001,3954.2,3921.8,63.65,2.62,261959.95
2023-09-19,FIELD-002,4589.5,4370.2,65.12,2.619,310313.79
2023-09-19,FIELD-003,3532.4,3735.5,61.21,2.597,225919.3
2023-09-19,FIELD-004,1576.7,2063.1,64.37,2.624,106905.75
2023-09-20,FIELD-001,3977.9,3911.7,62.86,2.643,260389.42
2023-09-20,FIELD-002,4021.8,4038.7,65.01,2.587,271905.33
2023-09-20,FIELD-003,2774.0,2904.1,60.45,2.569,175148.93
2023-09-20,FIELD-004,1702.9,2284.1,64.19,2.614,115279.79
2023-09-21,FIELD-001,3949.2,3941.3,63.35,2.626,260531.67
2023-09-21,FIELD-002,4705.6,4527.8,65.59,2.604,320430.7
2023-09-21,FIELD-003,4196.5,4295.3,60.73,2.638,266184.45
2023-09-21,FIELD-004,1639.3,2226.1,63.19,2.627,109435.33
2023-09-22,FIELD-001,3798.5,3949.0,64.37,2.608,254808.44
2023-09-22,FIELD-002,4591.1,4402.1,65.04,2.624,310156.25
2023-09-22,FIELD-003,4029.1,4299.9,60.64,2.614,255564.56
2023-09-22,FIELD-004,1681.8,2277.7,64.35,2.583,114107.13
2023-09-23,FIELD-001,3623.5,3615.4,63.68,2.616,240202.37
2023-09-23,FIELD-002,4620.1,4342.2,64.01,2.635,307174.3
2023-09-23,FIELD-003,4184.5,4457.1,61.74,2.612,269992.98
2023-09-23,FIELD-004,1636.6,2227.2,63.01,2.614,108944.07
2023-09-24,FIELD-001,3799.4,3800.3,63.83,2.578,252312.88
2023-09-24,FIELD-002,4725.5,4476.5,65.45,2.605,320945.26
2023-09-24,FIELD-003,4110.1,4230.6,60.05,2.587,257756.07
2023-09-24,FIELD-004,1700.0,2339.1,64.24,2.616,115327.09
2023-09-25,FIELD-001,3903.4,3963.3,64.16,2.607,260774.47
2023-09-25,FIELD-002,4608.5,4512.8,65.39,2.589,313033.45
2023-09-25,FIELD-003,3451.0,3767.0,61.07,2.651,220738.89
2023-09-25,FIELD-004,1659.4,2310.5,64.21,2.612,112585.1
2023-09-26,FIELD-001,3946.7,4083.6,64.24,2.612,264202.37
2023-09-26,FIELD-002,3384.3,3261.1,65.41,2.656,230028.54
2023-09-26,FIELD-003,4114.3,4378.9,61.11,2.555,262612.96
2023-09-26,FIELD-004,1668.8,2346.8,64.06,2.605,113016.74
2023-09-27,FIELD-001,3235.6,3520.1,63.42,2.631,214463.14
2023-09-27,FIELD-002,3374.6,3250.7,64.65,2.568,226515.69
2023-09-27,FIELD-003,3986.8,4243.0,60.57,2.594,252486.82
2023-09-27,FIELD-004,1626.7,2216.8,63.85,2.615,109661.73
2023-09-28,FIELD-001,3937.1,3943.8,63.06,2.627,258633.89
2023-09-28,FIELD-002,4530.1,4283.7,65.1,2.65,306261.32
2023-09-28,FIELD-003,4012.9,4261.8,60.33,2.64,253349.41
2023-09-28,FIELD-004,1253.1,1758.6,64.31,2.604,85166.26
2023-09-29,FIELD-001,3904.4,4108.3,63.68,2.626,259420.59
2023-09-29,FIELD-002,4634.8,4312.1,64.83,2.666,311970.14
2023-09-29,FIELD-003,931.2,998.6,60.83,2.541,59182.34
2023-09-29,FIELD-004,1687.9,2247.0,63.4,2.599,112852.81
2023-09-30,FIELD-001,3908.5,3943.0,63.41,2.595,258070.07
2023-09-30,FIELD-002,4459.7,4192.1,65.62,2.605,303565.93
2023-09-30,FIELD-003,4161.3,4417.1,61.42,2.644,267265.86
2023-09-30,FIELD-004,677.3,867.6,64.19,2.645,45770.69
2023-10-01,FIELD-001,3692.4,3685.7,73.83,2.929,283405.31
2023-10-01,FIELD-002,4670.1,4528.8,73.7,2.954,357564.45
2023-10-01,FIELD-003,4019.3,4210.2,69.63,2.944,292258.69
2023-10-01,FIELD-004,2366.1,3185.0,73.64,2.932,183578.02
2023-10-02,FIELD-001,3116.3,3018.8,73.71,2.916,238505.29
2023-10-02,FIELD-002,4599.2,4239.7,73.66,2.924,351173.95
2023-10-02,FIELD-003,4152.8,4312.2,70.96,2.88,307101.82
2023-10-02,FIELD-004,1631.0,2222.7,72.24,2.886,124238.15
2023-10-03,FIELD-001,3757.0,3755.9,73.51,2.927,287170.59
2023-10-03,FIELD-002,4662.0,4647.2,73.13,2.911,354460.06
2023-10-03,FIELD-003,4134.9,4273.0,70.76,2.916,305045.59
2023-10-03,FIELD-004,3181.1,4144.5,73.24,2.96,245251.48
2023-10-04,FIELD-001,3875.3,3965.8,72.98,2.907,294347.97
2023-10-04,FIELD-002,4728.3,4435.6,74.81,2.896,366569.62
2023-10-04,FIELD-003,4032.8,4356.6,69.37,2.964,292668.3
2023-10-04,FIELD-004,2987.6,4006.5,72.7,2.947,229005.68
2023-10-05,FIELD-001,3770.1,3826.6,73.8,2.914,289384.09
2023-10-05,FIELD-002,4647.5,4441.7,74.26,2.909,358044.26
2023-10-05,FIELD-003,3930.4,4184.4,70.19,2.956,288243.86
2023-10-05,FIELD-004,3193.0,4196.6,73.09,2.94,245714.37
2023-10-06,FIELD-001,3794.5,3879.0,73.49,2.943,290273.7
2023-10-06,FIELD-002,4538.0,4318.2,74.04,2.952,348740.85
2023-10-06,FIELD-003,3907.2,4128.7,70.48,2.873,287241.21
2023-10-06,FIELD-004,3167.3,4207.0,73.19,2.933,244153.82
2023-10-07,FIELD-001,3771.7,3844.1,72.6,2.889,284931.02
2023-10-07,FIELD-002,4527.5,4339.8,73.58,2.912,345770.95
2023-10-07,FIELD-003,3976.5,4058.0,70.47,2.889,291947.52
2023-10-07,FIELD-004,2210.2,2949.7,72.37,2.939,168621.34
2023-10-08,FIELD-001,3868.7,3818.0,72.89,2.921,293141.92
2023-10-08,FIELD-002,4487.9,4350.4,73.64,2.919,343187.77
2023-10-08,FIELD-003,3887.7,4249.5,70.58,2.918,286793.91
2023-10-08,FIELD-004,3154.3,4274.6,72.41,2.931,240931.72
2023-10-09,FIELD-001,3921.6,3932.3,73.9,2.899,301205.98
2023-10-09,FIELD-002,4510.8,4310.0,74.06,2.927,346685.22
2023-10-09,FIELD-003,2944.9,3033.7,69.5,2.874,213389.4
2023-10-09,FIELD-004,2927.5,3944.1,73.55,2.929,226869.89
2023-10-10,FIELD-001,4065.4,3978.3,72.9,2.929,308020.1
2023-10-10,FIELD-002,4538.1,4367.0,74.62,2.903,351310.42
2023-10-10,FIELD-003,3823.3,4184.7,70.59,2.896,282005.64
2023-10-10,FIELD-004,3197.5,4310.2,72.59,2.9,244606.1
2023-10-11,FIELD-001,3477.6,3406.6,72.53,2.972,262354.74
2023-10-11,FIELD-002,4522.5,4263.7,74.97,2.897,351403.76
2023-10-11,FIELD-003,4082.6,4341.6,70.51,2.877,300354.91
2023-10-11,FIELD-004,3859.7,5222.0,72.71,2.948,296033.24
2023-10-12,FIELD-001,3768.2,3881.2,72.78,2.918,285574.94
2023-10-12,FIELD-002,4535.8,4421.6,74.34,2.912,350067.07
2023-10-12,FIELD-003,3926.9,4067.6,71.08,2.957,291151.95
2023-10-12,FIELD-004,3748.1,5011.9,74.3,2.908,293058.44
2023-10-13,FIELD-001,3874.8,3911.1,72.63,2.923,292858.87
2023-10-13,FIELD-002,4531.8,4461.2,74.31,2.916,349766.92
2023-10-13,FIELD-003,4011.5,4198.5,71.9,2.918,300678.07
2023-10-13,FIELD-004,3971.7,5197.8,73.35,2.896,306377.02
2023-10-14,FIELD-001,3841.9,3863.7,74.22,2.92,296427.82
2023-10-14,FIELD-002,4604.2,4351.3,74.04,2.915,353579.01
2023-10-14,FIELD-003,2710.0,3083.8,70.01,2.919,198728.71
2023-10-14,FIELD-004,3970.8,5585.4,72.59,2.927,304588.84
2023-10-15,FIELD-001,3550.6,3802.6,72.85,2.937,269829.45
2023-10-15,FIELD-002,1847.0,1699.1,73.78,2.934,141256.82
2023-10-15,FIELD-003,3371.6,3761.7,70.9,2.954,250158.5
2023-10-15,FIELD-004,3926.8,5218.6,72.91,2.893,301400.4
2023-10-16,FIELD-001,2526.5,2552.3,73.27,2.91,192543.85
2023-10-16,FIELD-002,4115.1,3989.3,73.77,2.931,315263.57
2023-10-16,FIELD-003,3592.8,3795.0,70.14,2.961,263235.99
2023-10-16,FIELD-004,3971.2,5288.0,73.62,2.918,307790.13
2023-10-17,FIELD-001,3790.1,3791.3,73.6,2.96,290173.61
2023-10-17,FIELD-002,4573.5,4240.6,74.19,2.908,351639.63
2023-10-17,FIELD-003,4004.7,4031.6,70.52,2.923,294195.81
2023-10-17,FIELD-004,3950.4,5276.7,74.36,2.917,309143.88
2023-10-18,FIELD-001,3909.1,3871.5,73.83,2.903,299847.82
2023-10-18,FIELD-002,4527.9,4302.9,74.38,2.909,349302.34
2023-10-18,FIELD-003,4029.1,4243.7,70.1,2.971,295047.94
2023-10-18,FIELD-004,3582.3,4896.5,74.11,2.94,279879.96
2023-10-19,FIELD-001,3849.4,3743.4,74.75,2.934,298725.79
2023-10-19,FIELD-002,4550.2,4388.8,73.85,2.891,348720.29
2023-10-19,FIELD-003,3973.4,4155.2,70.19,2.979,291271.29
2023-10-19,FIELD-004,3837.0,5029.5,73.31,2.922,295986.67
2023-10-20,FIELD-001,3725.5,3809.4,73.73,2.925,285823.61
2023-10-20,FIELD-002,4501.6,4328.4,73.65,2.92,344181.77
2023-10-20,FIELD-003,4044.5,4248.0,70.71,2.901,298310.04
2023-10-20,FIELD-004,3825.6,5290.8,73.98,2.938,298562.26
2023-10-21,FIELD-001,3782.2,4006.7,73.07,2.913,288036.87
2023-10-21,FIELD-002,4694.1,4363.8,75.51,2.936,367263.61
2023-10-21,FIELD-003,3907.9,4012.0,70.86,2.931,288672.97
2023-10-21,FIELD-004,3887.8,5073.4,73.05,2.944,298939.88
2023-10-22,FIELD-001,2660.7,2666.3,73.68,2.913,203807.31
2023-10-22,FIELD-002,4583.0,4359.5,74.54,2.914,354320.4
2023-10-22,FIELD-003,3954.7,4084.8,69.87,2.936,288307.86
2023-10-22,FIELD-004,3728.1,5069.0,73.31,2.894,287976.7
2023-10-23,FIELD-001,2741.4,2746.9,73.66,2.927,209971.7
2023-10-23,FIELD-002,4495.1,4197.0,74.93,2.914,349047.9
2023-10-23,FIELD-003,3772.5,3967.5,69.36,2.946,273348.86
2023-10-23,FIELD-004,3886.0,5061.8,73.87,2.859,301530.51
2023-10-24,FIELD-001,3683.7,3676.8,73.89,2.897,282840.28
2023-10-24,FIELD-002,3994.7,3810.7,74.27,2.925,307832.67
2023-10-24,FIELD-003,3894.8,4097.8,69.41,2.928,282336.43
2023-10-24,FIELD-004,3866.7,5274.5,73.36,2.937,299152.32
2023-10-25,FIELD-001,1214.4,1139.5,72.44,2.926,91305.31
2023-10-25,FIELD-002,4611.4,4350.7,73.97,2.921,353813.65
2023-10-25,FIELD-003,3870.1,4260.6,69.58,2.902,281645.82
2023-10-25,FIELD-004,3834.5,5241.7,73.19,2.921,295958.06
2023-10-26,FIELD-001,1534.8,1539.3,72.39,2.947,115640.49
2023-10-26,FIELD-002,4499.8,4194.2,74.74,2.915,348541.14
2023-10-26,FIELD-003,3956.0,4330.0,70.13,2.958,290242.42
2023-10-26,FIELD-004,3881.4,5184.7,73.31,2.945,299814.38
2023-10-27,FIELD-001,2570.6,2566.8,74.21,2.897,198200.25
2023-10-27,FIELD-002,4330.8,4197.7,75.45,2.889,338886.02
2023-10-27,FIELD-003,3897.0,3969.7,70.43,2.939,286132.66
2023-10-27,FIELD-004,3906.0,5522.3,74.3,2.937,306434.8
2023-10-28,FIELD-001,3778.3,3820.4,73.71,2.961,289810.7
2023-10-28,FIELD-002,4505.8,4333.5,74.54,2.887,348373.15
2023-10-28,FIELD-003,3902.1,3976.3,70.65,2.917,287282.23
2023-10-28,FIELD-004,3750.3,5176.6,73.46,2.904,290529.88
2023-10-29,FIELD-001,3822.1,4042.8,71.45,2.885,284752.52
2023-10-29,FIELD-002,1324.5,1243.6,74.72,2.914,102590.49
2023-10-29,FIELD-003,3812.4,4114.3,69.68,2.974,277883.96
2023-10-29,FIELD-004,3804.4,5043.4,72.78,2.917,291595.83
2023-10-30,FIELD-001,3681.4,3807.9,73.67,2.851,282065.06
2023-10-30,FIELD-002,3752.5,3620.9,73.81,2.927,287570.4
2023-10-30,FIELD-003,3243.9,3583.2,70.88,2.906,240340.41
2023-10-30,FIELD-004,3816.9,5203.9,72.37,2.94,291528.52
2023-10-31,FIELD-001,3899.1,3867.6,73.4,2.955,297622.7
2023-10-31,FIELD-002,3657.1,3434.9,74.66,2.925,283086.17
2023-10-31,FIELD-003,4407.9,4721.4,70.28,2.898,323469.83
2023-10-31,FIELD-004,3739.7,4991.4,73.05,3.013,288224.17
2023-11-01,FIELD-001,4939.3,5532.9,65.67,3.005,340990.2
2023-11-01,FIELD-002,4562.0,4472.3,67.09,3.108,319964.49
2023-11-01,FIELD-003,4457.1,4643.2,63.22,3.016,295781.75
2023-11-01,FIELD-004,3717.9,4882.4,66.09,3.019,260455.98
2023-11-02,FIELD-001,4737.4,5378.0,65.52,3.079,326953.31
2023-11-02,FIELD-002,4637.9,4461.7,68.11,3.041,329455.4
2023-11-02,FIELD-003,4356.2,4581.3,63.51,3.042,290598.58
2023-11-02,FIELD-004,3796.4,4952.9,65.96,2.968,265110.75
2023-11-03,FIELD-001,4811.4,5253.0,65.64,3.03,331736.89
2023-11-03,FIELD-002,4525.0,4297.8,67.23,3.009,317147.83
2023-11-03,FIELD-003,4324.2,4465.1,64.0,3.085,290523.63
2023-11-03,FIELD-004,3874.8,5143.5,66.38,3.039,272840.32
2023-11-04,FIELD-001,4486.6,4742.8,65.08,3.032,306368.1
2023-11-04,FIELD-002,4648.0,4519.6,68.02,3.038,329887.5
2023-11-04,FIELD-003,3770.1,4294.1,62.91,2.982,249982.0
2023-11-04,FIELD-004,3830.9,5281.5,65.59,3.025,267245.27
2023-11-05,FIELD-001,4369.6,4995.5,65.81,3.01,302599.83
2023-11-05,FIELD-002,4664.7,4560.7,66.73,3.052,325194.69
2023-11-05,FIELD-003,4453.6,4624.8,63.01,3.009,294537.36
2023-11-05,FIELD-004,3678.2,5005.5,66.74,2.999,260494.56
2023-11-06,FIELD-001,4806.5,5264.2,65.52,3.026,330851.35
2023-11-06,FIELD-002,4746.0,4410.6,66.9,3.004,330756.84
2023-11-06,FIELD-003,4359.8,4710.6,63.54,3.049,291384.31
2023-11-06,FIELD-004,3678.9,4946.1,65.95,3.036,257639.81
2023-11-07,FIELD-001,4429.5,4712.9,66.35,3.047,308257.53
2023-11-07,FIELD-002,2633.1,2522.5,67.06,3.085,184357.6
2023-11-07,FIELD-003,4417.0,4797.8,62.82,3.062,292166.8
2023-11-07,FIELD-004,3760.2,4947.3,65.89,3.063,262913.16
2023-11-08,FIELD-001,4855.7,5437.5,67.16,3.035,342611.62
2023-11-08,FIELD-002,4568.5,4360.4,67.14,3.021,319901.86
2023-11-08,FIELD-003,1735.5,1901.0,64.03,3.031,116886.0
2023-11-08,FIELD-004,1496.7,1912.4,66.44,3.039,105252.53
2023-11-09,FIELD-001,4822.6,5171.5,65.83,3.052,333255.18
2023-11-09,FIELD-002,222.3,207.9,68.48,3.064,15860.11
2023-11-09,FIELD-003,1607.8,1699.4,64.06,3.063,108200.93
2023-11-09,FIELD-004,2710.8,3774.6,66.09,3.017,190544.74
2023-11-10,FIELD-001,4024.6,4421.2,65.91,3.045,278723.94
2023-11-10,FIELD-002,1847.2,1741.1,67.99,3.0,130814.43
2023-11-10,FIELD-003,1736.0,1831.5,63.35,3.06,115579.99
2023-11-10,FIELD-004,3757.1,5061.1,66.4,3.068,264998.89
2023-11-11,FIELD-001,4769.9,5294.4,65.29,3.058,327617.05
2023-11-11,FIELD-002,1830.6,1718.4,66.81,3.059,127558.97
2023-11-11,FIELD-003,3660.9,3757.8,62.71,3.021,240927.35
2023-11-11,FIELD-004,3188.6,4406.5,65.57,3.049,222511.92
2023-11-12,FIELD-001,3835.4,4308.7,65.61,3.027,264683.03
2023-11-12,FIELD-002,1840.9,1794.1,66.97,3.057,128769.64
2023-11-12,FIELD-003,4363.8,4647.3,62.8,3.019,288076.84
2023-11-12,FIELD-004,3729.2,4775.0,65.52,2.991,258619.21
2023-11-13,FIELD-001,4804.3,5387.4,66.07,3.051,333857.06
2023-11-13,FIELD-002,2442.6,2312.8,67.12,3.043,170985.16
2023-11-13,FIELD-003,4279.4,4454.5,63.19,3.032,283921.33
2023-11-13,FIELD-004,3791.2,5382.1,66.2,3.054,267414.37
2023-11-14,FIELD-001,4719.7,5232.4,66.2,2.981,328041.92
2023-11-14,FIELD-002,4652.3,4444.9,67.02,3.01,325176.3
2023-11-14,FIELD-003,4344.9,4617.2,63.25,3.05,288897.38
2023-11-14,FIELD-004,3643.2,4809.3,65.87,2.968,254251.59
2023-11-15,FIELD-001,4441.8,4804.8,65.99,2.992,307490.34
2023-11-15,FIELD-002,4489.8,4297.7,66.09,3.004,309641.17
2023-11-15,FIELD-003,4342.8,4501.7,64.07,3.049,291968.88
2023-11-15,FIELD-004,3315.8,4508.4,66.19,3.055,233245.96
2023-11-16,FIELD-001,4520.2,5021.8,65.76,3.004,312333.84
2023-11-16,FIELD-002,4509.9,4234.9,67.9,3.032,319062.43
2023-11-16,FIELD-003,3200.9,3422.3,63.43,3.032,213409.5
2023-11-16,FIELD-004,3817.5,5037.6,66.02,3.006,267174.38
2023-11-17,FIELD-001,3680.1,4096.7,66.52,2.989,257045.29
2023-11-17,FIELD-002,4450.1,4377.6,67.52,3.045,313800.54
2023-11-17,FIELD-003,4318.2,4643.4,63.68,3.046,289126.77
2023-11-17,FIELD-004,3800.9,5157.3,66.21,3.021,267237.79
2023-11-18,FIELD-001,4739.6,5167.7,66.85,3.029,332495.22
2023-11-18,FIELD-002,4524.6,4396.2,67.41,3.048,318402.9
2023-11-18,FIELD-003,4302.2,4519.1,63.48,3.06,286932.1
2023-11-18,FIELD-004,3574.6,4614.1,66.27,3.014,250795.64
2023-11-19,FIELD-001,4727.0,5297.3,65.95,3.02,327743.5
2023-11-19,FIELD-002,4526.2,4212.7,67.4,3.013,317758.75
2023-11-19,FIELD-003,2528.6,2695.6,63.57,3.072,169023.99
2023-11-19,FIELD-004,3693.9,4946.8,65.22,3.045,255979.16
2023-11-20,FIELD-001,4690.8,5270.6,64.58,3.008,318785.83
2023-11-20,FIELD-002,4208.8,4086.9,67.11,3.07,294999.35
2023-11-20,FIELD-003,4314.6,4403.9,63.49,3.07,287453.93
2023-11-20,FIELD-004,1701.2,2374.9,66.1,2.97,119502.77
2023-11-21,FIELD-001,4867.5,5380.4,66.1,3.038,338087.41
2023-11-21,FIELD-002,4489.1,4203.5,67.93,2.978,317462.59
2023-11-21,FIELD-003,4233.3,4402.1,63.95,3.014,283987.46
2023-11-21,FIELD-004,3666.6,4939.1,66.17,2.989,257381.89
2023-11-22,FIELD-001,4758.2,5250.2,66.55,3.018,332503.31
2023-11-22,FIELD-002,4526.2,4259.8,67.23,3.051,317293.08
2023-11-22,FIELD-003,2462.6,2574.5,62.65,3.017,162049.16
2023-11-22,FIELD-004,3818.5,5142.1,66.31,3.013,268697.88
2023-11-23,FIELD-001,4866.8,5230.7,65.69,2.986,335318.96
2023-11-23,FIELD-002,4438.1,4315.0,65.65,3.058,304556.54
2023-11-23,FIELD-003,4137.8,4165.2,63.61,3.039,275863.5
2023-11-23,FIELD-004,3828.7,5156.3,65.79,2.984,267276.57
2023-11-24,FIELD-001,4580.3,5127.5,65.69,3.061,316575.18
2023-11-24,FIELD-002,4333.6,4067.0,66.72,3.015,301399.8
2023-11-24,FIELD-003,4351.3,4627.4,63.82,3.015,291651.58
2023-11-24,FIELD-004,3769.9,5115.6,65.71,2.973,262928.81
2023-11-25,FIELD-001,4703.2,5142.9,66.51,3.043,328459.68
2023-11-25,FIELD-002,4091.6,3855.0,67.95,3.037,289731.86
2023-11-25,FIELD-003,4343.5,4707.5,63.5,3.038,290113.64
2023-11-25,FIELD-004,3676.5,5047.8,66.41,2.993,259264.43
2023-11-26,FIELD-001,4767.4,5250.9,65.72,3.058,329370.78
2023-11-26,FIELD-002,4502.0,4279.8,67.64,3.022,317448.84
2023-11-26,FIELD-003,4301.1,4581.7,63.43,2.998,286554.71
2023-11-26,FIELD-004,3608.8,4964.6,65.09,3.057,250073.57
2023-11-27,FIELD-001,4719.6,5181.5,66.83,3.013,331022.73
2023-11-27,FIELD-002,4573.2,4528.0,66.99,3.066,320241.52
2023-11-27,FIELD-003,4210.9,4570.2,63.73,2.973,281947.86
2023-11-27,FIELD-004,3702.9,5031.8,64.8,3.005,255068.48
2023-11-28,FIELD-001,3287.3,3950.4,65.91,3.01,228556.65
2023-11-28,FIELD-002,4331.2,4140.1,66.94,3.004,302367.39
2023-11-28,FIELD-003,4186.0,4392.9,64.14,3.067,281963.06
2023-11-28,FIELD-004,3753.0,5371.3,66.61,3.0,266101.23
2023-11-29,FIELD-001,4725.9,5327.9,65.92,3.028,327664.21
2023-11-29,FIELD-002,1752.8,1693.3,67.25,3.07,123074.23
2023-11-29,FIELD-003,3564.7,3745.2,63.58,3.004,237894.21
2023-11-29,FIELD-004,3653.7,4945.6,66.48,3.059,258026.57
2023-11-30,FIELD-001,4334.6,4672.3,65.14,3.076,296727.84
2023-11-30,FIELD-002,1875.1,1822.7,66.06,3.058,129442.92
2023-11-30,FIELD-003,4227.5,4270.6,63.32,3.009,280535.54
2023-11-30,FIELD-004,3734.7,5118.1,65.69,3.013,260753.28
2023-12-01,FIELD-001,4411.2,4575.5,65.35,2.779,300987.23
2023-12-01,FIELD-002,4461.0,4160.2,67.19,2.806,311408.11
2023-12-01,FIELD-003,4117.8,4490.0,62.95,2.827,271908.74
2023-12-01,FIELD-004,3579.9,4876.7,65.64,2.794,248610.14
2023-12-02,FIELD-001,4656.2,5107.4,64.62,2.787,315117.97
2023-12-02,FIELD-002,4571.1,4442.8,66.34,2.759,315504.46
2023-12-02,FIELD-003,3460.0,3990.6,62.49,2.79,227349.17
2023-12-02,FIELD-004,3857.6,5148.2,65.46,2.776,266809.9
2023-12-03,FIELD-001,4650.4,5246.2,65.73,2.781,320260.47
2023-12-03,FIELD-002,4452.5,4127.4,65.51,2.776,303140.94
2023-12-03,FIELD-003,4202.2,4323.5,62.39,2.812,274332.94
2023-12-03,FIELD-004,3620.1,4765.9,65.59,2.766,250624.84
2023-12-04,FIELD-001,4710.5,5262.2,64.5,2.797,318545.62
2023-12-04,FIELD-002,4431.3,4270.9,66.3,2.806,305779.34
2023-12-04,FIELD-003,4223.6,4550.2,63.04,2.8,278996.3
2023-12-04,FIELD-004,3604.8,4784.2,65.56,2.8,249726.45
2023-12-05,FIELD-001,4658.2,5050.5,64.72,2.789,315564.55
2023-12-05,FIELD-002,4524.0,4168.5,66.84,2.787,314001.77
2023-12-05,FIELD-003,4305.9,4604.5,62.57,2.795,282289.74
2023-12-05,FIELD-004,3594.8,4804.5,65.2,2.752,247602.94
2023-12-06,FIELD-001,4764.5,5118.6,64.29,2.777,320524.06
2023-12-06,FIELD-002,4372.9,4211.2,66.36,2.808,302010.69
2023-12-06,FIELD-003,4195.7,4491.9,62.23,2.771,273545.47
2023-12-06,FIELD-004,3679.0,5196.6,65.44,2.767,255132.75
2023-12-07,FIELD-001,4583.4,5104.9,65.0,2.761,312015.63
2023-12-07,FIELD-002,3722.5,3499.7,65.88,2.748,254855.48
2023-12-07,FIELD-003,3304.4,3523.0,62.17,2.856,215496.24
2023-12-07,FIELD-004,3610.9,4924.5,65.52,2.722,249990.66
2023-12-08,FIELD-001,4544.9,5164.9,64.98,2.786,309717.01
2023-12-08,FIELD-002,4444.9,4392.6,66.04,2.801,305844.87
2023-12-08,FIELD-003,4375.7,4646.1,62.47,2.772,286228.97
2023-12-08,FIELD-004,3709.8,4912.2,64.49,2.795,252974.6
2023-12-09,FIELD-001,4609.2,5037.8,64.85,2.805,313037.65
2023-12-09,FIELD-002,4306.2,4114.2,66.22,2.786,296618.73
2023-12-09,FIELD-003,4212.4,4555.8,63.02,2.784,278148.8
2023-12-09,FIELD-004,3730.7,5195.6,64.34,2.779,254471.81
2023-12-10,FIELD-001,4634.3,4960.1,65.51,2.833,317644.96
2023-12-10,FIELD-002,4246.1,4179.9,65.63,2.806,290400.34
2023-12-10,FIELD-003,4171.7,4281.2,61.79,2.774,269645.39
2023-12-10,FIELD-004,3696.8,4934.7,65.41,2.762,255437.33
2023-12-11,FIELD-001,4455.4,4899.6,65.75,2.799,306656.53
2023-12-11,FIELD-002,4266.4,4231.6,66.33,2.802,294847.26
2023-12-11,FIELD-003,4355.8,4467.7,62.97,2.804,286812.16
2023-12-11,FIELD-004,3713.2,5058.5,64.85,2.78,254863.65
2023-12-12,FIELD-001,4564.1,5085.0,64.75,2.815,309839.75
2023-12-12,FIELD-002,3020.4,2905.9,65.93,2.746,207114.57
2023-12-12,FIELD-003,4132.9,4494.8,62.75,2.79,271879.97
2023-12-12,FIELD-004,3575.7,5035.7,64.76,2.727,245294.69
2023-12-13,FIELD-001,4684.5,5252.3,63.87,2.721,313490.52
2023-12-13,FIELD-002,4357.8,4144.5,66.86,2.81,303008.55
2023-12-13,FIELD-003,4077.2,4218.5,63.09,2.801,269046.57
2023-12-13,FIELD-004,3548.2,4869.8,65.76,2.753,246736.19
2023-12-14,FIELD-001,4718.4,5160.7,65.84,2.752,324861.7
2023-12-14,FIELD-002,4446.3,4221.0,66.43,2.833,307325.8
2023-12-14,FIELD-003,4173.5,4348.3,62.14,2.802,271525.23
2023-12-14,FIELD-004,3103.3,4326.9,65.38,2.798,215000.42
2023-12-15,FIELD-001,3457.9,3463.2,64.68,2.784,233298.52
2023-12-15,FIELD-002,4388.6,4099.0,66.19,2.833,302093.9
2023-12-15,FIELD-003,3948.1,4070.3,62.06,2.855,256639.79
2023-12-15,FIELD-004,3520.5,4678.0,65.45,2.771,243379.46
2023-12-16,FIELD-001,4580.8,5148.0,64.64,2.796,310496.72
2023-12-16,FIELD-002,1807.2,1739.8,67.08,2.796,126091.46
2023-12-16,FIELD-003,4176.9,4491.9,63.24,2.759,276540.31
2023-12-16,FIELD-004,3614.5,4825.1,65.03,2.779,248459.89
2023-12-17,FIELD-001,1883.7,2000.4,65.2,2.802,128422.36
2023-12-17,FIELD-002,2990.2,2887.1,66.19,2.81,206034.09
2023-12-17,FIELD-003,4113.2,4310.6,62.69,2.844,270115.85
2023-12-17,FIELD-004,3518.3,4762.0,65.76,2.826,244820.82
2023-12-18,FIELD-001,1826.8,2015.0,65.2,2.731,124610.32
2023-12-18,FIELD-002,4324.3,4191.2,66.42,2.779,298867.35
2023-12-18,FIELD-003,4118.1,4373.4,63.22,2.765,272438.73
2023-12-18,FIELD-004,3732.5,5164.6,65.49,2.795,258876.48
2023-12-19,FIELD-001,1776.6,1920.6,64.0,2.793,119066.64
2023-12-19,FIELD-002,3945.9,3741.1,66.42,2.761,272415.86
2023-12-19,FIELD-003,4020.4,4071.5,61.85,2.787,260009.01
2023-12-19,FIELD-004,3755.0,5054.1,64.96,2.814,258147.04
2023-12-20,FIELD-001,2028.1,2639.7,65.08,2.682,139068.42
2023-12-20,FIELD-002,4383.0,4216.3,65.89,2.763,300445.51
2023-12-20,FIELD-003,4222.7,4238.2,63.92,2.853,282006.57
2023-12-20,FIELD-004,2892.3,4109.6,65.81,2.74,201602.57
2023-12-21,FIELD-001,4632.1,4997.8,64.3,2.734,311508.02
2023-12-21,FIELD-002,3775.3,3628.7,66.23,2.788,260154.93
2023-12-21,FIELD-003,4117.1,4250.2,61.24,2.799,264027.51
2023-12-21,FIELD-004,3625.6,4862.2,64.85,2.812,248792.67
2023-12-22,FIELD-001,4573.7,4980.0,64.31,2.809,308123.47
2023-12-22,FIELD-002,4308.1,4202.2,66.27,2.834,297406.82
2023-12-22,FIELD-003,4122.7,4309.3,62.15,2.815,268356.48
2023-12-22,FIELD-004,3710.6,5260.4,65.3,2.84,257241.72
2023-12-23,FIELD-001,4632.4,5205.4,65.22,2.81,316752.3
2023-12-23,FIELD-002,4421.6,4137.2,66.72,2.816,306659.51
2023-12-23,FIELD-003,4114.9,4310.8,63.73,2.827,274429.21
2023-12-23,FIELD-004,3567.9,4933.8,65.21,2.77,246329.38
2023-12-24,FIELD-001,4527.7,5010.4,64.88,2.862,308096.94
2023-12-24,FIELD-002,4457.6,4180.6,66.78,2.779,309296.42
2023-12-24,FIELD-003,4216.3,4338.1,62.45,2.855,275693.21
2023-12-24,FIELD-004,3550.9,4954.5,64.38,2.719,242078.23
2023-12-25,FIELD-001,4682.4,5007.2,64.18,2.781,314441.46
2023-12-25,FIELD-002,4298.8,4157.3,66.13,2.764,295770.42
2023-12-25,FIELD-003,4195.8,4457.9,63.63,2.76,279282.56
2023-12-25,FIELD-004,2706.9,3819.7,65.36,2.805,187637.24
2023-12-26,FIELD-001,4665.4,5112.5,64.55,2.814,315538.14
2023-12-26,FIELD-002,4359.4,4175.7,66.07,2.805,299738.4
2023-12-26,FIELD-003,3729.3,3993.6,62.43,2.766,243866.5
2023-12-26,FIELD-004,3717.2,5174.5,65.93,2.82,259667.09
2023-12-27,FIELD-001,4571.4,5074.6,65.45,2.823,313523.73
2023-12-27,FIELD-002,4295.4,4080.5,66.32,2.768,296165.75
2023-12-27,FIELD-003,3973.1,4115.8,62.68,2.796,260541.68
2023-12-27,FIELD-004,3589.6,4934.3,66.16,2.812,251363.19
2023-12-28,FIELD-001,4116.0,4188.7,65.51,2.767,281229.29
2023-12-28,FIELD-002,4358.4,4191.2,65.93,2.803,299097.25
2023-12-28,FIELD-003,4084.9,4428.4,62.52,2.743,267535.05
2023-12-28,FIELD-004,3605.0,4840.1,65.26,2.804,248833.94
2023-12-29,FIELD-001,4584.6,4828.3,64.55,2.746,309194.44
2023-12-29,FIELD-002,4340.1,4106.8,65.03,2.775,293633.07
2023-12-29,FIELD-003,4044.7,4199.6,62.94,2.817,266403.69
2023-12-29,FIELD-004,3599.5,4840.9,65.8,2.83,250546.85
2023-12-30,FIELD-001,4633.9,4880.9,65.02,2.728,314611.27
2023-12-30,FIELD-002,4337.2,4186.0,65.17,2.781,294296.59
2023-12-30,FIELD-003,4004.1,4232.0,62.31,2.833,261484.73
2023-12-30,FIELD-004,3593.6,4993.4,65.13,2.812,248092.61
2023-12-31,FIELD-001,4567.2,5078.7,64.67,2.799,309576.11
2023-12-31,FIELD-002,3723.4,3542.3,65.62,2.765,254123.97
2023-12-31,FIELD-003,4119.9,4302.5,62.77,2.778,270558.47
2023-12-31,FIELD-004,3607.2,4952.5,63.83,2.787,244050.19
2024-01-01,FIELD-001,4615.4,5047.9,68.78,2.925,332212.32
2024-01-01,FIELD-002,4076.1,3825.9,69.46,2.953,294423.79
2024-01-01,FIELD-003,4102.8,4386.2,64.37,2.997,277242.68
2024-01-01,FIELD-004,3432.9,4696.5,66.75,3.003,243249.66
2024-01-02,FIELD-001,4513.3,5059.0,67.98,3.024,322112.55
2024-01-02,FIELD-002,4382.7,4243.0,70.19,2.974,320240.4
2024-01-02,FIELD-003,3706.0,3948.8,64.17,3.016,249723.6
2024-01-02,FIELD-004,3617.4,5049.4,68.34,2.941,262063.4
2024-01-03,FIELD-001,4559.5,5012.1,67.73,2.932,323510.41
2024-01-03,FIELD-002,3808.4,3670.7,68.69,2.984,272552.36
2024-01-03,FIELD-003,4058.3,4426.1,65.32,2.968,278224.82
2024-01-03,FIELD-004,3605.6,5074.3,69.75,2.975,266586.64
2024-01-04,FIELD-001,3497.7,3730.3,67.28,2.965,246385.6
2024-01-04,FIELD-002,4319.4,4230.9,69.5,2.991,312852.92
2024-01-04,FIELD-003,1473.6,1571.7,64.89,2.947,100253.7
2024-01-04,FIELD-004,3459.8,4739.8,68.69,2.966,251711.91
2024-01-05,FIELD-001,4671.1,5135.4,67.86,2.973,332248.39
2024-01-05,FIELD-002,4369.0,4247.7,69.55,2.938,316343.69
2024-01-05,FIELD-003,3879.4,4131.5,65.57,2.932,266485.82
2024-01-05,FIELD-004,3552.4,4909.1,68.92,2.99,259509.62
2024-01-06,FIELD-001,4524.2,4874.3,68.08,2.98,322532.95
2024-01-06,FIELD-002,4187.4,4057.6,69.19,2.955,301716.41
2024-01-06,FIELD-003,4019.7,4287.0,65.83,2.971,277353.53
2024-01-06,FIELD-004,2139.0,2854.1,68.79,2.982,155652.74
2024-01-07,FIELD-001,4622.1,5083.8,68.08,2.959,329715.53
2024-01-07,FIELD-002,4280.6,4176.2,69.34,3.046,309537.51
2024-01-07,FIELD-003,4100.3,4343.4,66.41,2.954,285131.33
2024-01-07,FIELD-004,3466.2,4614.9,68.85,2.971,252358.74
2024-01-08,FIELD-001,3739.5,3978.1,68.16,2.952,266627.67
2024-01-08,FIELD-002,4327.9,4114.1,69.34,2.986,312381.29
2024-01-08,FIELD-003,3974.2,4328.0,65.73,3.001,274212.49
2024-01-08,FIELD-004,3393.1,4689.5,67.3,2.983,242344.41
2024-01-09,FIELD-001,4494.5,5015.8,68.97,2.99,324982.91
2024-01-09,FIELD-002,4349.3,4135.2,69.21,2.925,313110.51
2024-01-09,FIELD-003,3929.6,4294.8,65.42,3.009,269997.49
2024-01-09,FIELD-004,2061.5,2729.8,68.7,2.989,149784.42
2024-01-10,FIELD-001,4514.7,4773.1,66.95,2.93,316244.35
2024-01-10,FIELD-002,4313.9,4225.1,69.24,3.038,311530.29
2024-01-10,FIELD-003,1768.4,1910.5,64.52,3.023,119872.61
2024-01-10,FIELD-004,3568.7,4813.3,68.05,2.999,257285.12
2024-01-11,FIELD-001,4211.3,4734.3,67.24,2.958,297171.87
2024-01-11,FIELD-002,4396.7,4085.2,70.31,2.99,321346.73
2024-01-11,FIELD-003,3036.1,3226.0,66.25,2.958,210684.13
2024-01-11,FIELD-004,2984.1,4151.7,68.54,2.943,216748.67
2024-01-12,FIELD-001,4658.8,5168.5,67.68,2.971,330663.2
2024-01-12,FIELD-002,4120.5,3933.0,69.38,2.962,297529.84
2024-01-12,FIELD-003,4064.7,4348.3,65.15,2.971,277734.0
2024-01-12,FIELD-004,2516.4,3472.9,69.01,2.995,184058.1
2024-01-13,FIELD-001,4422.4,4807.6,68.43,2.996,317028.4
2024-01-13,FIELD-002,4154.0,3912.1,69.5,3.021,300521.45
2024-01-13,FIELD-003,3727.9,3890.7,66.34,2.978,258895.39
2024-01-13,FIELD-004,3534.1,4871.4,68.47,2.945,256326.1
2024-01-14,FIELD-001,4275.3,4757.5,67.46,2.969,302536.76
2024-01-14,FIELD-002,4323.1,4096.0,69.76,2.962,313711.81
2024-01-14,FIELD-003,3952.2,4322.0,65.99,2.939,273508.04
2024-01-14,FIELD-004,3491.2,4771.2,68.34,2.94,252615.94
2024-01-15,FIELD-001,4550.1,5008.3,67.74,2.972,323108.44
2024-01-15,FIELD-002,4239.1,4122.0,69.57,2.978,307189.5
2024-01-15,FIELD-003,3741.5,3937.5,65.09,2.993,255319.17
2024-01-15,FIELD-004,3528.2,4807.7,67.62,3.011,253052.87
2024-01-16,FIELD-001,4512.9,4907.0,67.73,2.984,320301.2
2024-01-16,FIELD-002,4253.2,4182.5,69.79,2.985,309315.59
2024-01-16,FIELD-003,4032.8,4184.7,66.18,2.924,279126.77
2024-01-16,FIELD-004,3592.4,4936.3,68.55,2.982,260979.07
2024-01-17,FIELD-001,4502.9,4858.1,68.6,3.062,323774.44
2024-01-17,FIELD-002,4277.2,4209.8,68.91,2.997,307358.62
2024-01-17,FIELD-003,3994.4,4274.5,65.66,2.996,275078.71
2024-01-17,FIELD-004,3594.3,4978.7,69.19,2.995,263600.82
2024-01-18,FIELD-001,4639.4,5044.2,68.56,2.95,332957.65
2024-01-18,FIELD-002,4211.3,3993.5,69.6,3.022,305174.84
2024-01-18,FIELD-003,4062.1,4415.8,66.15,2.982,281875.83
2024-01-18,FIELD-004,3479.2,4809.3,68.74,3.005,253612.15
2024-01-19,FIELD-001,4527.3,4834.2,67.42,2.974,319607.48
2024-01-19,FIELD-002,4122.2,3953.3,69.95,3.031,300330.34
2024-01-19,FIELD-003,3912.1,4155.3,65.92,2.962,270193.63
2024-01-19,FIELD-004,2030.7,2774.0,68.88,2.971,148116.17
2024-01-20,FIELD-001,4399.8,4873.7,67.88,2.96,313084.58
2024-01-20,FIELD-002,4263.5,4150.6,68.45,2.957,304109.9
2024-01-20,FIELD-003,3973.6,4121.9,65.84,3.018,274061.72
2024-01-20,FIELD-004,3224.7,4231.6,67.96,3.009,231883.5
2024-01-21,FIELD-001,4480.9,5069.1,68.27,2.983,321032.17
2024-01-21,FIELD-002,4331.4,4099.6,69.69,3.013,314207.36
2024-01-21,FIELD-003,4046.7,4339.1,65.43,3.0,277792.88
2024-01-21,FIELD-004,3398.4,4611.4,68.28,2.988,245821.62
2024-01-22,FIELD-001,3907.9,4140.1,68.73,3.0,281010.27
2024-01-22,FIELD-002,4069.1,3895.7,69.4,2.936,293833.32
2024-01-22,FIELD-003,3983.6,4181.0,65.27,3.006,272577.66
2024-01-22,FIELD-004,2003.3,2699.3,68.64,2.925,145401.96
2024-01-23,FIELD-001,4622.0,4947.3,68.58,2.961,331625.72
2024-01-23,FIELD-002,3973.2,3953.5,69.5,2.928,287713.25
2024-01-23,FIELD-003,4034.3,4404.2,64.8,2.975,274525.14
2024-01-23,FIELD-004,3452.3,4644.4,68.47,2.995,250288.96
2024-01-24,FIELD-001,4489.9,4827.8,68.9,3.009,323880.96
2024-01-24,FIELD-002,4058.2,3976.8,68.2,2.959,288536.59
2024-01-24,FIELD-003,3599.8,3671.0,66.08,2.941,248671.2
2024-01-24,FIELD-004,3500.6,4779.8,67.45,2.973,250325.82
2024-01-25,FIELD-001,4543.8,5168.3,68.0,3.012,324545.32
2024-01-25,FIELD-002,4264.2,4101.0,69.29,2.945,307543.86
2024-01-25,FIELD-003,4015.6,4069.2,66.64,3.027,279917.05
2024-01-25,FIELD-004,3374.7,4569.9,68.37,3.028,244565.9
2024-01-26,FIELD-001,4553.5,5012.2,68.5,2.947,326685.7
2024-01-26,FIELD-002,2489.7,2421.8,68.26,2.944,177076.7
2024-01-26,FIELD-003,3901.5,4142.6,65.05,2.971,266100.24
2024-01-26,FIELD-004,3375.8,4709.3,68.01,3.025,243833.79
2024-01-27,FIELD-001,4574.8,4944.9,67.4,2.982,323087.21
2024-01-27,FIELD-002,4286.0,4060.7,69.41,2.969,309547.48
2024-01-27,FIELD-003,4013.8,4492.8,64.13,2.938,270604.84
2024-01-27,FIELD-004,3514.7,4790.1,68.53,2.972,255098.57
2024-01-28,FIELD-001,4348.4,4838.4,67.32,2.976,307133.37
2024-01-28,FIELD-002,4231.3,4018.3,69.73,3.005,307123.54
2024-01-28,FIELD-003,3965.4,4039.5,65.53,2.967,271837.86
2024-01-28,FIELD-004,3108.2,4290.2,68.79,2.995,226662.23
2024-01-29,FIELD-001,2204.1,2495.1,68.14,2.925,157485.54
2024-01-29,FIELD-002,4354.8,4137.7,69.32,2.971,314167.84
2024-01-29,FIELD-003,3020.0,3237.2,65.61,2.974,207769.63
2024-01-29,FIELD-004,3551.4,4735.6,68.32,2.995,256814.77
2024-01-30,FIELD-001,4590.4,4929.5,67.75,2.98,325689.51
2024-01-30,FIELD-002,4232.5,4024.2,68.57,3.011,302339.39
2024-01-30,FIELD-003,3974.8,4208.6,65.71,3.005,273830.95
2024-01-30,FIELD-004,3360.9,4560.7,68.4,2.999,243563.1
2024-01-31,FIELD-001,4565.2,4988.6,68.65,2.95,328117.35
2024-01-31,FIELD-002,4222.7,4126.4,68.89,2.949,303070.56
2024-01-31,FIELD-003,3995.7,4302.3,64.43,3.021,270440.2
2024-01-31,FIELD-004,3548.4,4925.4,68.88,2.94,258894.47
2024-02-01,FIELD-001,4321.8,4754.7,70.57,3.264,320508.77
2024-02-01,FIELD-002,4182.5,4095.1,72.12,3.342,315327.72
2024-02-01,FIELD-003,3953.3,4190.6,67.35,3.326,280192.69
2024-02-01,FIELD-004,3384.2,4695.8,69.93,3.261,251970.11
2024-02-02,FIELD-001,4401.5,4854.4,69.86,3.28,323411.22
2024-02-02,FIELD-002,4098.4,3971.0,71.3,3.281,305244.77
2024-02-02,FIELD-003,3954.1,4169.8,67.38,3.313,280241.81
2024-02-02,FIELD-004,3431.8,4670.8,70.23,3.289,256377.58
2024-02-03,FIELD-001,4363.6,4698.2,69.07,3.224,316540.85
2024-02-03,FIELD-002,4141.8,4099.4,71.22,3.231,308224.16
2024-02-03,FIELD-003,3864.4,4101.0,67.22,3.212,272937.38
2024-02-03,FIELD-004,3416.5,4703.3,70.24,3.292,255458.22
2024-02-04,FIELD-001,4438.1,5099.700000000001,70.28,3.307,328774.38
2024-02-04,FIELD-002,4232.0,4169.5,70.81,3.297,313414.76
2024-02-04,FIELD-003,3216.6,3613.7,67.28,3.313,228385.04
2024-02-04,FIELD-004,3564.7,4918.5,69.05,3.24,262078.47
2024-02-05,FIELD-001,4525.5,4838.3,69.96,3.27,332425.22
2024-02-05,FIELD-002,3630.1,3548.7,70.94,3.243,269027.73
2024-02-05,FIELD-003,4051.9,4183.2,67.66,3.251,287751.14
2024-02-05,FIELD-004,3362.1,4603.4,69.88,3.271,250001.27
2024-02-06,FIELD-001,4430.8,4808.0,70.09,3.315,326493.29
2024-02-06,FIELD-002,4260.9,4206.4,71.57,3.266,318690.72
2024-02-06,FIELD-003,3837.7,4140.1,67.17,3.295,271419.94
2024-02-06,FIELD-004,3362.7,4649.0,69.82,3.279,250027.78
2024-02-07,FIELD-001,4377.1,4838.3,70.33,3.23,323469.15
2024-02-07,FIELD-002,3884.5,3813.2,72.3,3.27,293318.51
2024-02-07,FIELD-003,3968.6,4052.4,67.75,3.345,282427.93
2024-02-07,FIELD-004,3458.8,4600.3,69.87,3.239,256566.73
2024-02-08,FIELD-001,4597.4,4949.7,69.27,3.302,334805.81
2024-02-08,FIELD-002,4180.6,3999.5,72.5,3.287,316239.86
2024-02-08,FIELD-003,3944.6,4244.4,66.54,3.369,276773.07
2024-02-08,FIELD-004,3400.4,4424.8,69.69,3.271,251447.4
2024-02-09,FIELD-001,3348.1,3668.6,69.54,3.293,244907.57
2024-02-09,FIELD-002,3875.0,3714.7,71.55,3.309,289548.19
2024-02-09,FIELD-003,3597.7,3816.6,67.74,3.235,256054.9
2024-02-09,FIELD-004,3611.4,4959.6,70.56,3.352,271444.96
2024-02-10,FIELD-001,4356.6,4697.1,69.69,3.199,318637.48
2024-02-10,FIELD-002,3062.2,2974.8,70.29,3.271,224972.61
2024-02-10,FIELD-003,3907.6,4233.0,67.46,3.321,277664.49
2024-02-10,FIELD-004,3411.6,4662.6,70.54,3.217,255653.85
2024-02-11,FIELD-001,4554.6,4850.9,69.5,3.298,332542.97
2024-02-11,FIELD-002,2258.1,2135.6,71.9,3.274,169349.34
2024-02-11,FIELD-003,3894.8,4198.0,67.6,3.225,276827.03
2024-02-11,FIELD-004,3427.3,4682.4,70.04,3.243,255233.12
2024-02-12,FIELD-001,4524.3,5077.6,69.48,3.294,331073.98
2024-02-12,FIELD-002,4105.3,4130.8,71.12,3.285,305538.61
2024-02-12,FIELD-003,4006.8,4376.1,67.31,3.308,284173.85
2024-02-12,FIELD-004,3359.0,4558.5,70.35,3.269,251207.39
2024-02-13,FIELD-001,4470.8,4864.4,69.66,3.36,327780.31
2024-02-13,FIELD-002,4242.5,4139.0,71.18,3.263,315486.71
2024-02-13,FIELD-003,4018.0,4282.0,67.68,3.28,285983.2
2024-02-13,FIELD-004,3281.7,4561.6,70.12,3.26,244983.62
2024-02-14,FIELD-001,4431.7,4858.9,69.34,3.279,323226.41
2024-02-14,FIELD-002,4157.7,3875.8,71.17,3.318,308763.41
2024-02-14,FIELD-003,3900.5,4061.8,68.04,3.299,278789.9
2024-02-14,FIELD-004,3465.2,4714.0,69.75,3.328,257385.89
2024-02-15,FIELD-001,4529.0,4979.3,70.08,3.267,333659.69
2024-02-15,FIELD-002,4101.4,4025.0,71.87,3.298,308042.07
2024-02-15,FIELD-003,3848.9,3980.2,67.18,3.279,271620.18
2024-02-15,FIELD-004,3377.3,4828.3,69.64,3.292,251089.94
2024-02-16,FIELD-001,4456.6,4894.7,69.64,3.313,326573.77
2024-02-16,FIELD-002,4104.5,4011.0,71.61,3.213,306810.59
2024-02-16,FIELD-003,3907.7,4134.0,67.42,3.368,277380.45
2024-02-16,FIELD-004,3386.7,4839.1,70.72,3.273,255345.8
2024-02-17,FIELD-001,4445.0,4987.3,69.3,3.252,324257.2
2024-02-17,FIELD-002,4102.9,3895.1,71.19,3.299,304935.39
2024-02-17,FIELD-003,3892.3,4320.3,67.04,3.286,275136.3
2024-02-17,FIELD-004,3373.5,4480.0,70.39,3.276,252137.14
2024-02-18,FIELD-001,4499.7,4784.3,70.0,3.281,330676.29
2024-02-18,FIELD-002,4049.0,3857.7,71.11,3.323,300743.53
2024-02-18,FIELD-003,3695.1,3865.4,66.97,3.27,260100.7
2024-02-18,FIELD-004,3280.6,4467.1,69.46,3.323,242714.65
2024-02-19,FIELD-001,4286.3,4730.5,70.22,3.259,316400.69
2024-02-19,FIELD-002,2954.7,2817.8,71.22,3.337,219836.73
2024-02-19,FIELD-003,3980.9,4304.6,67.63,3.272,283312.92
2024-02-19,FIELD-004,3182.6,4458.9,70.05,3.31,237700.09
2024-02-20,FIELD-001,4489.8,4806.3,69.77,3.267,328955.53
2024-02-20,FIELD-002,3196.9,3040.3,72.02,3.287,240234.2
2024-02-20,FIELD-003,3935.1,4086.3,67.13,3.304,277664.4
2024-02-20,FIELD-004,3380.4,4401.2,70.34,3.288,252248.48
2024-02-21,FIELD-001,2932.8,3278.1,69.2,3.313,213810.11
2024-02-21,FIELD-002,4050.0,3818.3,71.51,3.319,302288.44
2024-02-21,FIELD-003,3911.3,4223.4,66.74,3.251,274770.44
2024-02-21,FIELD-004,2606.1,3664.4,70.63,3.297,196150.37
2024-02-22,FIELD-001,4373.4,4678.6,68.92,3.326,316975.75
2024-02-22,FIELD-002,4098.3,3925.1,70.93,3.331,303766.93
2024-02-22,FIELD-003,3752.0,4026.6,66.59,3.206,262754.96
2024-02-22,FIELD-004,3411.6,4618.2,70.76,3.206,256210.77
2024-02-23,FIELD-001,4364.5,5023.7,70.15,3.295,322722.77
2024-02-23,FIELD-002,4151.0,3763.4,70.75,3.197,305714.84
2024-02-23,FIELD-003,2432.3,2632.1,68.15,3.318,174494.55
2024-02-23,FIELD-004,3366.0,4597.5,70.48,3.325,252522.37
2024-02-24,FIELD-001,4370.0,4834.5,70.12,3.253,322151.03
2024-02-24,FIELD-002,4106.4,4068.4,71.13,3.295,305493.61
2024-02-24,FIELD-003,3755.5,4071.1,68.49,3.303,270661.04
2024-02-24,FIELD-004,3433.6,4573.8,70.58,3.24,257162.6
2024-02-25,FIELD-001,1759.8,1941.6,68.92,3.255,127605.32
2024-02-25,FIELD-002,3820.4,3655.1,70.52,3.273,281377.75
2024-02-25,FIELD-003,3865.5,4148.5,67.54,3.273,274653.91
2024-02-25,FIELD-004,3431.1,4613.8,70.02,3.294,255443.48
2024-02-26,FIELD-001,3636.6,3958.3,70.2,3.274,268248.79
2024-02-26,FIELD-002,3994.0,3915.5,71.74,3.358,299677.81
2024-02-26,FIELD-003,3347.1,3548.7,67.39,3.292,237243.39
2024-02-26,FIELD-004,3335.6,4539.8,70.58,3.27,250271.79
2024-02-27,FIELD-001,4411.3,4813.7,69.83,3.333,324085.14
2024-02-27,FIELD-002,4116.7,4025.9,71.55,3.238,307585.75
2024-02-27,FIELD-003,3871.7,4161.8,68.22,3.305,277882.12
2024-02-27,FIELD-004,3228.3,4462.7,70.62,3.312,242763.01
2024-02-28,FIELD-001,4364.8,4937.0,68.99,3.361,317720.81
2024-02-28,FIELD-002,4150.6,4087.5,71.51,3.318,310371.73
2024-02-28,FIELD-003,3020.4,3144.8,66.71,3.278,211799.54
2024-02-28,FIELD-004,3275.4,4415.2,70.61,3.302,245854.98
2024-02-29,FIELD-001,4256.1,4689.0,69.9,3.336,313143.89
2024-02-29,FIELD-002,4092.7,3906.3,70.52,3.328,301617.37
2024-02-29,FIELD-003,3793.5,4046.3,68.8,3.27,274224.2
2024-02-29,FIELD-004,3329.7,4595.4,70.29,3.226,248869.37
2024-03-01,FIELD-001,4251.3,4572.3,70.66,3.091,314529.84
2024-03-01,FIELD-002,3443.2,3318.1,70.5,3.198,253356.88
2024-03-01,FIELD-003,2653.1,2719.2,67.56,3.113,187708.31
2024-03-01,FIELD-004,3420.0,4642.9,71.21,3.104,257949.76
2024-03-02,FIELD-001,4418.3,4931.3,70.51,3.082,326732.6
2024-03-02,FIELD-002,4202.1,3992.9,72.47,3.125,317004.0
2024-03-02,FIELD-003,3723.1,3821.9,67.83,3.07,264271.11
2024-03-02,FIELD-004,3022.2,4073.9,71.26,3.098,227982.91
2024-03-03,FIELD-001,4134.7,4424.2,71.14,3.072,307733.7
2024-03-03,FIELD-002,2692.2,2567.6,71.92,3.042,201433.66
2024-03-03,FIELD-003,3871.0,4057.2,68.1,3.071,276074.76
2024-03-03,FIELD-004,3322.9,4618.7,70.15,3.095,247396.31
2024-03-04,FIELD-001,4220.2,4644.0,70.94,3.095,313754.17
2024-03-04,FIELD-002,4045.6,3990.8,71.78,3.14,302924.28
2024-03-04,FIELD-003,3920.9,4295.9,68.64,3.121,282538.08
2024-03-04,FIELD-004,3292.1,4578.2,70.81,3.068,247159.52
2024-03-05,FIELD-001,4202.7,4727.6,71.21,3.078,313825.82
2024-03-05,FIELD-002,4059.8,4036.7,72.23,3.091,305716.79
2024-03-05,FIELD-003,3847.2,4052.2,68.2,3.089,274896.29
2024-03-05,FIELD-004,3320.8,4483.0,70.58,3.111,248328.68
2024-03-06,FIELD-001,4348.9,4662.8,71.07,3.067,323377.13
2024-03-06,FIELD-002,4065.3,3937.5,71.37,3.136,302488.46
2024-03-06,FIELD-003,3892.2,4094.0,68.56,3.083,279471.03
2024-03-06,FIELD-004,3448.4,4700.8,70.69,3.076,258227.06
2024-03-07,FIELD-001,4351.3,4864.7,70.38,3.122,321432.09
2024-03-07,FIELD-002,4143.8,3919.9,72.21,3.02,311061.9
2024-03-07,FIELD-003,3142.7,3285.3,68.9,3.112,226755.88
2024-03-07,FIELD-004,3379.2,4660.0,70.91,3.092,254027.79
2024-03-08,FIELD-001,3729.8,3946.6,70.98,3.114,277030.92
2024-03-08,FIELD-002,4049.8,3874.8,71.69,3.099,302338.17
2024-03-08,FIELD-003,3838.0,3988.9,68.22,3.062,274042.37
2024-03-08,FIELD-004,2065.3,2868.1,71.49,3.109,156565.22
2024-03-09,FIELD-001,4323.1,4693.4,70.24,3.126,318326.11
2024-03-09,FIELD-002,4123.6,4000.0,71.72,3.067,308012.59
2024-03-09,FIELD-003,3797.6,4163.1,67.98,3.053,270870.79
2024-03-09,FIELD-004,3275.6,4426.0,70.79,3.124,245706.55
2024-03-10,FIELD-001,4344.3,4813.8,70.04,3.033,318875.03
2024-03-10,FIELD-002,3823.3,3675.6,72.23,3.076,287463.1
2024-03-10,FIELD-003,3800.2,4101.4,66.98,3.109,267288.65
2024-03-10,FIELD-004,2979.0,4111.3,71.37,3.069,225228.81
2024-03-11,FIELD-001,4390.2,4853.7,70.55,3.089,324721.69
2024-03-11,FIELD-002,3969.4,3836.2,72.14,3.036,297999.22
2024-03-11,FIELD-003,3825.0,4129.2,68.03,3.058,272841.84
2024-03-11,FIELD-004,3309.3,4493.4,70.6,3.093,247534.67
2024-03-12,FIELD-001,4362.1,4930.5,70.67,3.104,323573.88
2024-03-12,FIELD-002,3978.4,3894.8,71.72,3.117,297470.94
2024-03-12,FIELD-003,3784.8,4047.0,68.47,3.124,271788.08
2024-03-12,FIELD-004,3173.9,4425.6,69.52,3.084,234298.08
2024-03-13,FIELD-001,4220.5,4691.2,70.71,3.1,312974.27
2024-03-13,FIELD-002,4089.8,4032.6,71.63,3.079,305368.75
2024-03-13,FIELD-003,3740.8,3999.7,68.69,3.1,269354.62
2024-03-13,FIELD-004,3224.6,4462.2,69.94,3.072,239236.4
2024-03-14,FIELD-001,4474.1,4994.8,70.46,3.092,330689.01
2024-03-14,FIELD-002,4098.0,4063.4,71.03,3.055,303494.63
2024-03-14,FIELD-003,3796.6,4169.2,67.9,3.083,270642.78
2024-03-14,FIELD-004,3277.5,4397.8,71.03,3.115,246499.97
2024-03-15,FIELD-001,4331.0,4604.5,70.23,3.113,318499.94
2024-03-15,FIELD-002,3953.5,3763.5,72.71,3.095,299107.02
2024-03-15,FIELD-003,3765.8,4100.3,68.08,3.053,268893.88
2024-03-15,FIELD-004,0.0,0.0,70.28,3.106,0.0
2024-03-16,FIELD-001,4166.3,4590.1,70.04,3.078,305935.98
2024-03-16,FIELD-002,4022.8,3981.0,72.16,3.082,302554.69
2024-03-16,FIELD-003,3938.8,4035.8,67.87,3.085,279776.8
2024-03-16,FIELD-004,2546.7,3598.1,70.58,3.061,190759.87
2024-03-17,FIELD-001,3619.4,3937.3,70.86,3.094,268652.69
2024-03-17,FIELD-002,1591.2,1523.1,70.86,3.092,117461.86
2024-03-17,FIELD-003,3345.5,3961.1,68.42,3.097,241166.64
2024-03-17,FIELD-004,3291.1,4570.4,69.96,3.101,244418.17
2024-03-18,FIELD-001,4270.7,4674.4,70.14,3.107,314070.26
2024-03-18,FIELD-002,2878.3,2804.1,71.19,3.068,213509.16
2024-03-18,FIELD-003,3827.9,4170.6,68.08,3.064,273382.15
2024-03-18,FIELD-004,3259.0,4494.1,70.61,3.024,243708.15
2024-03-19,FIELD-001,4333.3,4740.4,70.52,3.017,319886.1
2024-03-19,FIELD-002,3949.1,3862.2,71.54,3.092,294460.54
2024-03-19,FIELD-003,3780.8,4133.4,68.27,3.144,271110.63
2024-03-19,FIELD-004,3270.2,4545.7,71.86,3.098,249079.15
2024-03-20,FIELD-001,4367.0,4893.4,71.16,3.09,325876.33
2024-03-20,FIELD-002,3904.5,3737.8,73.11,3.087,296996.58
2024-03-20,FIELD-003,3747.1,4087.1,67.59,3.075,265834.32
2024-03-20,FIELD-004,3297.6,4552.3,70.41,3.1,246296.15
2024-03-21,FIELD-001,4375.7,4819.4,70.48,3.123,323450.32
2024-03-21,FIELD-002,4102.2,3948.3,72.22,3.114,308555.89
2024-03-21,FIELD-003,3814.0,4160.8,68.7,3.104,274936.92
2024-03-21,FIELD-004,2514.8,3378.6,70.05,3.126,186723.24
2024-03-22,FIELD-001,4323.7,4608.1,70.89,2.972,320202.37
2024-03-22,FIELD-002,4116.0,4041.6,72.02,3.078,308874.36
2024-03-22,FIELD-003,3836.7,3929.5,68.2,3.099,273840.46
2024-03-22,FIELD-004,3320.8,4547.5,69.86,3.103,246101.98
2024-03-23,FIELD-001,4348.0,4644.1,70.27,3.087,319870.3
2024-03-23,FIELD-002,4016.4,3917.7,72.32,3.113,302661.85
2024-03-23,FIELD-003,3481.8,3607.0,68.37,3.112,249275.65
2024-03-23,FIELD-004,3106.1,4142.6,71.3,3.047,234087.43
2024-03-24,FIELD-001,4267.0,4834.5,69.65,3.096,312164.16
2024-03-24,FIELD-002,2262.1,2266.5,70.85,3.094,167282.34
2024-03-24,FIELD-003,3719.9,3909.5,67.33,3.081,262506.04
2024-03-24,FIELD-004,3187.1,4329.9,70.82,3.102,239141.77
2024-03-25,FIELD-001,4228.7,4553.6,70.16,3.08,310710.68
2024-03-25,FIELD-002,3960.7,3863.6,71.9,3.075,296654.9
2024-03-25,FIELD-003,3694.7,3900.4,68.37,3.098,264690.08
2024-03-25,FIELD-004,3235.9,4580.7,70.8,3.108,243338.54
2024-03-26,FIELD-001,4286.0,4809.0,71.03,3.087,319279.96
2024-03-26,FIELD-002,4043.1,3981.6,72.12,3.083,303863.64
2024-03-26,FIELD-003,3704.0,4008.6,68.24,3.111,265231.71
2024-03-26,FIELD-004,3299.8,4448.3,70.61,3.072,246664.06
2024-03-27,FIELD-001,4175.7,4711.8,70.81,3.055,310075.87
2024-03-27,FIELD-002,4045.6,4090.0,71.86,3.103,303408.09
2024-03-27,FIELD-003,3117.0,3458.0,68.71,3.07,224785.13
2024-03-27,FIELD-004,1297.3,1782.5,70.51,3.125,97042.94
2024-03-28,FIELD-001,4355.9,4699.5,70.21,3.094,320367.99
2024-03-28,FIELD-002,3507.9,3415.6,72.82,3.036,265815.04
2024-03-28,FIELD-003,1466.9,1555.0,69.1,3.112,106201.95
2024-03-28,FIELD-004,1322.2,1734.2,70.78,3.077,98921.45
2024-03-29,FIELD-001,4224.2,4716.0,71.33,3.093,315898.77
2024-03-29,FIELD-002,3974.3,3819.8,72.59,3.089,300293.8
2024-03-29,FIELD-003,2000.0,2088.3,68.48,3.086,143404.49
2024-03-29,FIELD-004,2658.5,3835.1,70.07,3.094,198146.89
2024-03-30,FIELD-001,4269.5,4687.0,70.03,3.055,313311.87
2024-03-30,FIELD-002,4002.0,3907.7,71.88,3.093,299750.28
2024-03-30,FIELD-003,3711.9,4064.0,69.09,3.093,269025.12
2024-03-30,FIELD-004,3173.1,4439.9,71.48,3.069,240439.24
2024-03-31,FIELD-001,4310.5,4686.1,70.15,3.103,316922.54
2024-03-31,FIELD-002,3937.2,3720.5,72.27,3.077,295989.42
2024-03-31,FIELD-003,3292.6,3432.1,67.97,3.071,234338.0
2024-03-31,FIELD-004,3243.1,4553.9,71.6,3.082,246241.08
2024-04-01,FIELD-001,4286.0,4570.1,71.36,3.034,319714.64
2024-04-01,FIELD-002,4051.0,3938.9,72.08,3.02,303891.56
2024-04-01,FIELD-003,3717.0,4083.0,67.49,3.01,263150.16
2024-04-01,FIELD-004,3122.7,4182.1,70.38,3.022,232413.93
2024-04-02,FIELD-001,4390.3,4699.8,70.42,3.043,323466.42
2024-04-02,FIELD-002,3932.6,3919.0,72.08,3.085,295551.92
2024-04-02,FIELD-003,3822.0,4029.4,68.76,3.041,275054.13
2024-04-02,FIELD-004,341.6,472.1,69.87,3.063,25313.63
2024-04-03,FIELD-001,4348.2,4757.2,70.95,3.086,323185.51
2024-04-03,FIELD-002,4107.9,4102.1,71.65,3.104,307063.95
2024-04-03,FIELD-003,2296.8,2312.6,67.91,3.032,162987.49
2024-04-03,FIELD-004,3187.6,4259.4,70.93,3.074,239189.86
2024-04-04,FIELD-001,4266.9,4638.2,71.68,3.068,320081.39
2024-04-04,FIELD-002,4008.5,3945.6,70.54,3.06,294833.13
2024-04-04,FIELD-003,3743.2,4085.6,68.14,3.071,267608.53
2024-04-04,FIELD-004,2707.2,3695.7,70.45,3.063,202042.17
2024-04-05,FIELD-001,3773.7,3993.7,70.51,3.072,278352.23
2024-04-05,FIELD-002,3213.2,3085.7,72.03,3.103,241021.72
2024-04-05,FIELD-003,3653.0,4016.7,68.34,3.057,261925.07
2024-04-05,FIELD-004,3257.9,4581.8,70.1,2.993,242092.12
2024-04-06,FIELD-001,4298.4,4750.0,70.97,3.011,319359.7
2024-04-06,FIELD-002,3984.9,3933.9,71.52,3.131,297317.09
2024-04-06,FIELD-003,3763.0,4067.9,67.76,3.087,267538.49
2024-04-06,FIELD-004,3228.9,4395.8,71.71,3.038,244898.86
2024-04-07,FIELD-001,4264.1,4732.3,70.49,3.015,314844.29
2024-04-07,FIELD-002,4112.9,3913.0,72.06,3.088,308458.92
2024-04-07,FIELD-003,1455.1,1544.2,67.93,3.066,103579.46
2024-04-07,FIELD-004,3168.7,4458.7,70.86,3.075,238244.58
2024-04-08,FIELD-001,3048.0,2910.2,70.63,3.052,224162.17
2024-04-08,FIELD-002,3448.8,3490.3,72.48,3.101,260792.44
2024-04-08,FIELD-003,3581.7,3705.5,67.96,3.081,254828.98
2024-04-08,FIELD-004,3161.9,4167.8,70.66,3.03,236048.29
2024-04-09,FIELD-001,3152.0,3045.8,71.03,3.055,233191.48
2024-04-09,FIELD-002,3979.8,3808.5,70.62,3.071,292749.38
2024-04-09,FIELD-003,3649.0,3896.5,67.89,3.092,259778.59
2024-04-09,FIELD-004,3193.9,4429.7,71.3,3.13,241590.03
2024-04-10,FIELD-001,4164.2,4460.8,71.29,3.058,310506.94
2024-04-10,FIELD-002,1488.6,1475.9,71.81,3.022,111356.54
2024-04-10,FIELD-003,2220.8,2351.5,67.59,3.079,157344.14
2024-04-10,FIELD-004,3154.5,4185.4,70.34,3.078,234770.19
2024-04-11,FIELD-001,4197.4,4570.7,69.32,3.107,305164.93
2024-04-11,FIELD-002,2743.4,2734.1,71.09,3.006,203247.01
2024-04-11,FIELD-003,3701.9,4097.9,68.41,3.033,265675.91
2024-04-11,FIELD-004,1693.1,2323.6,70.41,3.043,126281.89
2024-04-12,FIELD-001,4314.0,4662.6,71.31,3.117,322164.66
2024-04-12,FIELD-002,3961.1,3869.7,70.68,3.065,291831.18
2024-04-12,FIELD-003,3602.3,3912.3,68.27,3.053,257873.27
2024-04-12,FIELD-004,3300.1,4433.7,71.69,3.039,250058.18
2024-04-13,FIELD-001,1800.3,2023.3,70.72,3.109,133607.66
2024-04-13,FIELD-002,3899.8,3827.7,72.41,3.029,293978.62
2024-04-13,FIELD-003,3572.2,3726.3,69.04,3.056,258012.26
2024-04-13,FIELD-004,2119.0,2764.1,70.42,3.085,157747.23
2024-04-14,FIELD-001,840.8,901.8,70.77,3.113,62310.72
2024-04-14,FIELD-002,4066.9,3865.3,72.41,3.042,306242.47
2024-04-14,FIELD-003,3761.2,3992.0,68.19,3.122,268939.25
2024-04-14,FIELD-004,3271.2,4364.4,70.97,3.068,245547.04
2024-04-15,FIELD-001,860.8,921.4,70.03,3.064,63104.99
2024-04-15,FIELD-002,3939.8,3765.4,71.24,3.055,292174.65
2024-04-15,FIELD-003,3705.2,3925.8,67.24,3.079,261225.19
2024-04-15,FIELD-004,3234.7,4510.1,69.83,3.051,239639.42
2024-04-16,FIELD-001,3832.4,4016.0,69.71,3.093,279578.09
2024-04-16,FIELD-002,4011.6,3914.5,71.98,3.066,300756.82
2024-04-16,FIELD-003,3618.8,3785.4,67.94,3.1,257596.01
2024-04-16,FIELD-004,3202.0,4588.7,70.34,3.107,239485.77
2024-04-17,FIELD-001,4333.4,4792.7,69.99,3.032,317826.13
2024-04-17,FIELD-002,3313.8,3245.6,71.56,3.053,247044.34
2024-04-17,FIELD-003,3647.9,3927.2,67.6,3.082,258701.67
2024-04-17,FIELD-004,2256.6,3110.1,70.7,3.058,169052.31
2024-04-18,FIELD-001,4189.7,4457.6,70.07,3.077,307288.31
2024-04-18,FIELD-002,4043.5,3956.4,72.03,3.097,303506.28
2024-04-18,FIELD-003,3589.6,3872.5,67.66,3.013,254540.18
2024-04-18,FIELD-004,3104.7,4379.5,71.42,3.057,235125.81
2024-04-19,FIELD-001,2978.5,3336.9,69.97,3.081,218686.63
2024-04-19,FIELD-002,4046.8,3897.2,72.34,3.045,304612.49
2024-04-19,FIELD-003,3576.7,3840.9,68.23,3.032,255683.85
2024-04-19,FIELD-004,3214.9,4266.3,71.87,3.038,244015.88
2024-04-20,FIELD-001,4174.6,4466.7,70.88,3.025,309407.42
2024-04-20,FIELD-002,4028.0,3820.5,72.04,3.059,301864.03
2024-04-20,FIELD-003,2650.9,2906.5,68.57,3.059,190663.2
2024-04-20,FIELD-004,3139.5,4238.6,70.68,3.027,234730.1
2024-04-21,FIELD-001,3732.7,4050.7,71.07,3.031,277560.66
2024-04-21,FIELD-002,3940.7,3772.0,72.07,2.988,295276.98
2024-04-21,FIELD-003,3639.2,3799.6,67.79,3.083,258415.53
2024-04-21,FIELD-004,3081.9,4165.4,70.94,3.036,231276.14
2024-04-22,FIELD-001,4183.6,4617.7,70.64,3.041,309571.93
2024-04-22,FIELD-002,4049.2,3962.7,71.79,3.037,302726.79
2024-04-22,FIELD-003,3713.2,4017.8,68.81,3.032,267687.26
2024-04-22,FIELD-004,3140.3,4359.8,70.29,3.116,234316.82
2024-04-23,FIELD-001,3991.6,4481.0,70.73,3.065,296060.13
2024-04-23,FIELD-002,4012.2,3933.5,72.49,3.111,303081.5
2024-04-23,FIELD-003,3593.1,3831.4,68.01,3.087,256194.26
2024-04-23,FIELD-004,2744.8,3947.6,71.5,3.094,208467.07
2024-04-24,FIELD-001,4240.9,4606.8,70.4,3.064,312674.6
2024-04-24,FIELD-002,1846.2,1757.6,71.93,3.068,138189.48
2024-04-24,FIELD-003,3615.6,3788.6,68.57,3.086,259613.31
2024-04-24,FIELD-004,3128.3,4133.6,71.77,3.09,237290.92
2024-04-25,FIELD-001,4239.9,4781.4,71.12,3.118,316450.09
2024-04-25,FIELD-002,4150.6,4032.7,71.3,3.075,308338.33
2024-04-25,FIELD-003,3442.7,3718.3,67.72,3.079,244588.29
2024-04-25,FIELD-004,3169.8,4423.8,71.04,3.048,238666.33
2024-04-26,FIELD-001,4251.1,4668.9,69.7,3.003,310322.38
2024-04-26,FIELD-002,4038.7,3928.4,70.24,3.066,295722.76
2024-04-26,FIELD-003,3555.3,3820.9,67.39,3.026,251153.71
2024-04-26,FIELD-004,3167.6,4246.2,69.96,3.053,234568.94
2024-04-27,FIELD-001,1651.8,1803.5,69.65,3.085,120611.67
2024-04-27,FIELD-002,4030.9,3810.5,71.85,3.035,301185.03
2024-04-27,FIELD-003,2505.6,2740.6,68.26,3.033,179344.5
2024-04-27,FIELD-004,3129.6,4478.1,71.11,3.044,236177.19
2024-04-28,FIELD-001,2670.7,2950.8,70.86,3.091,198366.72
2024-04-28,FIELD-002,4100.5,3906.4,71.2,3.125,304163.1
2024-04-28,FIELD-003,3671.9,3800.9,68.84,3.1,264556.39
2024-04-28,FIELD-004,3066.1,4382.5,69.86,3.093,227752.82
2024-04-29,FIELD-001,4285.0,4688.6,70.47,3.03,316170.41
2024-04-29,FIELD-002,3508.7,3299.3,71.48,3.05,260864.74
2024-04-29,FIELD-003,3390.3,3715.0,67.88,3.039,241423.45
2024-04-29,FIELD-004,3182.6,4380.0,71.59,3.038,241148.77
2024-04-30,FIELD-001,4121.3,4517.8,71.19,3.08,307310.17
2024-04-30,FIELD-002,3952.5,3814.3,72.25,3.027,297114.01
2024-04-30,FIELD-003,3609.2,3795.9,68.11,3.103,257601.29
2024-04-30,FIELD-004,3052.9,4220.3,71.38,3.044,230762.6
2024-05-01,FIELD-001,4182.5,4654.9,68.63,3.418,302955.42
2024-05-01,FIELD-002,3750.3,3572.9,70.93,3.338,277935.12
2024-05-01,FIELD-003,3424.0,3731.5,65.76,3.361,237703.81
2024-05-01,FIELD-004,3105.5,4299.2,69.63,3.33,230552.3
2024-05-02,FIELD-001,4093.6,4606.0,69.37,3.4,299633.43
2024-05-02,FIELD-002,3984.5,3882.1,70.1,3.397,292500.94
2024-05-02,FIELD-003,1921.8,2042.3,67.14,3.38,135932.63
2024-05-02,FIELD-004,3173.1,4394.1,68.9,3.405,233588.5
2024-05-03,FIELD-001,4203.5,4575.9,69.3,3.37,306723.33
2024-05-03,FIELD-002,4042.4,3925.1,70.13,3.356,296666.15
2024-05-03,FIELD-003,3612.0,4065.0,68.08,3.362,259571.49
2024-05-03,FIELD-004,3104.2,4250.4,69.26,3.401,229452.5
2024-05-04,FIELD-001,4310.9,4612.9,69.36,3.358,314494.14
2024-05-04,FIELD-002,3981.8,3789.8,69.83,3.331,290672.92
2024-05-04,FIELD-003,1993.5,2064.9,66.74,3.341,139945.02
2024-05-04,FIELD-004,3159.9,4340.3,69.07,3.384,232941.87
2024-05-05,FIELD-001,4070.5,4697.4,69.23,3.401,297776.57
2024-05-05,FIELD-002,2838.2,2709.5,71.03,3.403,210817.77
2024-05-05,FIELD-003,3567.2,3871.0,66.29,3.37,249514.96
2024-05-05,FIELD-004,3156.7,4443.1,68.88,3.386,232477.83
2024-05-06,FIELD-001,3933.5,4431.3,69.13,3.412,287042.45
2024-05-06,FIELD-002,3681.4,3535.1,71.36,3.348,274540.22
2024-05-06,FIELD-003,3537.0,3915.3,67.02,3.418,250432.24
2024-05-06,FIELD-004,3025.2,4097.6,69.68,3.429,224846.61
2024-05-07,FIELD-001,4248.6,4567.0,68.72,3.332,307181.04
2024-05-07,FIELD-002,3525.2,3377.1,70.67,3.372,260513.47
2024-05-07,FIELD-003,3687.1,3833.7,66.49,3.462,258427.55
2024-05-07,FIELD-004,1964.6,2756.5,68.29,3.33,143341.68
2024-05-08,FIELD-001,4230.1,4682.3,69.2,3.361,308460.13
2024-05-08,FIELD-002,3526.2,3446.8,70.2,3.33,259017.08
2024-05-08,FIELD-003,3184.2,3392.6,67.13,3.368,225181.62
2024-05-08,FIELD-004,3061.1,4262.1,69.55,3.36,227220.16
2024-05-09,FIELD-001,2890.8,3144.1,69.48,3.412,211580.45
2024-05-09,FIELD-002,3023.1,2857.8,69.99,3.372,221223.27
2024-05-09,FIELD-003,3596.9,3851.5,66.77,3.364,253121.46
2024-05-09,FIELD-004,3192.0,4335.8,69.14,3.455,235675.07
2024-05-10,FIELD-001,4153.0,4546.4,68.7,3.34,300496.08
2024-05-10,FIELD-002,3917.8,3903.7,70.61,3.319,289592.24
2024-05-10,FIELD-003,3421.1,3795.8,65.96,3.37,238447.6
2024-05-10,FIELD-004,3106.2,4292.6,69.32,3.383,229843.65
2024-05-11,FIELD-001,3464.9,3879.4,68.43,3.298,249897.37
2024-05-11,FIELD-002,3974.7,3745.0,70.68,3.408,293694.76
2024-05-11,FIELD-003,3593.3,3869.4,67.44,3.355,255313.99
2024-05-11,FIELD-004,3026.1,4164.2,69.47,3.363,224227.37
2024-05-12,FIELD-001,4081.2,4575.7,69.87,3.35,300482.04
2024-05-12,FIELD-002,4002.6,3781.3,70.27,3.378,294035.93
2024-05-12,FIELD-003,3556.6,3887.5,65.54,3.397,246305.4
2024-05-12,FIELD-004,3060.6,4329.1,69.13,3.416,226367.48
2024-05-13,FIELD-001,4237.2,4718.7,68.79,3.303,307062.85
2024-05-13,FIELD-002,3814.3,3678.5,70.66,3.432,282143.05
2024-05-13,FIELD-003,3586.3,3799.6,67.02,3.384,253211.67
2024-05-13,FIELD-004,3111.5,4389.0,68.79,3.47,229269.92
2024-05-14,FIELD-001,4020.0,4394.8,69.17,3.42,293093.62
2024-05-14,FIELD-002,3868.8,3748.2,70.92,3.376,287029.22
2024-05-14,FIELD-003,3478.8,3765.3,67.23,3.388,246636.56
2024-05-14,FIELD-004,3059.6,4282.9,69.59,3.402,227487.99
2024-05-15,FIELD-001,2695.9,2828.8,68.92,3.363,195314.68
2024-05-15,FIELD-002,3896.6,3722.0,68.95,3.387,281276.98
2024-05-15,FIELD-003,3532.9,3706.9,66.01,3.44,245958.47
2024-05-15,FIELD-004,3103.8,4291.3,69.94,3.374,231558.62
2024-05-16,FIELD-001,4007.3,4405.8,67.5,3.356,285278.61
2024-05-16,FIELD-002,3919.9,3871.7,70.74,3.326,290171.0
2024-05-16,FIELD-003,3480.1,3851.2,66.43,3.365,244142.33
2024-05-16,FIELD-004,2931.8,4071.6,69.07,3.33,216057.85
2024-05-17,FIELD-001,4013.9,4346.0,68.26,3.329,288456.65
2024-05-17,FIELD-002,1605.8,1564.3,69.19,3.343,116334.76
2024-05-17,FIELD-003,3518.7,3753.0,66.56,3.379,246886.06
2024-05-17,FIELD-004,3067.4,4212.4,69.17,3.351,226287.81
2024-05-18,FIELD-001,4196.0,4408.2,68.52,3.383,302422.86
2024-05-18,FIELD-002,3902.7,3717.4,69.91,3.402,285484.35
2024-05-18,FIELD-003,2209.4,2441.2,67.59,3.363,157543.1
2024-05-18,FIELD-004,3091.7,4120.3,69.21,3.396,227969.1
2024-05-19,FIELD-001,3106.4,3343.2,68.21,3.349,223083.92
2024-05-19,FIELD-002,3973.3,3817.3,69.97,3.345,290780.67
2024-05-19,FIELD-003,3381.4,3616.0,65.39,3.348,233216.11
2024-05-19,FIELD-004,3105.7,4199.2,69.48,3.405,230082.31
2024-05-20,FIELD-001,4139.5,4548.1,69.33,3.383,302377.76
2024-05-20,FIELD-002,3809.2,3778.8,71.02,3.318,283067.44
2024-05-20,FIELD-003,3534.2,3797.5,64.85,3.39,242066.39
2024-05-20,FIELD-004,3016.7,4267.0,68.54,3.399,221268.15
2024-05-21,FIELD-001,4194.0,4602.9,69.17,3.411,305799.47
2024-05-21,FIELD-002,3886.6,3807.2,70.72,3.399,287801.02
2024-05-21,FIELD-003,3578.7,3925.4,66.57,3.4,251580.42
2024-05-21,FIELD-004,3098.8,4126.6,69.38,3.355,228839.49
2024-05-22,FIELD-001,4004.7,4315.4,69.07,3.329,290970.6
2024-05-22,FIELD-002,3921.8,3820.8,70.46,3.352,289137.35
2024-05-22,FIELD-003,3563.8,3838.2,66.74,3.373,250794.26
2024-05-22,FIELD-004,1493.1,2009.6,69.8,3.348,110946.52
2024-05-23,FIELD-001,4082.6,4541.5,68.81,3.411,296414.76
2024-05-23,FIELD-002,3912.9,3707.6,69.81,3.384,285706.07
2024-05-23,FIELD-003,2542.6,2781.8,66.2,3.411,177808.84
2024-05-23,FIELD-004,3003.6,4209.0,68.15,3.398,218997.52
2024-05-24,FIELD-001,4109.0,4370.0,68.78,3.396,297457.54
2024-05-24,FIELD-002,3857.8,3755.8,70.29,3.335,283690.36
2024-05-24,FIELD-003,3512.1,3816.3,67.67,3.429,250749.9
2024-05-24,FIELD-004,3031.0,4136.8,68.91,3.359,222761.72
2024-05-25,FIELD-001,4045.9,4477.8,68.59,3.382,292652.2
2024-05-25,FIELD-002,2965.2,2914.6,71.27,3.389,221207.38
2024-05-25,FIELD-003,3588.0,3784.6,66.56,3.397,251673.57
2024-05-25,FIELD-004,2943.8,3982.8,69.34,3.348,217457.51
2024-05-26,FIELD-001,4108.2,4349.3,69.99,3.324,301989.99
2024-05-26,FIELD-002,3858.1,3707.6,69.86,3.372,282028.89
2024-05-26,FIELD-003,3524.9,3857.3,66.11,3.357,245980.1
2024-05-26,FIELD-004,3131.1,4352.5,68.55,3.358,229252.6
2024-05-27,FIELD-001,4104.2,4413.1,68.43,3.347,295621.05
2024-05-27,FIELD-002,3794.9,3738.3,69.58,3.345,276553.76
2024-05-27,FIELD-003,3555.9,3855.3,66.97,3.346,251038.46
2024-05-27,FIELD-004,3088.9,4228.6,69.12,3.378,227788.98
2024-05-28,FIELD-001,4160.6,4647.3,68.61,3.327,300920.33
2024-05-28,FIELD-002,3943.3,3831.7,69.1,3.388,285463.83
2024-05-28,FIELD-003,3047.4,3166.5,66.73,3.333,213906.95
2024-05-28,FIELD-004,2673.0,3801.2,68.97,3.4,197280.89
2024-05-29,FIELD-001,4107.0,4375.8,69.83,3.381,301586.39
2024-05-29,FIELD-002,3943.1,3813.2,70.17,3.387,289602.64
2024-05-29,FIELD-003,3458.0,3758.7,66.99,3.364,244295.69
2024-05-29,FIELD-004,3079.4,4352.7,68.54,3.407,225891.72
2024-05-30,FIELD-001,4099.5,4595.6,68.99,3.303,298003.77
2024-05-30,FIELD-002,3812.4,3695.1,69.92,3.354,278956.37
2024-05-30,FIELD-003,3505.0,3858.5,65.84,3.437,244030.86
2024-05-30,FIELD-004,3004.4,4227.7,68.98,3.376,221516.23
2024-05-31,FIELD-001,4091.1,4458.1,69.76,3.435,300708.71
2024-05-31,FIELD-002,3658.5,3521.8,70.67,3.352,270351.27
2024-05-31,FIELD-003,3380.0,3751.5,67.42,3.343,240420.86
2024-05-31,FIELD-004,3142.3,4401.0,68.48,3.389,230099.69
2024-06-01,FIELD-001,3999.3,4423.0,62.6,3.31,264996.31
2024-06-01,FIELD-002,3900.2,3851.2,64.27,3.307,263401.77
2024-06-01,FIELD-003,3444.2,3805.4,59.43,3.272,217140.07
2024-06-01,FIELD-004,3096.5,4484.6,62.99,3.275,209735.6
2024-06-02,FIELD-001,4104.2,4599.9,61.61,3.33,268177.43
2024-06-02,FIELD-002,3877.1,3966.4,63.75,3.316,260317.71
2024-06-02,FIELD-003,2895.6,3332.6,59.11,3.283,182099.84
2024-06-02,FIELD-004,3092.1,4280.9,61.43,3.333,204215.94
2024-06-03,FIELD-001,4217.8,4609.8,62.2,3.287,277499.57
2024-06-03,FIELD-002,3930.1,3755.4,64.4,3.294,265468.73
2024-06-03,FIELD-003,3197.1,3625.6,59.65,3.314,202722.25
2024-06-03,FIELD-004,3009.6,4159.0,62.26,3.278,201010.9
2024-06-04,FIELD-001,4129.4,4478.9,62.38,3.292,272336.51
2024-06-04,FIELD-002,3798.7,3586.6,64.2,3.255,255550.92
2024-06-04,FIELD-003,3333.6,3570.4,59.92,3.322,211610.18
2024-06-04,FIELD-004,3028.4,4132.9,62.48,3.396,203249.76
2024-06-05,FIELD-001,3832.2,4156.1,62.0,3.355,251540.12
2024-06-05,FIELD-002,3717.2,3696.4,64.78,3.294,252976.16
2024-06-05,FIELD-003,3423.9,3599.9,59.42,3.321,215403.41
2024-06-05,FIELD-004,3140.1,4326.7,62.03,3.262,208894.1
2024-06-06,FIELD-001,4102.9,4471.3,61.69,3.315,267930.26
2024-06-06,FIELD-002,3867.2,3834.8,63.01,3.324,256419.15
2024-06-06,FIELD-003,3519.2,3810.6,60.1,3.285,224021.74
2024-06-06,FIELD-004,3054.2,4224.7,62.63,3.357,205466.86
2024-06-07,FIELD-001,4153.6,4513.7,62.4,3.32,274170.12
2024-06-07,FIELD-002,3772.8,3666.8,63.12,3.398,250598.92
2024-06-07,FIELD-003,3488.1,3889.6,60.49,3.294,223807.51
2024-06-07,FIELD-004,2968.7,4130.2,61.91,3.283,197351.66
2024-06-08,FIELD-001,4131.9,4423.5,62.07,3.329,271192.86
2024-06-08,FIELD-002,3855.1,3605.7,62.95,3.291,254544.9
2024-06-08,FIELD-003,3428.0,3686.3,59.44,3.247,215729.74
2024-06-08,FIELD-004,3044.0,4158.7,61.32,3.292,200348.52
2024-06-09,FIELD-001,4005.8,4416.6,61.28,3.321,260142.95
2024-06-09,FIELD-002,3857.7,3731.0,63.26,3.313,256398.9
2024-06-09,FIELD-003,3433.1,3719.2,60.48,3.294,219884.93
2024-06-09,FIELD-004,3080.1,4104.0,61.99,3.338,204634.55
2024-06-10,FIELD-001,4100.4,4458.0,62.93,3.282,272669.33
2024-06-10,FIELD-002,3150.1,3186.4,62.89,3.338,208745.99
2024-06-10,FIELD-003,3454.2,3735.6,60.31,3.3,220650.28
2024-06-10,FIELD-004,3071.5,4299.9,62.71,3.282,206726.04
2024-06-11,FIELD-001,4139.3,4377.9,62.21,3.307,271983.57
2024-06-11,FIELD-002,3856.5,3807.3,63.69,3.301,258188.38
2024-06-11,FIELD-003,2806.0,3116.9,60.3,3.294,179468.87
2024-06-11,FIELD-004,1900.9,2742.2,62.46,3.248,127636.88
2024-06-12,FIELD-001,4034.6,4552.4,62.07,3.323,265555.25
2024-06-12,FIELD-002,3862.1,3811.6,63.85,3.382,259485.92
2024-06-12,FIELD-003,3355.2,3705.2,59.66,3.33,212509.55
2024-06-12,FIELD-004,2901.0,4113.8,61.9,3.334,193287.31
2024-06-13,FIELD-001,4083.9,4639.7,62.86,3.279,271927.53
2024-06-13,FIELD-002,3797.6,3673.6,63.28,3.294,252412.97
2024-06-13,FIELD-003,3426.1,3727.1,58.96,3.329,214410.37
2024-06-13,FIELD-004,3103.1,4309.1,62.56,3.285,208285.33
2024-06-14,FIELD-001,4055.1,4528.7,61.36,3.299,263761.12
2024-06-14,FIELD-002,3834.1,3551.8,63.15,3.281,253776.87
2024-06-14,FIELD-003,3545.1,3744.1,59.98,3.337,225129.16
2024-06-14,FIELD-004,3047.5,4022.2,62.32,3.299,203189.44
2024-06-15,FIELD-001,4017.9,4541.1,61.53,3.298,262197.93
2024-06-15,FIELD-002,3712.2,3595.9,63.3,3.316,246906.26
2024-06-15,FIELD-003,3378.9,3655.8,59.49,3.316,213133.39
2024-06-15,FIELD-004,3131.4,4385.7,62.13,3.362,209298.61
2024-06-16,FIELD-001,4088.2,4335.1,62.02,3.304,267873.33
2024-06-16,FIELD-002,3665.0,3413.6,63.4,3.251,243458.61
2024-06-16,FIELD-003,3494.9,3780.7,58.64,3.371,217685.68
2024-06-16,FIELD-004,3065.8,4240.9,61.66,3.308,203066.13
2024-06-17,FIELD-001,4038.8,4230.5,62.52,3.368,266754.1
2024-06-17,FIELD-002,3733.3,3562.1,63.85,3.288,250083.39
2024-06-17,FIELD-003,3451.2,3803.2,60.39,3.317,221033.18
2024-06-17,FIELD-004,2857.7,4012.0,61.97,3.33,190451.63
2024-06-18,FIELD-001,3972.6,4335.5,62.11,3.37,261348.82
2024-06-18,FIELD-002,3939.2,3816.2,63.17,3.3,261432.72
2024-06-18,FIELD-003,3416.6,3616.1,59.37,3.35,214957.48
2024-06-18,FIELD-004,3030.5,4065.4,62.14,3.22,201405.86
2024-06-19,FIELD-001,4053.4,4472.2,62.55,3.357,268553.35
2024-06-19,FIELD-002,3783.4,3768.6,63.06,3.301,251021.35
2024-06-19,FIELD-003,3199.4,3476.7,59.65,3.3,202317.32
2024-06-19,FIELD-004,2973.3,4045.3,63.35,3.375,202011.44
2024-06-20,FIELD-001,3988.2,4306.2,62.78,3.352,264813.58
2024-06-20,FIELD-002,3791.4,3858.1,64.0,3.293,255354.32
2024-06-20,FIELD-003,3370.8,3579.6,60.04,3.309,214227.73
2024-06-20,FIELD-004,2994.0,4253.5,61.37,3.363,198046.3
2024-06-21,FIELD-001,2989.4,3259.1,62.71,3.391,198516.88
2024-06-21,FIELD-002,3814.6,3707.5,63.47,3.339,254492.0
2024-06-21,FIELD-003,3385.5,3550.6,60.1,3.273,215089.66
2024-06-21,FIELD-004,3029.6,4141.9,62.62,3.291,203344.54
2024-06-22,FIELD-001,4007.8,4378.2,62.32,3.327,264332.37
2024-06-22,FIELD-002,2640.1,2578.9,63.03,3.313,174949.4
2024-06-22,FIELD-003,3359.7,3622.5,59.04,3.296,210296.45
2024-06-22,FIELD-004,2538.0,3573.8,63.02,3.291,171706.14
2024-06-23,FIELD-001,4067.2,4491.3,62.51,3.293,269030.52
2024-06-23,FIELD-002,3799.8,3728.7,63.16,3.292,252270.25
2024-06-23,FIELD-003,3364.3,3679.6,59.51,3.335,212480.96
2024-06-23,FIELD-004,2277.7,3040.5,62.94,3.293,153370.8
2024-06-24,FIELD-001,4049.6,4622.9,62.0,3.257,266131.99
2024-06-24,FIELD-002,3640.6,3512.4,63.62,3.333,243321.8
2024-06-24,FIELD-003,3362.2,3662.7,59.15,3.317,211023.31
2024-06-24,FIELD-004,3045.5,4152.6,62.35,3.347,203785.68
2024-06-25,FIELD-001,4119.8,4457.6,62.44,3.344,272146.53
2024-06-25,FIELD-002,3753.8,3546.3,62.86,3.246,247475.16
2024-06-25,FIELD-003,3426.8,3688.3,59.26,3.285,215188.23
2024-06-25,FIELD-004,2967.0,4114.2,61.76,3.395,197209.63
2024-06-26,FIELD-001,3966.4,4314.1,62.72,3.28,262922.86
2024-06-26,FIELD-002,3752.7,3703.0,63.62,3.271,250859.29
2024-06-26,FIELD-003,3465.7,3798.4,59.09,3.296,217307.74
2024-06-26,FIELD-004,2954.6,4062.2,62.89,3.32,199301.3
2024-06-27,FIELD-001,3990.5,4306.1,62.39,3.323,263276.47
2024-06-27,FIELD-002,3704.7,3556.8,63.82,3.271,248068.25
2024-06-27,FIELD-003,1334.0,1424.3,59.78,3.374,84552.11
2024-06-27,FIELD-004,2955.2,4124.6,62.4,3.314,198073.4
2024-06-28,FIELD-001,3923.2,4248.4,61.82,3.311,256598.68
2024-06-28,FIELD-002,3697.0,3603.5,63.56,3.279,246797.2
2024-06-28,FIELD-003,258.8,285.1,60.41,3.358,16591.47
2024-06-28,FIELD-004,3014.4,4077.2,62.88,3.315,203061.39
2024-06-29,FIELD-001,4140.5,4468.5,62.89,3.294,275115.28
2024-06-29,FIELD-002,3650.4,3488.7,62.93,3.297,241221.92
2024-06-29,FIELD-003,1915.7,2017.8,59.66,3.334,121018.01
2024-06-29,FIELD-004,3055.9,4328.5,62.38,3.295,204889.45
2024-06-30,FIELD-001,3983.8,4363.5,61.94,3.3,261156.12
2024-06-30,FIELD-002,3726.5,3624.9,63.56,3.341,248967.13
2024-06-30,FIELD-003,3305.7,3541.5,59.33,3.265,207690.18
2024-06-30,FIELD-004,2956.3,3786.7,62.51,3.298,197286.85
2024-07-01,FIELD-001,4048.3,4413.8,65.24,2.815,276535.94
2024-07-01,FIELD-002,3774.2,3651.7,66.54,2.809,261392.89
2024-07-01,FIELD-003,3470.4,3733.7,62.97,2.771,228877.17
2024-07-01,FIELD-004,2878.0,3931.7,66.14,2.862,201603.45
2024-07-02,FIELD-001,2992.6,2874.6,64.99,2.814,202578.2
2024-07-02,FIELD-002,3746.1,3656.7,66.89,2.864,261049.42
2024-07-02,FIELD-003,3437.4,3843.8,63.14,2.801,227803.92
2024-07-02,FIELD-004,1757.7,2410.2,66.62,2.819,123892.33
2024-07-03,FIELD-001,4032.0,4640.0,65.01,2.808,275149.44
2024-07-03,FIELD-002,2930.8,2756.2,66.69,2.799,203169.66
2024-07-03,FIELD-003,3291.2,3677.7,63.28,2.821,218641.93
2024-07-03,FIELD-004,2998.3,4147.3,65.87,2.798,209102.17
2024-07-04,FIELD-001,4053.8,4414.6,65.27,2.847,277159.89
2024-07-04,FIELD-002,3708.0,3577.2,67.66,2.8,260899.44
2024-07-04,FIELD-003,3312.9,3548.8,62.38,2.846,216758.59
2024-07-04,FIELD-004,2079.9,2865.9,65.39,2.842,144149.55
2024-07-05,FIELD-001,4007.5,4419.7,64.94,2.853,272856.45
2024-07-05,FIELD-002,3148.7,3257.9,66.2,2.755,217419.45
2024-07-05,FIELD-003,3257.5,3582.4,62.86,2.856,214997.78
2024-07-05,FIELD-004,3012.0,4569.2,65.13,2.839,209143.52
2024-07-06,FIELD-001,4000.2,4470.7,65.49,2.877,274835.3
2024-07-06,FIELD-002,3784.1,3741.9,67.0,2.786,263959.63
2024-07-06,FIELD-003,2859.9,3069.0,62.36,2.807,186958.05
2024-07-06,FIELD-004,2577.8,3641.9,65.31,2.831,178666.34
2024-07-07,FIELD-001,3975.3,4400.4,64.96,2.777,270455.4
2024-07-07,FIELD-002,3715.8,3782.3,67.31,2.831,260818.19
2024-07-07,FIELD-003,3378.9,3763.7,63.16,2.84,224100.23
2024-07-07,FIELD-004,3029.0,4136.0,65.54,2.872,210399.25
2024-07-08,FIELD-001,2569.6,2638.4,65.29,2.801,175159.34
2024-07-08,FIELD-002,3776.7,3620.3,66.21,2.807,260217.49
2024-07-08,FIELD-003,3384.4,3653.1,62.63,2.827,222292.29
2024-07-08,FIELD-004,2641.9,3505.9,65.66,2.825,183371.32
2024-07-09,FIELD-001,3936.2,4329.8,63.62,2.836,262700.36
2024-07-09,FIELD-002,3745.6,3658.0,66.08,2.874,258022.34
2024-07-09,FIELD-003,2889.8,3141.1,63.27,2.871,191855.74
2024-07-09,FIELD-004,3011.9,4215.1,65.83,2.803,210088.3
2024-07-10,FIELD-001,1419.0,1592.3,65.38,2.851,97313.87
2024-07-10,FIELD-002,3382.4,3201.3,65.99,2.811,232203.43
2024-07-10,FIELD-003,3265.7,3530.0,62.78,2.803,214915.24
2024-07-10,FIELD-004,2927.1,4072.2,64.99,2.805,201654.75
2024-07-11,FIELD-001,3955.0,4307.0,65.47,2.794,270967.61
2024-07-11,FIELD-002,3777.8,3654.7,66.99,2.844,263468.79
2024-07-11,FIELD-003,3382.9,3594.5,63.32,2.773,224172.78
2024-07-11,FIELD-004,3001.5,4234.1,64.58,2.812,205743.16
2024-07-12,FIELD-001,4031.2,4318.3,65.3,2.81,275371.78
2024-07-12,FIELD-002,720.5,706.8,67.63,2.852,50743.21
2024-07-12,FIELD-003,3355.8,3676.5,63.01,2.81,221779.92
2024-07-12,FIELD-004,2994.1,4247.6,64.96,2.804,206407.01
2024-07-13,FIELD-001,3982.3,4443.9,65.19,2.824,272155.71
2024-07-13,FIELD-002,2420.1,2343.1,66.11,2.801,166555.83
2024-07-13,FIELD-003,3391.1,3583.7,62.74,2.822,222870.82
2024-07-13,FIELD-004,2806.5,3799.8,65.73,2.792,195080.29
2024-07-14,FIELD-001,3854.8,4396.2,65.64,2.829,265465.92
2024-07-14,FIELD-002,2774.1,2577.6,66.22,2.799,190915.6
2024-07-14,FIELD-003,3387.0,3614.6,64.2,2.796,227551.82
2024-07-14,FIELD-004,2998.0,4058.3,65.71,2.787,208309.06
2024-07-15,FIELD-001,4025.4,4437.1,66.35,2.809,279549.1
2024-07-15,FIELD-002,3314.4,3275.8,66.67,2.816,230195.7
2024-07-15,FIELD-003,3241.3,3531.0,63.41,2.875,215682.46
2024-07-15,FIELD-004,2039.8,2746.1,65.55,2.806,141414.45
2024-07-16,FIELD-001,4002.4,4459.3,64.84,2.809,272041.79
2024-07-16,FIELD-002,3605.3,3344.5,67.16,2.882,251770.8
2024-07-16,FIELD-003,3476.2,3700.1,62.51,2.782,227590.94
2024-07-16,FIELD-004,2437.8,3245.3,65.89,2.838,169836.8
2024-07-17,FIELD-001,3933.1,4342.1,65.52,2.838,270019.59
2024-07-17,FIELD-002,3686.3,3550.8,67.51,2.858,259010.3
2024-07-17,FIELD-003,2410.8,2630.6,63.07,2.816,159456.93
2024-07-17,FIELD-004,2422.6,3334.2,66.03,2.83,169400.06
2024-07-18,FIELD-001,3930.5,4214.4,65.72,2.773,269998.99
2024-07-18,FIELD-002,3637.8,3481.4,65.69,2.837,248843.81
2024-07-18,FIELD-003,1242.6,1357.8,63.36,2.805,82539.76
2024-07-18,FIELD-004,2927.5,4001.2,65.35,2.775,202415.45
2024-07-19,FIELD-001,3983.6,4423.6,65.36,2.858,273010.74
2024-07-19,FIELD-002,680.6,680.0,66.36,2.814,47078.14
2024-07-19,FIELD-003,1325.6,1459.9,63.18,2.844,87903.36
2024-07-19,FIELD-004,2951.5,4091.1,65.75,2.83,205638.94
2024-07-20,FIELD-001,4094.6,4423.5,64.82,2.786,277735.84
2024-07-20,FIELD-002,756.8,756.0,65.26,2.837,51533.54
2024-07-20,FIELD-003,1307.6,1436.5,61.85,2.821,84927.43
2024-07-20,FIELD-004,2871.0,4028.3,65.6,2.793,199588.64
2024-07-21,FIELD-001,3841.1,4213.3,65.69,2.815,264182.3
2024-07-21,FIELD-002,726.7,733.4,67.25,2.776,50906.49
2024-07-21,FIELD-003,1936.3,2147.4,62.48,2.797,126986.3
2024-07-21,FIELD-004,2934.1,4057.6,63.87,2.811,198806.88
2024-07-22,FIELD-001,3763.6,4107.7,64.96,2.831,256112.35
2024-07-22,FIELD-002,865.9,823.4,66.2,2.764,59598.46
2024-07-22,FIELD-003,3303.9,3585.9,62.95,2.815,218074.81
2024-07-22,FIELD-004,2912.8,4156.7,66.1,2.805,204195.62
2024-07-23,FIELD-001,3952.7,4380.6,65.45,2.841,271149.5
2024-07-23,FIELD-002,2364.4,2311.7,66.56,2.831,163918.89
2024-07-23,FIELD-003,3345.8,3561.6,64.19,2.77,224632.53
2024-07-23,FIELD-004,2855.9,3956.1,65.88,2.81,199263.33
2024-07-24,FIELD-001,3887.0,4325.2,65.37,2.81,266247.0
2024-07-24,FIELD-002,2218.8,2347.0,67.46,2.845,156357.46
2024-07-24,FIELD-003,2344.3,2559.0,62.65,2.75,153907.65
2024-07-24,FIELD-004,1121.1,1575.6,64.81,2.817,77096.96
2024-07-25,FIELD-001,3745.7,4271.7,65.92,2.807,258907.21
2024-07-25,FIELD-002,2258.1,2348.0,66.65,2.812,157104.94
2024-07-25,FIELD-003,3360.2,3670.7,62.34,2.855,219954.72
2024-07-25,FIELD-004,677.0,961.4,66.1,2.807,47448.35
2024-07-26,FIELD-001,4000.4,4282.7,65.5,2.863,274287.57
2024-07-26,FIELD-002,2693.1,2710.7,66.42,2.836,186563.25
2024-07-26,FIELD-003,3283.5,3550.6,62.52,2.786,215176.39
2024-07-26,FIELD-004,40.3,54.6,65.27,2.798,2783.15
2024-07-27,FIELD-001,3759.4,4207.7,65.29,2.864,257502.08
2024-07-27,FIELD-002,1506.7,1437.9,66.62,2.759,104343.52
2024-07-27,FIELD-003,3317.5,3520.5,63.35,2.803,220031.59
2024-07-27,FIELD-004,2845.8,4001.0,66.35,2.805,200041.63
2024-07-28,FIELD-001,3960.3,4229.5,65.36,2.796,270670.89
2024-07-28,FIELD-002,3113.4,2975.6,66.83,2.861,216581.71
2024-07-28,FIELD-003,3088.7,3544.1,62.53,2.815,203113.05
2024-07-28,FIELD-004,2878.5,3929.5,65.42,2.8,199314.07
2024-07-29,FIELD-001,3967.2,4390.5,65.77,2.808,273251.27
2024-07-29,FIELD-002,3681.9,3508.1,66.21,2.805,253618.82
2024-07-29,FIELD-003,1342.7,1438.7,62.17,2.783,87479.56
2024-07-29,FIELD-004,2977.9,4168.4,66.8,2.779,210507.7
2024-07-30,FIELD-001,3871.9,4241.9,64.93,2.831,263411.29
2024-07-30,FIELD-002,3573.7,3409.3,66.38,2.805,246785.29
2024-07-30,FIELD-003,2858.8,3133.4,62.86,2.825,188556.02
2024-07-30,FIELD-004,2914.7,4058.8,66.18,2.83,204381.25
2024-07-31,FIELD-001,3406.2,3681.7,65.85,2.793,234581.26
2024-07-31,FIELD-002,3737.5,3490.4,66.54,2.861,258679.28
2024-07-31,FIELD-003,3289.8,3630.4,62.39,2.812,215459.31
2024-07-31,FIELD-004,1932.9,2735.5,65.57,2.864,134574.72
2024-08-01,FIELD-001,3863.1,4176.3,66.25,2.87,267916.36
2024-08-01,FIELD-002,3615.0,3622.1,69.19,2.82,260336.17
2024-08-01,FIELD-003,3233.5,3499.8,63.71,2.789,215767.23
2024-08-01,FIELD-004,1535.1,2200.6,66.53,2.841,108382.11
2024-08-02,FIELD-001,3473.2,3647.6,67.45,2.792,244451.44
2024-08-02,FIELD-002,3184.4,3265.2,68.84,2.835,228470.94
2024-08-02,FIELD-003,3281.8,3587.0,65.44,2.803,224815.35
2024-08-02,FIELD-004,1804.7,2553.7,66.2,2.844,126733.86
2024-08-03,FIELD-001,678.1,930.3,66.61,2.865,47833.55
2024-08-03,FIELD-002,3526.7,3522.9,67.93,2.812,249475.13
2024-08-03,FIELD-003,3248.1,3484.2,65.19,2.877,221767.68
2024-08-03,FIELD-004,2924.8,4022.1,67.65,2.772,209011.98
2024-08-04,FIELD-001,1324.9,1404.5,67.8,2.807,93770.65
2024-08-04,FIELD-002,3561.7,3559.9,67.03,2.797,248697.79
2024-08-04,FIELD-003,3235.1,3464.0,65.67,2.838,222279.85
2024-08-04,FIELD-004,3007.4,4175.8,67.94,2.882,216357.41
2024-08-05,FIELD-001,1539.2,1686.9,67.09,2.851,108074.28
2024-08-05,FIELD-002,3599.5,3501.2,68.41,2.823,256125.68
2024-08-05,FIELD-003,3055.3,3349.7,62.77,2.848,201321.13
2024-08-05,FIELD-004,2946.6,3940.2,67.9,2.772,210996.37
2024-08-06,FIELD-001,2284.8,3037.4,67.01,2.84,161730.66
2024-08-06,FIELD-002,3536.8,3453.3,68.25,2.827,251149.08
2024-08-06,FIELD-003,3305.8,3557.8,63.45,2.787,219668.6
2024-08-06,FIELD-004,2876.7,4112.4,66.45,2.834,202811.26
2024-08-07,FIELD-001,3808.6,4037.1,67.13,2.863,267229.54
2024-08-07,FIELD-002,3643.5,3743.5,68.45,2.839,260025.37
2024-08-07,FIELD-003,3295.1,3559.9,65.25,2.832,225086.91
2024-08-07,FIELD-004,2654.2,3744.8,68.04,2.834,191204.53
2024-08-08,FIELD-001,3909.6,4172.5,66.83,2.833,273099.26
2024-08-08,FIELD-002,3706.6,3679.1,68.87,2.783,265512.48
2024-08-08,FIELD-003,3261.7,3594.8,64.32,2.847,220026.94
2024-08-08,FIELD-004,2921.1,4039.5,67.71,2.737,208843.79
2024-08-09,FIELD-001,3826.4,4210.8,67.16,2.812,268821.79
2024-08-09,FIELD-002,3649.1,3618.6,68.13,2.826,258839.35
2024-08-09,FIELD-003,2577.7,2692.4,64.75,2.826,174514.8
2024-08-09,FIELD-004,2883.5,4087.3,66.47,2.779,203024.85
2024-08-10,FIELD-001,3907.3,4282.7,66.85,2.802,273203.13
2024-08-10,FIELD-002,3576.4,3435.6,68.26,2.783,253686.34
2024-08-10,FIELD-003,3322.5,3712.5,64.46,2.825,224656.16
2024-08-10,FIELD-004,2907.9,4145.3,66.2,2.821,204196.87
2024-08-11,FIELD-001,3975.9,4358.9,66.6,2.853,277230.88
2024-08-11,FIELD-002,3172.4,3062.7,67.65,2.82,223249.67
2024-08-11,FIELD-003,3184.7,3533.6,64.61,2.828,215756.49
2024-08-11,FIELD-004,2867.7,4088.8,67.55,2.86,205407.1
2024-08-12,FIELD-001,3788.8,4201.8,67.3,2.796,266734.47
2024-08-12,FIELD-002,3649.0,3634.8,66.83,2.824,254127.35
2024-08-12,FIELD-003,3191.3,3455.9,64.61,2.836,215990.83
2024-08-12,FIELD-004,2884.0,3911.9,66.69,2.774,203185.57
2024-08-13,FIELD-001,3865.0,4187.0,67.49,2.795,272551.51
2024-08-13,FIELD-002,3586.2,3547.3,68.37,2.823,255202.52
2024-08-13,FIELD-003,3199.4,3644.4,64.43,2.814,216392.68
2024-08-13,FIELD-004,2849.9,3896.1,66.85,2.847,201608.01
2024-08-14,FIELD-001,3896.8,4255.7,66.45,2.81,270900.88
2024-08-14,FIELD-002,3599.3,3532.3,68.52,2.829,256616.91
2024-08-14,FIELD-003,3216.6,3607.7,64.29,2.831,217008.61
2024-08-14,FIELD-004,2782.9,3934.8,66.95,2.864,197584.42
2024-08-15,FIELD-001,3857.2,4241.2,68.1,2.798,274542.2
2024-08-15,FIELD-002,3590.0,3597.4,69.43,2.768,259211.3
2024-08-15,FIELD-003,3059.0,3419.6,63.59,2.825,204182.18
2024-08-15,FIELD-004,2197.0,3153.1,66.71,2.829,155481.99
2024-08-16,FIELD-001,3754.4,4180.9,66.86,2.828,262842.77
2024-08-16,FIELD-002,3587.2,3578.0,67.7,2.82,252943.4
2024-08-16,FIELD-003,1569.6,1709.7,64.55,2.845,106181.78
2024-08-16,FIELD-004,2905.3,4089.6,67.69,2.805,208131.09
2024-08-17,FIELD-001,3906.7,4170.8,67.3,2.823,274695.08
2024-08-17,FIELD-002,3628.1,3624.4,67.04,2.825,253466.75
2024-08-17,FIELD-003,1724.5,1858.6,64.19,2.828,115951.78
2024-08-17,FIELD-004,2822.9,4182.5,67.53,2.913,202814.06
2024-08-18,FIELD-001,3988.5,4567.8,67.25,2.832,281162.63
2024-08-18,FIELD-002,3623.3,3603.6,67.38,2.81,254264.07
2024-08-18,FIELD-003,2678.0,3066.8,64.73,2.827,182016.78
2024-08-18,FIELD-004,2542.9,3503.4,67.08,2.814,180436.3
2024-08-19,FIELD-001,3977.7,4208.7,67.96,2.824,282209.86
2024-08-19,FIELD-002,3581.6,3435.9,68.1,2.839,253661.48
2024-08-19,FIELD-003,3184.4,3439.6,65.52,2.85,218444.75
2024-08-19,FIELD-004,2900.4,4120.9,67.46,2.851,207409.67
2024-08-20,FIELD-001,3155.2,3501.6,67.32,2.863,222433.14
2024-08-20,FIELD-002,3659.2,3476.8,68.92,2.816,261982.73
2024-08-20,FIELD-003,3285.1,3550.6,64.19,2.819,220879.71
2024-08-20,FIELD-004,2874.6,4005.2,66.89,2.856,203720.85
2024-08-21,FIELD-001,3853.3,4309.1,66.99,2.805,270219.59
2024-08-21,FIELD-002,3649.9,3501.0,67.97,2.828,257984.53
2024-08-21,FIELD-003,3140.0,3346.2,65.52,2.861,215306.28
2024-08-21,FIELD-004,2800.3,3982.9,66.46,2.814,197315.82
2024-08-22,FIELD-001,3872.3,4328.5,67.25,2.81,272575.26
2024-08-22,FIELD-002,2973.4,2774.8,67.85,2.772,209436.94
2024-08-22,FIELD-003,3153.1,3434.1,64.12,2.836,211915.88
2024-08-22,FIELD-004,1140.3,1570.2,67.55,2.848,81499.19
2024-08-23,FIELD-001,2371.6,2815.5,67.57,2.827,168208.43
2024-08-23,FIELD-002,3627.2,3585.1,68.49,2.845,258626.54
2024-08-23,FIELD-003,3211.0,3477.7,64.95,2.847,218455.46
2024-08-23,FIELD-004,2824.9,3868.7,68.17,2.837,203548.93
2024-08-24,FIELD-001,3879.8,4187.8,66.86,2.789,271083.2
2024-08-24,FIELD-002,3606.1,3603.8,68.58,2.782,257332.11
2024-08-24,FIELD-003,3211.2,3603.6,64.36,2.783,216701.65
2024-08-24,FIELD-004,2819.5,3994.6,66.78,2.835,199610.9
2024-08-25,FIELD-001,3934.3,4039.3,66.44,2.787,272652.42
2024-08-25,FIELD-002,3621.9,3564.4,67.85,2.778,255647.82
2024-08-25,FIELD-003,2034.9,2241.9,64.26,2.816,137075.86
2024-08-25,FIELD-004,2868.6,4005.0,66.23,2.824,201297.5
2024-08-26,FIELD-001,3622.0,4060.4,67.09,2.817,254438.13
2024-08-26,FIELD-002,3714.0,3683.9,68.68,2.812,265436.65
2024-08-26,FIELD-003,2650.5,2831.2,64.74,2.839,179631.15
2024-08-26,FIELD-004,2849.2,3989.6,68.03,2.82,205081.75
2024-08-27,FIELD-001,3189.4,3341.1,67.02,2.811,223145.42
2024-08-27,FIELD-002,3623.7,3463.4,67.27,2.819,253529.62
2024-08-27,FIELD-003,3281.7,3546.3,64.06,2.808,220183.71
2024-08-27,FIELD-004,2815.8,3952.8,67.08,2.833,200082.15
2024-08-28,FIELD-001,3172.0,3261.5,66.63,2.822,220554.31
2024-08-28,FIELD-002,3622.1,3602.8,67.95,2.794,256187.92
2024-08-28,FIELD-003,2971.6,3130.8,63.85,2.831,198599.95
2024-08-28,FIELD-004,2835.6,3998.3,67.05,2.867,201590.11
2024-08-29,FIELD-001,3515.7,3698.4,67.93,2.805,249195.51
2024-08-29,FIELD-002,3672.6,3654.5,67.86,2.863,259685.47
2024-08-29,FIELD-003,2800.8,3048.7,64.93,2.84,190514.25
2024-08-29,FIELD-004,2894.3,4142.1,67.1,2.819,205884.11
2024-08-30,FIELD-001,3764.1,4175.2,66.99,2.838,264006.28
2024-08-30,FIELD-002,3596.0,3511.0,68.4,2.832,255909.55
2024-08-30,FIELD-003,3216.2,3507.7,64.84,2.813,218405.57
2024-08-30,FIELD-004,2824.1,3889.9,67.82,2.821,202503.87
2024-08-31,FIELD-001,2760.8,3525.9,67.39,2.805,195940.46
2024-08-31,FIELD-002,3646.6,3711.0,68.57,2.814,260490.12
2024-08-31,FIELD-003,3336.8,3627.6,63.86,2.869,223495.63
2024-08-31,FIELD-004,2782.1,3911.5,66.55,2.843,196269.15
2024-09-01,FIELD-001,3948.8,4407.6,69.57,2.781,286975.55
2024-09-01,FIELD-002,3614.8,3677.1,70.39,2.78,264668.11
2024-09-01,FIELD-003,3256.8,3511.3,66.08,2.778,224963.74
2024-09-01,FIELD-004,2711.2,3747.9,69.43,2.761,198586.57
2024-09-02,FIELD-001,3919.5,4241.5,69.86,2.845,285883.34
2024-09-02,FIELD-002,3683.9,3778.2,70.82,2.767,271348.08
2024-09-02,FIELD-003,3370.0,3646.4,65.98,2.742,232351.03
2024-09-02,FIELD-004,2750.4,3924.1,68.38,2.755,198883.25
2024-09-03,FIELD-001,3604.9,3916.5,68.49,2.752,257677.81
2024-09-03,FIELD-002,3032.7,2955.8,71.1,2.719,223661.79
2024-09-03,FIELD-003,3326.3,3445.4,66.88,2.747,231927.46
2024-09-03,FIELD-004,2806.2,3998.9,69.19,2.795,205337.9
2024-09-04,FIELD-001,3987.5,4400.7,69.68,2.749,289946.52
2024-09-04,FIELD-002,1776.7,1752.2,69.96,2.783,129174.3
2024-09-04,FIELD-003,3372.8,3522.3,68.16,2.737,239530.58
2024-09-04,FIELD-004,2849.3,3873.7,69.21,2.746,207837.23
2024-09-05,FIELD-001,3906.1,4243.2,69.11,2.783,281759.4
2024-09-05,FIELD-002,3487.2,3456.8,69.87,2.778,253253.65
2024-09-05,FIELD-003,3270.3,3542.4,66.49,2.741,227151.97
2024-09-05,FIELD-004,1155.8,1576.0,69.26,2.777,84427.26
2024-09-06,FIELD-001,3789.3,4108.7,69.33,2.798,274208.31
2024-09-06,FIELD-002,3494.6,3467.2,71.21,2.774,258468.48
2024-09-06,FIELD-003,3387.4,3616.8,67.06,2.746,237090.78
2024-09-06,FIELD-004,1132.8,1577.1,69.92,2.755,83550.29
2024-09-07,FIELD-001,3836.1,4137.7,69.74,2.72,278784.16
2024-09-07,FIELD-002,3542.1,3475.5,70.46,2.792,259279.96
2024-09-07,FIELD-003,3219.0,3536.6,67.27,2.771,226342.05
2024-09-07,FIELD-004,1554.8,2161.8,68.21,2.743,111982.73
2024-09-08,FIELD-001,3156.8,3357.8,70.29,2.76,231159.0
2024-09-08,FIELD-002,2912.6,2744.8,71.53,2.766,215930.39
2024-09-08,FIELD-003,3276.2,3531.0,66.57,2.729,227732.73
2024-09-08,FIELD-004,2788.5,3859.7,70.19,2.751,206342.85
2024-09-09,FIELD-001,3856.1,4267.3,69.05,2.813,278267.62
2024-09-09,FIELD-002,3173.9,3034.0,70.47,2.76,232038.57
2024-09-09,FIELD-003,3257.8,3507.4,66.76,2.8,227311.45
2024-09-09,FIELD-004,2849.2,4002.8,68.89,2.736,207233.05
2024-09-10,FIELD-001,3916.2,4410.9,69.54,2.75,284462.52
2024-09-10,FIELD-002,2568.7,2561.4,70.01,2.818,187052.71
2024-09-10,FIELD-003,3315.7,3769.5,66.58,2.739,231083.97
2024-09-10,FIELD-004,2721.3,3900.4,69.39,2.82,199830.14
2024-09-11,FIELD-001,3754.2,4060.6,69.81,2.736,273190.5
2024-09-11,FIELD-002,3448.6,3395.8,70.62,2.793,253024.6
2024-09-11,FIELD-003,2516.7,2980.3,66.44,2.772,175470.94
2024-09-11,FIELD-004,2829.4,3992.5,68.66,2.768,205317.84
2024-09-12,FIELD-001,3797.6,4136.7,69.19,2.785,274276.65
2024-09-12,FIELD-002,3596.9,3567.3,70.14,2.76,262132.31
2024-09-12,FIELD-003,2524.7,2778.9,67.65,2.753,178446.27
2024-09-12,FIELD-004,2782.7,4027.7,69.88,2.792,205700.41
2024-09-13,FIELD-001,3855.0,4247.2,69.39,2.719,279046.59
2024-09-13,FIELD-002,3562.1,3492.4,71.05,2.797,262855.45
2024-09-13,FIELD-003,3284.9,3540.2,66.84,2.741,229266.4
2024-09-13,FIELD-004,2931.4,4160.8,69.05,2.845,214250.65
2024-09-14,FIELD-001,3683.5,4109.0,69.71,2.77,268158.71
2024-09-14,FIELD-002,3535.5,3428.9,71.08,2.773,260811.68
2024-09-14,FIELD-003,3171.7,3530.5,67.06,2.81,222614.91
2024-09-14,FIELD-004,2786.5,3947.4,70.03,2.788,206143.95
2024-09-15,FIELD-001,3868.9,4190.3,69.79,2.787,281688.9
2024-09-15,FIELD-002,3042.1,3037.1,70.39,2.786,222594.78
2024-09-15,FIELD-003,3297.2,3592.5,68.0,2.766,234146.46
2024-09-15,FIELD-004,1418.3,2020.7,69.66,2.797,104450.68
2024-09-16,FIELD-001,3825.7,4300.8,69.34,2.751,277105.54
2024-09-16,FIELD-002,3594.6,3525.7,70.16,2.761,261931.59
2024-09-16,FIELD-003,3184.7,3536.6,66.73,2.754,222254.83
2024-09-16,FIELD-004,2792.4,3925.0,69.63,2.767,205295.29
2024-09-17,FIELD-001,3801.2,4202.5,69.0,2.8,274049.8
2024-09-17,FIELD-002,3457.5,3358.3,70.89,2.765,254387.87
2024-09-17,FIELD-003,3311.8,3603.9,67.31,2.772,232907.27
2024-09-17,FIELD-004,2894.5,4059.2,68.92,2.807,210883.11
2024-09-18,FIELD-001,1517.2,1669.6,68.87,2.806,109174.46
2024-09-18,FIELD-002,3442.4,3446.7,70.5,2.784,252284.81
2024-09-18,FIELD-003,3362.1,3537.8,67.07,2.793,235377.12
2024-09-18,FIELD-004,2708.9,3783.6,69.35,2.789,198414.68
2024-09-19,FIELD-001,2039.9,2231.7,69.41,2.803,147844.91
2024-09-19,FIELD-002,3475.0,3318.6,70.48,2.803,254220.04
2024-09-19,FIELD-003,3217.5,3508.8,66.53,2.767,223769.12
2024-09-19,FIELD-004,2806.4,4008.8,69.61,2.787,206526.03
2024-09-20,FIELD-001,3807.5,4336.6,69.21,2.806,275685.57
2024-09-20,FIELD-002,3478.1,3556.4,69.76,2.801,252593.73
2024-09-20,FIELD-003,3297.2,3465.1,66.02,2.763,227255.22
2024-09-20,FIELD-004,2836.4,3794.1,69.51,2.75,207591.94
2024-09-21,FIELD-001,3935.8,4250.5,69.49,2.794,285374.64
2024-09-21,FIELD-002,3518.9,3529.7,70.12,2.818,256691.96
2024-09-21,FIELD-003,3221.3,3475.8,65.38,2.8,220340.83
2024-09-21,FIELD-004,2897.4,4035.0,68.52,2.77,209706.8
2024-09-22,FIELD-001,3662.2,4015.7,69.51,2.769,265679.0
2024-09-22,FIELD-002,3515.5,3487.7,70.13,2.784,256251.77
2024-09-22,FIELD-003,3247.0,3479.9,66.65,2.752,225989.23
2024-09-22,FIELD-004,2843.6,3946.6,68.87,2.828,206999.72
2024-09-23,FIELD-001,3768.0,4018.4,68.71,2.743,269921.75
2024-09-23,FIELD-002,3399.2,3357.8,70.56,2.806,249269.54
2024-09-23,FIELD-003,3299.7,3594.1,67.22,2.738,231646.48
2024-09-23,FIELD-004,2671.8,3844.0,70.18,2.773,198166.34
2024-09-24,FIELD-001,3872.9,4219.6,68.33,2.753,276251.82
2024-09-24,FIELD-002,3589.0,3594.4,70.5,2.791,263056.47
2024-09-24,FIELD-003,2450.5,2332.3,67.16,2.781,171061.71
2024-09-24,FIELD-004,2691.3,3868.0,69.39,2.789,197537.16
2024-09-25,FIELD-001,3788.8,4208.5,70.07,2.786,277206.1
2024-09-25,FIELD-002,3559.2,3500.8,69.95,2.798,258761.28
2024-09-25,FIELD-003,2741.9,3129.7,66.27,2.763,190353.07
2024-09-25,FIELD-004,2806.5,3945.5,70.1,2.781,207708.09
2024-09-26,FIELD-001,3803.3,4176.6,68.42,2.745,271686.55
2024-09-26,FIELD-002,3504.1,3531.2,70.68,2.773,257461.81
2024-09-26,FIELD-003,3297.5,3539.5,66.87,2.727,230156.04
2024-09-26,FIELD-004,2639.3,3743.2,69.41,2.692,193270.51
2024-09-27,FIELD-001,3832.5,4038.7,69.31,2.815,276999.52
2024-09-27,FIELD-002,3527.8,3378.9,69.83,2.847,255966.0
2024-09-27,FIELD-003,3127.7,3353.7,67.04,2.747,218893.62
2024-09-27,FIELD-004,2652.0,3853.5,69.55,2.771,195124.65
2024-09-28,FIELD-001,3126.4,3600.5,69.02,2.715,225559.49
2024-09-28,FIELD-002,3629.0,3553.1,70.88,2.841,267317.88
2024-09-28,FIELD-003,3147.7,3466.6,66.52,2.749,218914.69
2024-09-28,FIELD-004,2782.3,3895.2,69.41,2.748,203823.45
2024-09-29,FIELD-001,3261.2,3715.9,68.55,2.782,233892.89
2024-09-29,FIELD-002,3583.8,3488.8,69.48,2.725,258509.4
2024-09-29,FIELD-003,3374.8,3666.7,66.03,2.758,232950.8
2024-09-29,FIELD-004,2855.2,3892.4,69.57,2.763,209390.97
2024-09-30,FIELD-001,3777.2,4146.2,69.43,2.785,273798.16
2024-09-30,FIELD-002,3527.3,3560.9,70.08,2.759,257017.71
2024-09-30,FIELD-003,3266.1,3603.8,66.29,2.769,226488.69
2024-09-30,FIELD-004,2767.0,3867.4,70.56,2.782,205998.63
2024-10-01,FIELD-001,3748.6,4007.4,74.07,2.8,288879.52
2024-10-01,FIELD-002,2303.8,2303.6,75.23,2.805,179776.47
2024-10-01,FIELD-003,3143.1,3396.6,71.31,2.818,233706.08
2024-10-01,FIELD-004,2545.7,3611.1,74.4,2.794,199489.49
2024-10-02,FIELD-001,3788.6,4187.8,74.06,2.835,292456.13
2024-10-02,FIELD-002,3532.7,3354.6,75.34,2.785,275496.18
2024-10-02,FIELD-003,2766.2,3024.4,72.1,2.805,207926.46
2024-10-02,FIELD-004,2787.1,3885.5,74.36,2.843,218295.23
2024-10-03,FIELD-001,3771.0,4078.7,74.1,2.822,290941.19
2024-10-03,FIELD-002,3547.5,3508.8,75.5,2.833,277776.68
2024-10-03,FIELD-003,3067.6,3405.6,71.44,2.766,228569.23
2024-10-03,FIELD-004,2889.7,4187.2,75.4,2.817,229678.72
2024-10-04,FIELD-001,3740.1,4222.1,74.3,2.833,289850.64
2024-10-04,FIELD-002,3016.4,3134.9,75.87,2.801,237635.12
2024-10-04,FIELD-003,3254.6,3511.7,72.59,2.779,246010.43
2024-10-04,FIELD-004,2794.5,3944.6,74.47,2.808,219182.85
2024-10-05,FIELD-001,3823.0,4234.3,74.09,2.826,295212.2
2024-10-05,FIELD-002,3465.0,3310.2,75.32,2.785,270202.71
2024-10-05,FIELD-003,3263.7,3474.5,70.96,2.847,241484.05
2024-10-05,FIELD-004,2777.8,3879.4,74.23,2.759,216899.36
2024-10-06,FIELD-001,3753.6,4196.4,73.91,2.785,289115.55
2024-10-06,FIELD-002,3165.2,3087.0,75.76,2.765,248331.11
2024-10-06,FIELD-003,3208.7,3675.4,71.27,2.863,239206.72
2024-10-06,FIELD-004,2767.8,3753.7,73.84,2.801,214888.47
2024-10-07,FIELD-001,3793.4,4174.2,74.6,2.824,294775.58
2024-10-07,FIELD-002,3460.8,3412.0,75.18,2.792,269709.25
2024-10-07,FIELD-003,3281.6,3463.3,71.34,2.799,243803.12
2024-10-07,FIELD-004,2759.8,3769.5,74.49,2.784,216071.79
2024-10-08,FIELD-001,2981.3,3243.6,74.18,2.828,230325.73
2024-10-08,FIELD-002,3413.3,3331.8,76.08,2.789,268976.25
2024-10-08,FIELD-003,3232.9,3624.2,73.05,2.771,246206.0
2024-10-08,FIELD-004,2704.9,3839.5,75.92,2.776,216014.46
2024-10-09,FIELD-001,3796.1,4119.8,74.32,2.804,293678.07
2024-10-09,FIELD-002,3497.6,3439.0,74.37,2.817,269804.18
2024-10-09,FIELD-003,3277.1,3498.8,71.53,2.767,244092.14
2024-10-09,FIELD-004,2738.4,3817.5,74.26,2.856,214256.36
2024-10-10,FIELD-001,1494.2,1609.8,74.47,2.814,115803.05
2024-10-10,FIELD-002,3405.9,3430.4,76.93,2.82,271689.62
2024-10-10,FIELD-003,3239.9,3546.5,71.02,2.803,240038.54
2024-10-10,FIELD-004,2772.8,3852.4,74.83,2.865,218525.75
2024-10-11,FIELD-001,1252.0,1414.1,75.23,2.794,98138.96
2024-10-11,FIELD-002,3409.6,3422.1,76.52,2.734,270258.61
2024-10-11,FIELD-003,3252.5,3532.9,71.86,2.803,243627.37
2024-10-11,FIELD-004,2286.3,3276.7,75.84,2.806,182587.41
2024-10-12,FIELD-001,1506.6,1674.7,74.35,2.803,116709.89
2024-10-12,FIELD-002,3457.4,3475.8,75.52,2.839,270970.64
2024-10-12,FIELD-003,3188.6,3533.7,71.7,2.832,238630.06
2024-10-12,FIELD-004,2325.4,3294.0,73.56,2.838,180404.8
2024-10-13,FIELD-001,2553.6,2825.5,74.36,2.809,197822.53
2024-10-13,FIELD-002,3505.5,3473.1,74.89,2.787,272206.42
2024-10-13,FIELD-003,3168.5,3414.7,71.19,2.824,235208.63
2024-10-13,FIELD-004,1773.8,2539.5,74.41,2.824,139160.01
2024-10-14,FIELD-001,3709.7,4017.9,74.32,2.782,286882.7
2024-10-14,FIELD-002,3422.4,3333.7,74.57,2.808,264569.4
2024-10-14,FIELD-003,2535.5,2780.3,72.76,2.852,192412.4
2024-10-14,FIELD-004,2727.8,3715.2,75.21,2.819,215630.99
2024-10-15,FIELD-001,3795.7,4261.8,75.16,2.807,297247.68
2024-10-15,FIELD-002,3399.6,3431.8,75.49,2.806,266265.43
2024-10-15,FIELD-003,3275.0,3495.4,71.89,2.797,245216.38
2024-10-15,FIELD-004,2734.6,3826.2,75.19,2.808,216358.54
2024-10-16,FIELD-001,3359.9,3594.8,75.19,2.788,262653.18
2024-10-16,FIELD-002,3367.3,3344.7,75.35,2.818,263151.42
2024-10-16,FIELD-003,3220.0,3548.3,71.25,2.792,239331.85
2024-10-16,FIELD-004,2763.9,3724.0,74.36,2.755,215783.22
2024-10-17,FIELD-001,3826.9,4169.9,74.75,2.783,297665.61
2024-10-17,FIELD-002,3367.7,3373.2,75.42,2.821,263507.73
2024-10-17,FIELD-003,3154.2,3520.8,72.74,2.793,239270.1
2024-10-17,FIELD-004,2701.8,3830.6,74.58,2.84,212379.15
2024-10-18,FIELD-001,3691.8,4063.9,73.97,2.795,284441.05
2024-10-18,FIELD-002,3375.7,3421.5,76.48,2.748,267575.82
2024-10-18,FIELD-003,3176.8,3511.2,72.64,2.816,240650.29
2024-10-18,FIELD-004,2712.2,3724.0,74.89,2.826,213640.68
2024-10-19,FIELD-001,3674.9,4001.5,74.3,2.823,284341.3
2024-10-19,FIELD-002,3435.2,3458.2,75.29,2.811,268357.21
2024-10-19,FIELD-003,3087.1,3318.7,72.03,2.783,231599.76
2024-10-19,FIELD-004,2752.7,3760.8,75.04,2.773,216991.31
2024-10-20,FIELD-001,3559.2,3895.6,75.02,2.788,277872.12
2024-10-20,FIELD-002,1371.3,1393.4,74.87,2.841,106627.88
2024-10-20,FIELD-003,3176.0,3364.7,72.82,2.848,240858.99
2024-10-20,FIELD-004,2747.9,4001.1,74.84,2.819,216931.94
2024-10-21,FIELD-001,3663.7,4043.2,75.09,2.832,286557.58
2024-10-21,FIELD-002,2322.1,2336.0,75.38,2.827,181643.77
2024-10-21,FIELD-003,2908.6,3289.4,73.16,2.798,221996.92
2024-10-21,FIELD-004,2671.5,3755.6,73.19,2.795,206023.99
2024-10-22,FIELD-001,3783.7,4319.8,74.17,2.78,292646.07
2024-10-22,FIELD-002,3213.8,3228.8,74.47,2.78,248307.75
2024-10-22,FIELD-003,3206.9,3408.7,72.09,2.826,240818.41
2024-10-22,FIELD-004,2132.1,2938.4,73.88,2.83,165835.22
2024-10-23,FIELD-001,3960.6,4386.5,74.2,2.753,305952.55
2024-10-23,FIELD-002,3344.0,3305.4,74.49,2.793,258326.54
2024-10-23,FIELD-003,1852.8,1990.3,71.34,2.789,137729.7
2024-10-23,FIELD-004,2760.3,3768.7,74.83,2.791,217071.69
2024-10-24,FIELD-001,3613.7,3871.2,73.63,2.839,277067.07
2024-10-24,FIELD-002,3489.2,3341.5,75.97,2.804,274444.09
2024-10-24,FIELD-003,2333.5,2823.2,71.2,2.804,174061.45
2024-10-24,FIELD-004,2682.0,3629.1,74.47,2.794,209868.25
2024-10-25,FIELD-001,3654.5,4019.9,74.31,2.827,282930.15
2024-10-25,FIELD-002,3468.6,3450.7,75.5,2.799,271537.81
2024-10-25,FIELD-003,2695.2,3111.1,72.35,2.773,203624.8
2024-10-25,FIELD-004,2723.0,3878.9,75.51,2.83,216591.02
2024-10-26,FIELD-001,3524.4,3839.8,73.15,2.762,268415.39
2024-10-26,FIELD-002,2281.0,2308.9,74.99,2.805,177528.65
2024-10-26,FIELD-003,2904.2,3181.9,71.22,2.795,215730.53
2024-10-26,FIELD-004,2681.3,3764.0,75.25,2.82,212382.31
2024-10-27,FIELD-001,3344.6,3470.0,75.4,2.773,261805.15
2024-10-27,FIELD-002,3444.2,3391.3,75.88,2.829,270939.88
2024-10-27,FIELD-003,3215.8,3400.8,70.74,2.832,237116.76
2024-10-27,FIELD-004,2769.0,3905.6,75.15,2.851,219225.22
2024-10-28,FIELD-001,3557.0,3844.0,74.65,2.837,276435.48
2024-10-28,FIELD-002,3401.8,3241.0,76.49,2.782,269220.14
2024-10-28,FIELD-003,3131.5,3495.3,70.59,2.841,230982.73
2024-10-28,FIELD-004,2723.7,4053.8,74.34,2.834,213968.33
2024-10-29,FIELD-001,3658.7,4058.8,75.09,2.789,286051.78
2024-10-29,FIELD-002,3444.5,3349.4,75.79,2.829,270534.11
2024-10-29,FIELD-003,1380.9,1515.7,71.48,2.802,102953.72
2024-10-29,FIELD-004,2431.6,3458.2,74.4,2.794,190573.25
2024-10-30,FIELD-001,3737.8,3958.0,74.38,2.812,289147.46
2024-10-30,FIELD-002,3388.3,3407.1,76.1,2.765,267270.26
2024-10-30,FIELD-003,2073.9,2280.6,72.77,2.81,157326.19
2024-10-30,FIELD-004,2732.0,3796.0,75.36,2.847,216690.73
2024-10-31,FIELD-001,3779.0,4036.9,74.09,2.82,291370.17
2024-10-31,FIELD-002,3233.1,3123.8,75.74,2.848,253771.58
2024-10-31,FIELD-003,2010.7,2112.6,71.36,2.766,149327.0
2024-10-31,FIELD-004,2509.1,3589.5,73.89,2.868,195692.08
2024-11-01,FIELD-001,3706.6,3961.1,78.74,2.914,303400.33
2024-11-01,FIELD-002,2334.4,2372.6,79.28,2.934,192032.44
2024-11-01,FIELD-003,2040.8,2247.5,74.68,2.871,158859.52
2024-11-01,FIELD-004,2258.8,3089.1,78.41,2.864,185959.69
2024-11-02,FIELD-001,3733.5,4062.4,77.83,2.866,302221.14
2024-11-02,FIELD-002,3317.3,3451.5,78.87,2.858,271499.84
2024-11-02,FIELD-003,1937.7,2166.3,74.86,2.866,151264.84
2024-11-02,FIELD-004,2741.2,3827.9,77.9,2.909,224674.84
2024-11-03,FIELD-001,3759.9,4083.6,78.56,2.877,307126.26
2024-11-03,FIELD-002,3446.9,3370.4,78.76,2.851,281086.85
2024-11-03,FIELD-003,2017.2,2199.0,75.67,2.856,158921.87
2024-11-03,FIELD-004,2754.3,3901.9,78.33,2.889,227016.91
2024-11-04,FIELD-001,3782.6,3999.4,78.42,2.904,308245.75
2024-11-04,FIELD-002,3430.8,3461.1,79.87,2.844,283861.36
2024-11-04,FIELD-003,2061.2,2195.7,76.04,2.846,162982.61
2024-11-04,FIELD-004,2708.6,3870.4,77.23,2.921,220490.62
2024-11-05,FIELD-001,3461.9,3784.9,78.19,2.868,281541.05
2024-11-05,FIELD-002,2591.6,2553.1,78.99,2.921,212168.09
2024-11-05,FIELD-003,2146.3,2306.5,75.85,2.873,169423.43
2024-11-05,FIELD-004,2735.9,3781.8,78.74,2.866,226263.4
2024-11-06,FIELD-001,3720.7,4070.6,78.25,2.867,302815.19
2024-11-06,FIELD-002,3384.7,3384.7,79.55,2.936,279190.36
2024-11-06,FIELD-003,2367.5,2324.5,74.57,2.809,183074.0
2024-11-06,FIELD-004,2723.9,3960.6,78.63,2.853,225479.85
2024-11-07,FIELD-001,3598.7,4055.4,77.53,2.868,290638.1
2024-11-07,FIELD-002,3323.0,3418.5,80.17,2.888,276277.54
2024-11-07,FIELD-003,3033.0,3459.6,74.89,2.884,237118.86
2024-11-07,FIELD-004,2193.4,3023.7,77.4,2.894,178519.75
2024-11-08,FIELD-001,3634.0,4067.7,78.03,2.884,295292.27
2024-11-08,FIELD-002,3458.7,3449.7,78.88,2.852,282660.8
2024-11-08,FIELD-003,2922.6,3208.4,76.21,2.952,232202.54
2024-11-08,FIELD-004,2732.1,4008.1,77.72,2.902,223970.32
2024-11-09,FIELD-001,3590.3,3957.6,77.84,2.918,291017.23
2024-11-09,FIELD-002,3406.4,3502.9,78.38,2.931,277260.63
2024-11-09,FIELD-003,3143.0,3307.7,76.21,2.886,249074.05
2024-11-09,FIELD-004,2183.4,3089.2,77.45,2.827,177837.5
2024-11-10,FIELD-001,1478.0,1639.2,77.59,2.903,119436.62
2024-11-10,FIELD-002,3155.4,3147.2,78.83,2.853,257719.14
2024-11-10,FIELD-003,3032.8,3228.0,75.38,2.899,237970.44
2024-11-10,FIELD-004,2754.3,3714.5,77.43,2.866,223911.21
2024-11-11,FIELD-001,2067.5,2229.1,78.09,2.902,167919.92
2024-11-11,FIELD-002,3377.9,3314.3,78.57,2.866,274900.39
2024-11-11,FIELD-003,3134.8,3501.3,74.72,2.888,244344.01
2024-11-11,FIELD-004,2670.1,3799.8,77.9,2.883,218955.61
2024-11-12,FIELD-001,3643.3,3969.8,77.76,2.882,294743.97
2024-11-12,FIELD-002,3336.4,3366.4,78.49,2.861,271505.31
2024-11-12,FIELD-003,3064.1,3378.4,74.15,2.901,237003.75
2024-11-12,FIELD-004,2708.7,3688.6,78.41,2.898,223078.73
2024-11-13,FIELD-001,3722.5,3962.8,78.0,2.915,301906.56
2024-11-13,FIELD-002,2481.3,2438.6,80.6,2.901,207067.16
2024-11-13,FIELD-003,3126.0,3365.0,74.79,2.895,243535.22
2024-11-13,FIELD-004,2675.1,3863.4,77.54,2.857,218464.99
2024-11-14,FIELD-001,3207.1,3649.6,77.05,2.939,257833.23
2024-11-14,FIELD-002,3123.3,3248.9,78.39,2.888,254218.31
2024-11-14,FIELD-003,3079.9,3381.6,75.84,2.8,243048.1
2024-11-14,FIELD-004,2694.2,3966.8,77.36,2.858,219760.43
2024-11-15,FIELD-001,3590.2,3958.0,78.66,2.91,293922.91
2024-11-15,FIELD-002,3413.0,3321.3,78.47,2.878,277376.81
2024-11-15,FIELD-003,3113.7,3416.7,75.4,2.898,244674.58
2024-11-15,FIELD-004,2711.5,3967.6,77.54,2.892,221724.01
2024-11-16,FIELD-001,3297.9,3381.4,77.02,2.858,263668.3
2024-11-16,FIELD-002,3396.0,3397.7,77.55,2.919,273277.69
2024-11-16,FIELD-003,3074.2,3374.2,76.11,2.904,243776.04
2024-11-16,FIELD-004,2667.3,3666.5,76.01,2.85,213191.0
2024-11-17,FIELD-001,3602.4,4010.6,78.03,2.904,292742.05
2024-11-17,FIELD-002,3420.8,3279.2,80.13,2.883,283562.64
2024-11-17,FIELD-003,3092.7,3299.1,76.67,2.89,246651.71
2024-11-17,FIELD-004,2600.2,3812.6,78.03,2.866,213820.52
2024-11-18,FIELD-001,3664.2,3975.9,78.45,2.879,298903.11
2024-11-18,FIELD-002,3404.9,3530.6,78.16,2.901,276369.25
2024-11-18,FIELD-003,3101.6,3289.9,75.99,2.881,245168.79
2024-11-18,FIELD-004,2687.8,3752.0,77.64,2.873,219460.29
2024-11-19,FIELD-001,3740.9,4008.7,78.85,2.896,306579.16
2024-11-19,FIELD-002,3303.2,3307.7,79.15,2.904,271053.84
2024-11-19,FIELD-003,3111.1,3386.6,74.19,2.91,240667.52
2024-11-19,FIELD-004,2631.1,3610.5,77.33,2.836,213702.34
2024-11-20,FIELD-001,3670.5,4111.1,76.96,2.888,294354.54
2024-11-20,FIELD-002,3363.0,3302.5,79.31,2.886,276250.55
2024-11-20,FIELD-003,3025.8,3282.4,76.24,2.894,240186.26
2024-11-20,FIELD-004,2652.6,3706.4,77.28,2.871,215634.0
2024-11-21,FIELD-001,3626.4,3934.2,78.19,2.9,294957.4
2024-11-21,FIELD-002,3368.2,3241.1,78.48,2.909,273764.7
2024-11-21,FIELD-003,3167.9,3388.8,75.61,2.931,249457.49
2024-11-21,FIELD-004,2745.1,3848.8,78.68,2.855,226972.79
2024-11-22,FIELD-001,3645.4,4125.7,78.05,2.917,296558.14
2024-11-22,FIELD-002,2689.6,2760.0,80.16,2.92,223657.54
2024-11-22,FIELD-003,3064.2,3232.5,74.9,2.927,238970.11
2024-11-22,FIELD-004,2629.0,3631.6,78.39,2.93,216727.9
2024-11-23,FIELD-001,3626.4,4033.7,78.02,2.85,294427.77
2024-11-23,FIELD-002,2982.3,3057.4,79.55,2.883,246056.45
2024-11-23,FIELD-003,3142.9,3406.5,75.78,2.908,248075.06
2024-11-23,FIELD-004,2765.8,3799.1,77.78,2.893,226114.72
2024-11-24,FIELD-001,3570.9,3836.1,78.21,2.932,290527.53
2024-11-24,FIELD-002,3322.6,3385.4,79.06,2.876,272421.17
2024-11-24,FIELD-003,3066.9,3321.6,75.51,2.905,241230.87
2024-11-24,FIELD-004,2680.5,3762.2,77.5,2.904,218664.18
2024-11-25,FIELD-001,3624.8,4029.6,77.0,2.897,290783.35
2024-11-25,FIELD-002,3264.4,3329.8,77.98,2.823,263957.94
2024-11-25,FIELD-003,3064.7,3408.8,75.66,2.878,241685.73
2024-11-25,FIELD-004,755.6,1142.9,77.78,2.812,61984.4
2024-11-26,FIELD-001,3606.2,3873.9,77.7,2.907,291463.17
2024-11-26,FIELD-002,3344.0,3375.8,79.8,2.906,276661.27
2024-11-26,FIELD-003,2987.0,3286.4,74.63,2.895,232433.94
2024-11-26,FIELD-004,1043.6,1458.1,78.22,2.92,85888.04
2024-11-27,FIELD-001,3624.8,4042.5,78.34,2.896,295673.91
2024-11-27,FIELD-002,3381.3,3401.4,78.38,2.857,274744.09
2024-11-27,FIELD-003,3107.5,3472.8,75.45,2.881,244466.01
2024-11-27,FIELD-004,345.6,466.5,78.31,2.912,28422.38
2024-11-28,FIELD-001,2936.6,3193.0,76.29,2.92,233356.77
2024-11-28,FIELD-002,3341.1,3354.6,79.79,2.924,276395.22
2024-11-28,FIELD-003,2949.9,3212.4,73.89,2.918,227341.89
2024-11-28,FIELD-004,1002.1,1392.3,78.24,2.903,82446.15
2024-11-29,FIELD-001,3234.1,3586.3,78.77,2.908,265179.02
2024-11-29,FIELD-002,3440.4,3473.9,79.18,2.847,282301.07
2024-11-29,FIELD-003,3047.4,3340.9,76.12,2.87,241556.47
2024-11-29,FIELD-004,1054.6,1475.7,77.88,2.897,86407.35
2024-11-30,FIELD-001,3629.2,3920.0,77.46,2.893,292458.39
2024-11-30,FIELD-002,3362.9,3288.1,79.34,2.927,276436.75
2024-11-30,FIELD-003,3035.9,3343.5,76.8,2.897,242843.24
2024-11-30,FIELD-004,1724.5,2420.0,78.67,2.828,142510.18
2024-12-01,FIELD-001,3521.5,3895.2,70.48,3.609,262253.1
2024-12-01,FIELD-002,3262.6,3300.8,70.93,3.587,243256.19
2024-12-01,FIELD-003,3014.8,3367.6,68.51,3.633,218778.44
2024-12-01,FIELD-004,2666.0,3799.6,70.57,3.65,202008.16
2024-12-02,FIELD-001,3635.1,4104.4,69.97,3.604,269140.2
2024-12-02,FIELD-002,3297.1,3269.0,71.85,3.663,248870.98
2024-12-02,FIELD-003,2987.5,3309.7,67.15,3.631,212628.15
2024-12-02,FIELD-004,2627.9,3715.3,70.31,3.588,198098.15
2024-12-03,FIELD-001,3630.5,4073.5,71.34,3.668,273941.47
2024-12-03,FIELD-002,3392.7,3392.4,71.12,3.615,253552.35
2024-12-03,FIELD-003,3075.4,3295.9,67.73,3.61,220195.04
2024-12-03,FIELD-004,2670.9,3735.0,69.96,3.631,200417.95
2024-12-04,FIELD-001,3660.3,3921.6,70.07,3.613,270645.96
2024-12-04,FIELD-002,3331.3,3373.3,71.92,3.594,251710.74
2024-12-04,FIELD-003,2959.8,3302.3,67.79,3.694,212843.54
2024-12-04,FIELD-004,2665.1,3832.5,69.95,3.636,200358.72
2024-12-05,FIELD-001,3726.1,4097.8,71.23,3.619,280240.04
2024-12-05,FIELD-002,3287.4,3384.2,72.38,3.622,250199.58
2024-12-05,FIELD-003,3059.7,3216.6,67.34,3.665,217829.04
2024-12-05,FIELD-004,2649.5,3655.2,71.79,3.583,203304.19
2024-12-06,FIELD-001,3638.5,4109.4,69.09,3.589,266132.6
2024-12-06,FIELD-002,3241.3,3227.1,71.29,3.634,242799.56
2024-12-06,FIELD-003,3031.1,3364.7,69.69,3.582,223289.71
2024-12-06,FIELD-004,2506.4,3554.6,71.52,3.628,192153.82
2024-12-07,FIELD-001,3604.6,3934.5,69.62,3.633,265246.29
2024-12-07,FIELD-002,3305.8,3272.4,71.28,3.635,247532.6
2024-12-07,FIELD-003,2539.1,2749.0,67.67,3.68,181937.22
2024-12-07,FIELD-004,2629.7,3858.2,70.39,3.551,198805.05
2024-12-08,FIELD-001,3711.7,4077.0,70.95,3.653,278238.4
2024-12-08,FIELD-002,3253.7,3181.6,71.07,3.648,242846.94
2024-12-08,FIELD-003,2949.8,3198.7,67.93,3.626,211978.4
2024-12-08,FIELD-004,2610.6,3662.1,71.29,3.674,199564.23
2024-12-09,FIELD-001,3644.6,3935.0,69.61,3.652,268071.23
2024-12-09,FIELD-002,3362.6,3398.3,71.34,3.676,252380.03
2024-12-09,FIELD-003,2779.5,3120.5,67.63,3.704,199535.92
2024-12-09,FIELD-004,2625.5,3644.5,70.04,3.611,197050.31
2024-12-10,FIELD-001,3364.8,3525.2,71.0,3.602,251598.57
2024-12-10,FIELD-002,3243.1,3159.2,70.69,3.65,240785.82
2024-12-10,FIELD-003,2519.4,2835.7,67.19,3.65,179628.79
2024-12-10,FIELD-004,2651.2,3753.9,71.17,3.596,202184.93
2024-12-11,FIELD-001,2660.6,2935.8,70.07,3.678,197226.11
2024-12-11,FIELD-002,3338.2,3318.2,70.82,3.638,248482.94
2024-12-11,FIELD-003,2970.9,3337.4,68.34,3.628,215139.39
2024-12-11,FIELD-004,2603.2,3638.9,69.74,3.658,194858.26
2024-12-12,FIELD-001,3684.2,4080.4,69.96,3.633,272570.73
2024-12-12,FIELD-002,3300.9,3293.6,71.84,3.654,249171.47
2024-12-12,FIELD-003,2848.2,3129.6,67.33,3.645,203176.7
2024-12-12,FIELD-004,2453.3,3489.3,71.28,3.656,187628.1
2024-12-13,FIELD-001,3302.4,3559.0,70.32,3.673,245296.97
2024-12-13,FIELD-002,3207.4,3216.3,71.11,3.587,239615.08
2024-12-13,FIELD-003,2178.9,2329.1,68.04,3.65,156753.57
2024-12-13,FIELD-004,2761.8,3937.5,70.98,3.687,210550.13
2024-12-14,FIELD-001,3579.5,3987.0,70.64,3.691,267571.9
2024-12-14,FIELD-002,3341.4,3315.0,71.31,3.721,250610.35
2024-12-14,FIELD-003,3051.0,3306.0,66.99,3.572,216195.52
2024-12-14,FIELD-004,2615.7,3539.1,70.34,3.705,197100.7
2024-12-15,FIELD-001,3566.3,3987.7,70.25,3.639,265043.82
2024-12-15,FIELD-002,3258.7,3223.0,71.8,3.67,245803.07
2024-12-15,FIELD-003,3024.3,3340.2,68.15,3.634,218244.33
2024-12-15,FIELD-004,2613.0,3731.8,70.51,3.666,197923.41
2024-12-16,FIELD-001,3689.7,4171.6,70.14,3.609,273850.86
2024-12-16,FIELD-002,2602.6,2641.8,71.55,3.591,195702.73
2024-12-16,FIELD-003,2958.8,3226.7,68.61,3.652,214787.18
2024-12-16,FIELD-004,2379.0,3376.2,69.65,3.665,178071.12
2024-12-17,FIELD-001,3668.9,4091.6,69.7,3.664,270713.95
2024-12-17,FIELD-002,3347.0,3209.4,71.78,3.641,251933.09
2024-12-17,FIELD-003,2977.8,3266.4,68.39,3.624,215489.18
2024-12-17,FIELD-004,2643.1,3643.6,70.18,3.66,198828.33
2024-12-18,FIELD-001,3642.2,3981.6,70.04,3.615,269493.17
2024-12-18,FIELD-002,2454.0,2551.4,71.78,3.61,185358.67
2024-12-18,FIELD-003,3006.3,3198.8,68.47,3.576,217280.27
2024-12-18,FIELD-004,2484.5,3321.6,70.87,3.627,188123.96
2024-12-19,FIELD-001,3668.7,3969.7,70.46,3.66,273025.7
2024-12-19,FIELD-002,3375.6,3420.7,71.31,3.616,253083.29
2024-12-19,FIELD-003,2996.6,3349.4,68.0,3.611,215863.48
2024-12-19,FIELD-004,2645.2,3717.4,70.1,3.563,198673.62
2024-12-20,FIELD-001,3665.2,4175.6,70.29,3.613,272713.35
2024-12-20,FIELD-002,3349.4,3204.0,70.88,3.622,249010.36
2024-12-20,FIELD-003,2905.1,3198.7,67.06,3.687,206609.61
2024-12-20,FIELD-004,2168.6,3152.4,68.67,3.609,160294.77
2024-12-21,FIELD-001,3678.0,4131.5,70.2,3.646,273259.05
2024-12-21,FIELD-002,3352.8,3316.2,71.38,3.597,251251.24
2024-12-21,FIELD-003,2974.2,3211.2,66.32,3.615,208857.43
2024-12-21,FIELD-004,2543.8,3619.9,70.57,3.64,192692.4
2024-12-22,FIELD-001,3666.3,4038.8,70.53,3.598,273115.74
2024-12-22,FIELD-002,3215.0,3300.9,71.73,3.63,242594.22
2024-12-22,FIELD-003,3000.8,3344.9,68.32,3.634,217170.02
2024-12-22,FIELD-004,2619.8,3680.7,70.27,3.676,197623.6
2024-12-23,FIELD-001,3654.2,4091.0,70.26,3.668,271749.88
2024-12-23,FIELD-002,3274.7,3389.7,71.99,3.708,248314.66
2024-12-23,FIELD-003,2981.0,3243.9,67.17,3.656,212093.47
2024-12-23,FIELD-004,2619.5,3739.6,69.78,3.653,196449.47
2024-12-24,FIELD-001,3652.1,4185.0,70.79,3.665,273870.18
2024-12-24,FIELD-002,2824.3,2754.1,71.88,3.652,213068.66
2024-12-24,FIELD-003,2953.2,3208.6,67.43,3.582,210627.48
2024-12-24,FIELD-004,2672.6,3716.8,71.44,3.604,204325.89
2024-12-25,FIELD-001,3640.3,3994.3,70.28,3.606,270243.73
2024-12-25,FIELD-002,3060.9,2903.2,72.12,3.677,231427.17
2024-12-25,FIELD-003,2992.9,3209.7,67.56,3.601,213758.45
2024-12-25,FIELD-004,2733.9,3772.8,70.11,3.596,205240.72
2024-12-26,FIELD-001,3458.2,3705.5,70.07,3.673,255926.38
2024-12-26,FIELD-002,3306.2,3305.0,70.49,3.652,245123.9
2024-12-26,FIELD-003,2949.7,3322.6,67.67,3.671,211803.46
2024-12-26,FIELD-004,2385.9,3320.1,70.56,3.562,180175.3
2024-12-27,FIELD-001,3513.4,3845.1,70.77,3.642,262647.17
2024-12-27,FIELD-002,3292.3,3310.0,69.13,3.669,239741.09
2024-12-27,FIELD-003,2613.9,2844.9,67.94,3.646,187960.87
2024-12-27,FIELD-004,2516.5,3515.4,70.94,3.572,191077.52
2024-12-28,FIELD-001,1796.5,1945.0,71.09,3.642,134796.88
2024-12-28,FIELD-002,2875.9,2907.0,70.4,3.608,212951.82
2024-12-28,FIELD-003,2976.8,3314.0,68.46,3.652,215894.46
2024-12-28,FIELD-004,2593.8,3668.2,70.43,3.685,196198.65
2024-12-29,FIELD-001,3551.4,3779.1,70.58,3.664,264504.43
2024-12-29,FIELD-002,3285.0,3291.3,71.72,3.588,247409.38
2024-12-29,FIELD-003,2479.7,2934.9,67.42,3.609,177773.43
2024-12-29,FIELD-004,1814.7,2565.5,70.12,3.584,136441.52
2024-12-30,FIELD-001,3075.8,3498.9,69.35,3.622,225979.75
2024-12-30,FIELD-002,2742.6,2708.4,71.13,3.605,204844.92
2024-12-30,FIELD-003,2925.7,3237.3,66.86,3.613,207308.67
2024-12-30,FIELD-004,2507.8,3512.4,71.04,3.672,191051.64
2024-12-31,FIELD-001,3184.6,3387.6,70.9,3.58,237915.75
2024-12-31,FIELD-002,3276.5,3304.1,71.82,3.656,247398.02
2024-12-31,FIELD-003,2911.3,3137.1,68.12,3.638,209730.53
2024-12-31,FIELD-004,2638.6,3570.2,70.44,3.621,198790.68
