maintenance_id,equipment_id,date,maintenance_type,failure_type,downtime_hours,labor_cost,material_cost,contractor_cost,total_cost,priority,work_order_status
MNT-000001,EQ-0001,2022-01-03,Corrective,Motor Overheating,6.87,1598.93,526.76,0.0,2125.69,High,Completed
MNT-000002,EQ-0024,2022-01-05,Corrective,Pressure Fault,15.64,4904.27,2087.29,0.0,6991.56,High,Completed
MNT-000003,EQ-0037,2022-01-05,Corrective,Seal Leak,12.72,3083.3,4062.78,0.0,7146.08,High,Completed
MNT-000004,EQ-0007,2022-01-11,Preventive,,7.24,2060.81,9376.85,0.0,11437.66,Medium,Completed
MNT-000005,EQ-0014,2022-01-11,Corrective,Motor Overheating,10.13,2851.47,592.86,0.0,3444.33,High,Completed
MNT-000006,EQ-0018,2022-01-12,Corrective,Valve Failure,41.49,15375.36,3426.92,0.0,18802.28,High,Completed
MNT-000007,EQ-0003,2022-01-13,Preventive,,6.64,1699.97,2570.19,0.0,4270.16,Medium,Completed
MNT-000008,EQ-0003,2022-01-13,Inspection,,1.84,327.72,50.38,0.0,378.1,Low,Completed
MNT-000009,EQ-0013,2022-01-13,Preventive,,4.63,1221.47,433.8,0.0,1655.27,Medium,Completed
MNT-000010,EQ-0013,2022-01-13,Inspection,,2.04,553.3,216.9,0.0,770.2,Low,Completed
MNT-000011,EQ-0039,2022-01-13,Preventive,,5.35,1139.99,1930.96,0.0,3070.95,Medium,Completed
MNT-000012,EQ-0032,2022-01-14,Preventive,,9.69,1801.18,9466.52,0.0,11267.7,Medium,Completed
MNT-000013,EQ-0010,2022-01-15,Preventive,,4.34,981.18,1448.22,0.0,2429.4,Medium,Completed
MNT-000014,EQ-0019,2022-01-19,Corrective,Level Control Fault,14.81,3369.45,20468.8,0.0,23838.25,High,Completed
MNT-000015,EQ-0027,2022-01-19,Preventive,,4.79,1196.81,650.7,0.0,1847.51,Medium,Completed
MNT-000016,EQ-0001,2022-01-20,Preventive,,4.61,1220.84,2708.52,0.0,3929.36,Medium,Completed
MNT-000017,EQ-0015,2022-01-20,Corrective,Impeller Wear,6.69,1661.72,433.8,0.0,2095.52,High,Completed
MNT-000018,EQ-0030,2022-01-20,Preventive,,11.48,4805.01,777.48,0.0,5582.49,Medium,Completed
MNT-000019,EQ-0042,2022-01-20,Preventive,,9.93,4354.46,557.0,0.0,4911.46,Medium,Completed
MNT-000020,EQ-0028,2022-01-25,Corrective,Impeller Wear,6.96,1566.94,9702.2,7381.7,18650.84,High,Completed
MNT-000021,EQ-0042,2022-01-26,Corrective,Overheating,26.9,13633.97,2546.2,0.0,16180.17,High,Completed
MNT-000022,EQ-0045,2022-01-26,Corrective,Electrical Fault,20.74,4270.05,1983.14,9533.53,15786.72,High,Completed
MNT-000023,EQ-0012,2022-01-27,Preventive,,6.45,2390.75,1001.32,2873.26,6265.33,Medium,Completed
MNT-000024,EQ-0012,2022-01-27,Inspection,,1.53,666.02,191.48,0.0,857.5,Low,Completed
MNT-000025,EQ-0016,2022-01-27,Preventive,,6.05,1362.03,867.6,0.0,2229.63,Medium,Completed
MNT-000026,EQ-0028,2022-01-27,Preventive,,6.55,1100.42,3182.75,14621.9,18905.07,Medium,Completed
MNT-000027,EQ-0028,2022-01-27,Inspection,,2.54,737.22,0.0,0.0,737.22,Low,Completed
MNT-000028,EQ-0018,2022-01-28,Preventive,,10.02,3820.58,3153.85,0.0,6974.43,Medium,Completed
MNT-000029,EQ-0008,2022-01-29,Corrective,Level Control Fault,5.56,1498.52,3463.71,0.0,4962.23,High,Completed
MNT-000030,EQ-0009,2022-01-30,Preventive,,6.12,1973.53,251.9,0.0,2225.43,Medium,Completed
MNT-000031,EQ-0009,2022-01-30,Inspection,,1.13,266.65,0.0,0.0,266.65,Low,Completed
MNT-000032,EQ-0005,2022-02-02,Corrective,Overheating,22.75,10651.54,13439.63,12501.79,36592.96,High,Completed
MNT-000033,EQ-0044,2022-02-02,Preventive,,3.36,857.34,7501.48,0.0,8358.82,Medium,Completed
MNT-000034,EQ-0036,2022-02-04,Preventive,,3.58,1348.67,487.4,0.0,1836.07,Medium,Completed
MNT-000035,EQ-0034,2022-02-06,Preventive,,3.69,623.44,562.02,0.0,1185.46,Medium,Completed
MNT-000036,EQ-0018,2022-02-07,Corrective,Seal Leak,65.23,26623.81,345.36,9845.75,36814.92,Critical,Completed
MNT-000037,EQ-0015,2022-02-08,Preventive,,5.51,1211.36,1001.32,0.0,2212.68,Medium,Completed
MNT-000038,EQ-0048,2022-02-08,Corrective,Corrosion Leak,49.38,18575.03,1262.65,8927.43,28765.11,Critical,Completed
MNT-000039,EQ-0016,2022-02-09,Corrective,Bearing Failure,25.48,7377.09,500.66,0.0,7877.75,High,Completed
MNT-000040,EQ-0025,2022-02-09,Preventive,,7.66,1671.62,151.83,0.0,1823.45,Medium,Completed
MNT-000041,EQ-0025,2022-02-09,Inspection,,1.31,291.38,216.9,0.0,508.28,Low,Completed
MNT-000042,EQ-0029,2022-02-10,Preventive,,13.29,5451.94,353.48,0.0,5805.42,Medium,Completed
MNT-000043,EQ-0029,2022-02-10,Inspection,,1.98,793.13,0.0,0.0,793.13,Low,Completed
MNT-000044,EQ-0045,2022-02-10,Preventive,,7.49,2007.41,2438.8,0.0,4446.21,Medium,Completed
MNT-000045,EQ-0009,2022-02-11,Corrective,Fuel System Fault,8.05,1856.66,3758.28,0.0,5614.94,High,Completed
MNT-000046,EQ-0035,2022-02-11,Preventive,,7.95,2075.22,6752.5,0.0,8827.72,Medium,Completed
MNT-000047,EQ-0036,2022-02-12,Corrective,Pressure Fault,25.03,8475.41,216.9,9606.97,18299.28,High,Completed
MNT-000048,EQ-0040,2022-02-13,Preventive,,7.4,2153.94,482.74,0.0,2636.68,Medium,Completed
MNT-000049,EQ-0013,2022-02-14,Corrective,Bearing Failure,25.18,7978.28,433.8,16016.5,24428.58,High,Completed
MNT-000050,EQ-0046,2022-02-14,Corrective,Seat Leakage,5.3,947.58,23989.0,0.0,24936.58,High,Completed
MNT-000051,EQ-0008,2022-02-16,Preventive,,5.23,1155.74,20782.26,0.0,21938.0,Medium,Completed
MNT-000052,EQ-0041,2022-02-16,Preventive,,12.23,5111.64,3385.65,0.0,8497.29,Medium,Completed
MNT-000053,EQ-0041,2022-02-16,Inspection,,2.73,810.83,0.0,0.0,810.83,Low,Completed
MNT-000054,EQ-0020,2022-02-21,Preventive,,6.79,2074.31,6927.42,0.0,9001.73,Medium,Completed
MNT-000055,EQ-0020,2022-02-21,Inspection,,1.3,285.91,2366.63,0.0,2652.54,Low,Completed
MNT-000056,EQ-0023,2022-02-23,Corrective,Gasket Failure,60.38,15291.08,4051.5,16357.42,35700.0,Critical,Completed
MNT-000057,EQ-0011,2022-02-25,Preventive,,5.07,1314.67,4718.84,0.0,6033.51,Medium,Completed
MNT-000058,EQ-0011,2022-02-25,Inspection,,1.66,441.26,0.0,0.0,441.26,Low,Completed
MNT-000059,EQ-0024,2022-02-28,Corrective,Pressure Fault,16.93,6626.94,2349.84,7052.75,16029.53,High,Completed
MNT-000060,EQ-0028,2022-03-01,Corrective,Motor Overheating,8.08,2297.62,101.22,0.0,2398.84,High,Completed
MNT-000061,EQ-0044,2022-03-03,Corrective,Valve Failure,8.82,1680.37,4954.64,13975.91,20610.92,High,Completed
MNT-000062,EQ-0017,2022-03-04,Corrective,Seal Leak,38.22,16761.33,14199.78,19830.66,50791.77,High,Completed
MNT-000063,EQ-0047,2022-03-04,Preventive,,10.42,2192.79,1124.04,0.0,3316.83,Medium,Completed
MNT-000064,EQ-0005,2022-03-06,Corrective,Valve Failure,16.34,7246.63,11564.26,0.0,18810.89,High,Completed
MNT-000065,EQ-0016,2022-03-07,Corrective,Motor Overheating,9.81,1935.19,1084.5,0.0,3019.69,High,Completed
MNT-000066,EQ-0021,2022-03-07,Preventive,,4.85,1161.31,1036.64,0.0,2197.95,Medium,Completed
MNT-000067,EQ-0006,2022-03-08,Preventive,,10.63,3574.96,6511.84,0.0,10086.8,Medium,Completed
MNT-000068,EQ-0006,2022-03-08,Inspection,,1.34,558.19,0.0,0.0,558.19,Low,Completed
MNT-000069,EQ-0046,2022-03-09,Preventive,,5.2,755.58,965.48,0.0,1721.06,Medium,Completed
MNT-000070,EQ-0024,2022-03-11,Preventive,,6.12,2350.59,455.82,0.0,2806.41,Medium,Completed
MNT-000071,EQ-0019,2022-03-13,Preventive,,11.04,3424.47,487.4,0.0,3911.87,Medium,Completed
MNT-000072,EQ-0019,2022-03-13,Inspection,,1.24,280.98,6927.42,0.0,7208.4,Low,Completed
MNT-000073,EQ-0031,2022-03-13,Preventive,,4.8,836.2,3306.98,0.0,4143.18,Medium,Completed
MNT-000074,EQ-0031,2022-03-13,Inspection,,2.85,800.37,0.0,0.0,800.37,Low,Completed
MNT-000075,EQ-0017,2022-03-16,Preventive,,10.06,3802.07,12672.1,0.0,16474.17,Medium,Completed
MNT-000076,EQ-0043,2022-03-16,Preventive,,6.7,1348.23,423.24,0.0,1771.47,Medium,Completed
MNT-000077,EQ-0043,2022-03-16,Inspection,,1.7,528.12,3750.74,0.0,4278.86,Low,Completed
MNT-000078,EQ-0038,2022-03-17,Preventive,,5.11,995.89,100.76,0.0,1096.65,Medium,Completed
MNT-000080,EQ-0004,2022-03-19,Inspection,,1.73,480.7,0.0,0.0,480.7,Low,Completed
MNT-000081,EQ-0007,2022-03-22,Corrective,Fouling,76.87,22171.59,2359.42,9324.04,33855.05,Critical,Completed
MNT-000082,EQ-0015,2022-03-22,Corrective,Impeller Wear,30.26,5957.14,5140.38,14899.57,25997.09,High,Completed
MNT-000083,EQ-0025,2022-03-23,Corrective,Motor Overheating,32.13,7561.41,5430.9,10399.25,23391.56,High,Completed
MNT-000084,EQ-0048,2022-03-24,Preventive,,5.06,1735.51,869.2,0.0,2604.71,Medium,Completed
MNT-000085,EQ-0039,2022-03-25,Corrective,Motor Overheating,53.97,15391.07,100.76,0.0,15491.83,Critical,Completed
MNT-000086,EQ-0001,2022-03-27,Corrective,Seal Leak,11.83,3008.62,910.31,11744.41,15663.34,High,Completed
MNT-000087,EQ-0018,2022-03-27,Corrective,Overheating,97.68,36907.92,3463.71,0.0,40371.63,Critical,Completed
MNT-000088,EQ-0027,2022-03-27,Corrective,Impeller Wear,14.49,3395.05,7352.6,0.0,10747.65,High,Completed
MNT-000089,EQ-0005,2022-03-29,Preventive,,6.68,2915.47,767.7,0.0,3683.17,Medium,Completed
MNT-000090,EQ-0022,2022-03-29,Preventive,,3.86,683.22,14199.78,0.0,14883.0,Medium,Completed
MNT-000091,EQ-0022,2022-03-29,Inspection,,1.46,318.24,0.0,0.0,318.24,Low,Completed
MNT-000092,EQ-0033,2022-03-29,Preventive,,6.55,1608.64,222.8,0.0,1831.44,Medium,Completed
MNT-000093,EQ-0033,2022-03-29,Inspection,,2.15,488.36,101.22,0.0,589.58,Low,Completed
MNT-000094,EQ-0001,2022-03-30,Corrective,Impeller Wear,21.45,4054.72,279.3,0.0,4334.02,High,Completed
MNT-000095,EQ-0014,2022-04-02,Preventive,,10.49,2083.18,3620.6,0.0,5703.78,Medium,Completed
MNT-000096,EQ-0026,2022-04-03,Preventive,,7.16,1953.98,629.04,0.0,2583.02,Medium,Completed
MNT-000097,EQ-0038,2022-04-03,Corrective,Motor Overheating,21.62,5032.19,524.2,23701.15,29257.54,High,Completed
MNT-000098,EQ-0002,2022-04-04,Preventive,,8.09,2046.87,1001.32,0.0,3048.19,Medium,Completed
MNT-000099,EQ-0002,2022-04-04,Inspection,,1.19,351.42,250.33,0.0,601.75,Low,Completed
MNT-000100,EQ-0014,2022-04-05,Corrective,Impeller Wear,7.99,2129.49,542.25,0.0,2671.74,High,Completed
MNT-000101,EQ-0034,2022-04-07,Corrective,Stuck Valve,7.47,1195.33,17122.21,9556.32,27873.86,High,Completed
MNT-000102,EQ-0037,2022-04-08,Preventive,,4.83,1335.16,4062.78,0.0,5397.94,Medium,Completed
MNT-000103,EQ-0023,2022-04-09,Preventive,,4.05,1182.96,574.44,0.0,1757.4,Medium,Completed
MNT-000104,EQ-0042,2022-04-10,Corrective,Seal Leak,55.93,21013.1,525.08,0.0,21538.18,Critical,Completed
MNT-000105,EQ-0027,2022-04-16,Preventive,,8.23,2000.6,9051.5,0.0,11052.1,Medium,Completed
MNT-000106,EQ-0027,2022-04-16,Inspection,,2.46,769.06,0.0,0.0,769.06,Low,Completed
MNT-000107,EQ-0028,2022-04-16,Corrective,Impeller Wear,9.63,2146.79,404.88,0.0,2551.67,High,Completed
MNT-000108,EQ-0013,2022-04-17,Corrective,Motor Overheating,42.36,10778.5,5430.9,0.0,16209.4,High,Completed
MNT-000109,EQ-0031,2022-04-18,Corrective,Valve Failure,8.64,2424.6,6752.5,0.0,9177.1,High,Completed
MNT-000110,EQ-0018,2022-04-23,Preventive,,16.72,8501.17,920.96,0.0,9422.13,Medium,Completed
MNT-000111,EQ-0018,2022-04-23,Inspection,,1.83,763.63,0.0,0.0,763.63,Low,Completed
MNT-000112,EQ-0009,2022-04-26,Preventive,,7.32,1767.55,230.24,0.0,1997.79,Medium,Completed
MNT-000113,EQ-0026,2022-04-26,Corrective,Seal Leak,35.69,9617.54,445.6,0.0,10063.14,High,Completed
MNT-000114,EQ-0039,2022-04-26,Preventive,,4.34,1434.8,779.8,0.0,2214.6,Medium,Completed
MNT-000115,EQ-0039,2022-04-26,Inspection,,2.29,616.98,636.55,0.0,1253.53,Low,Completed
MNT-000116,EQ-0039,2022-04-28,Corrective,Impeller Wear,11.48,3110.45,557.0,0.0,3667.45,High,Completed
MNT-000117,EQ-0027,2022-04-30,Corrective,Seal Leak,18.39,4593.15,506.1,0.0,5099.25,High,Completed
MNT-000118,EQ-0013,2022-05-03,Preventive,,13.09,2943.01,2523.08,0.0,5466.09,Medium,Completed
MNT-000119,EQ-0042,2022-05-03,Preventive,,5.36,2165.77,352.66,0.0,2518.43,Medium,Completed
MNT-000120,EQ-0003,2022-05-04,Preventive,,3.35,835.71,3153.85,0.0,3989.56,Medium,Completed
MNT-000121,EQ-0034,2022-05-05,Preventive,,6.2,697.54,5844.86,0.0,6542.4,Medium,Completed
MNT-000122,EQ-0034,2022-05-05,Inspection,,2.73,617.15,0.0,0.0,617.15,Low,Completed
MNT-000123,EQ-0007,2022-05-08,Corrective,Fouling,21.82,5274.95,13854.84,0.0,19129.79,High,Completed
MNT-000124,EQ-0010,2022-05-09,Preventive,,5.85,987.4,750.99,0.0,1738.39,Medium,Completed
MNT-000125,EQ-0025,2022-05-09,Preventive,,5.12,1394.64,4455.85,0.0,5850.49,Medium,Completed
MNT-000126,EQ-0028,2022-05-09,Preventive,,3.59,837.18,445.6,0.0,1282.78,Medium,Completed
MNT-000127,EQ-0028,2022-05-09,Inspection,,2.07,601.14,1810.3,0.0,2411.44,Low,Completed
MNT-000128,EQ-0004,2022-05-10,Corrective,Seal Leak,7.84,2113.03,3970.06,0.0,6083.09,High,Completed
MNT-000129,EQ-0030,2022-05-10,Preventive,,8.87,3794.84,5430.9,0.0,9225.74,Medium,Completed
MNT-000130,EQ-0007,2022-05-11,Preventive,,6.58,1624.69,2349.84,0.0,3974.53,Medium,Completed
MNT-000131,EQ-0007,2022-05-11,Inspection,,1.64,366.38,6927.42,0.0,7293.8,Low,Completed
MNT-000132,EQ-0045,2022-05-11,Corrective,Electrical Fault,27.7,7567.51,445.6,0.0,8013.11,High,Completed
MNT-000133,EQ-0006,2022-05-13,Corrective,Valve Failure,24.22,14418.93,3923.7,0.0,18342.63,High,Completed
MNT-000134,EQ-0036,2022-05-13,Corrective,Pressure Fault,20.69,8470.49,6649.12,0.0,15119.61,High,Completed
MNT-000135,EQ-0036,2022-05-16,Preventive,,6.08,2260.05,314.52,0.0,2574.57,Medium,Completed
MNT-000136,EQ-0032,2022-05-17,Preventive,,4.38,1372.17,6193.3,0.0,7565.47,Medium,Completed
MNT-000137,EQ-0032,2022-05-17,Inspection,,2.1,495.91,194.96,0.0,690.87,Low,Completed
MNT-000138,EQ-0001,2022-05-18,Preventive,,7.31,1674.48,372.4,0.0,2046.88,Medium,Completed
MNT-000139,EQ-0043,2022-05-19,Corrective,Level Control Fault,34.13,8644.64,9767.76,0.0,18412.4,High,Completed
MNT-000140,EQ-0016,2022-05-24,Preventive,,4.87,1245.27,454.08,0.0,1699.35,Medium,Completed
MNT-000141,EQ-0016,2022-05-24,Inspection,,2.08,627.87,500.66,0.0,1128.53,Low,Completed
MNT-000142,EQ-0015,2022-05-25,Preventive,,4.18,1207.38,1752.31,0.0,2959.69,Medium,Completed
MNT-000143,EQ-0015,2022-05-25,Inspection,,1.62,312.79,113.52,0.0,426.31,Low,Completed
MNT-000144,EQ-0035,2022-05-25,Preventive,,5.2,1507.85,867.6,0.0,2375.45,Medium,Completed
MNT-000145,EQ-0035,2022-05-25,Inspection,,1.29,319.17,0.0,0.0,319.17,Low,Completed
MNT-000146,EQ-0045,2022-05-25,Corrective,Electrical Fault,16.21,4329.73,3078.55,0.0,7408.28,High,Completed
MNT-000147,EQ-0012,2022-05-28,Preventive,,5.39,1804.25,4718.84,0.0,6523.09,Medium,Completed
MNT-000148,EQ-0037,2022-05-29,Corrective,Impeller Wear,5.23,1217.49,950.88,14344.79,16513.16,High,Completed
MNT-000149,EQ-0021,2022-05-30,Corrective,Overheating,22.39,5282.2,97.16,0.0,5379.36,High,Completed
MNT-000150,EQ-0045,2022-05-31,Preventive,,8.73,2378.26,2629.48,0.0,5007.74,Medium,Completed
MNT-000151,EQ-0025,2022-06-01,Corrective,Motor Overheating,21.33,6037.62,9051.5,0.0,15089.12,High,Completed
MNT-000152,EQ-0008,2022-06-02,Preventive,,5.08,1224.38,4718.84,0.0,5943.22,Medium,Completed
MNT-000153,EQ-0008,2022-06-02,Inspection,,1.51,353.94,0.0,0.0,353.94,Low,Completed
MNT-000154,EQ-0021,2022-06-03,Corrective,Overheating,17.38,3968.82,5930.4,0.0,9899.22,High,Completed
MNT-000155,EQ-0044,2022-06-05,Preventive,,7.72,1740.24,2359.42,0.0,4099.66,Medium,Completed
MNT-000156,EQ-0044,2022-06-05,Inspection,,1.35,339.78,1238.66,0.0,1578.44,Low,Completed
MNT-000157,EQ-0011,2022-06-06,Preventive,,6.05,1452.07,191.48,0.0,1643.55,Medium,Completed
MNT-000158,EQ-0013,2022-06-06,Corrective,Impeller Wear,41.8,8047.39,433.8,0.0,8481.19,High,Completed
MNT-000159,EQ-0030,2022-06-06,Corrective,Valve Failure,40.44,20225.03,11833.15,0.0,32058.18,High,Completed
MNT-000160,EQ-0024,2022-06-07,Preventive,,14.11,5383.12,1001.32,0.0,6384.44,Medium,Completed
MNT-000161,EQ-0046,2022-06-07,Corrective,Actuator Failure,4.26,704.85,11395.72,0.0,12100.57,High,Completed
MNT-000162,EQ-0006,2022-06-08,Preventive,,10.13,4813.9,417.1,0.0,5231.0,Medium,Completed
MNT-000163,EQ-0002,2022-06-10,Corrective,Bearing Failure,13.88,5737.89,872.14,36769.74,43379.77,High,Completed
MNT-000164,EQ-0040,2022-06-11,Preventive,,6.34,1512.76,209.68,0.0,1722.44,Medium,Completed
MNT-000165,EQ-0004,2022-06-12,Corrective,Seal Leak,10.46,2492.85,1001.32,0.0,3494.17,High,Completed
MNT-000166,EQ-0029,2022-06-12,Preventive,,9.22,3608.05,9051.5,6660.96,19320.51,Medium,Completed
MNT-000167,EQ-0041,2022-06-15,Preventive,,11.84,6225.23,891.2,0.0,7116.43,Medium,Completed
MNT-000168,EQ-0041,2022-06-15,Inspection,,2.04,878.36,255.9,0.0,1134.26,Low,Completed
MNT-000169,EQ-0008,2022-06-16,Corrective,Fouling,15.54,3799.99,11252.22,0.0,15052.21,High,Completed
MNT-000170,EQ-0020,2022-06-19,Preventive,,7.34,1523.08,287.22,0.0,1810.3,Medium,Completed
MNT-000171,EQ-0047,2022-06-19,Preventive,,8.83,2333.75,2477.32,0.0,4811.07,Medium,Completed
MNT-000172,EQ-0017,2022-06-21,Corrective,Overheating,34.19,17442.24,13854.84,0.0,31297.08,High,Completed
MNT-000173,EQ-0048,2022-06-25,Preventive,,7.52,3579.47,2359.42,0.0,5938.89,Medium,Completed
MNT-000174,EQ-0048,2022-06-25,Inspection,,2.99,890.87,0.0,0.0,890.87,Low,Completed
MNT-000175,EQ-0017,2022-06-26,Preventive,,6.89,3393.16,907.06,0.0,4300.22,Medium,Completed
MNT-000176,EQ-0021,2022-06-26,Corrective,Overheating,18.87,6153.0,7004.76,0.0,13157.76,High,Completed
MNT-000177,EQ-0033,2022-06-27,Preventive,,4.95,963.43,668.4,0.0,1631.83,Medium,Completed
MNT-000178,EQ-0033,2022-06-27,Inspection,,2.75,637.4,0.0,0.0,637.4,Low,Completed
MNT-000179,EQ-0005,2022-06-28,Preventive,,10.52,4881.05,15002.96,0.0,19884.01,Medium,Completed
MNT-000180,EQ-0039,2022-07-02,Corrective,Impeller Wear,16.38,4503.1,419.36,18096.9,23019.36,High,Completed
MNT-000181,EQ-0043,2022-07-03,Preventive,,6.35,1603.11,11689.72,0.0,13292.83,Medium,Completed
MNT-000182,EQ-0013,2022-07-04,Corrective,Motor Overheating,26.25,6220.54,14482.4,0.0,20702.94,High,Completed
MNT-000183,EQ-0029,2022-07-06,Corrective,Overheating,12.49,5127.53,3182.75,18070.33,26380.61,High,Completed
MNT-000184,EQ-0021,2022-07-07,Preventive,,12.32,2984.13,253.05,10938.52,14175.7,Medium,Completed
MNT-000185,EQ-0022,2022-07-07,Preventive,,6.39,892.99,1752.31,0.0,2645.3,Medium,Completed
MNT-000186,EQ-0019,2022-07-09,Preventive,,4.03,982.57,8103.0,0.0,9085.57,Medium,Completed
MNT-000187,EQ-0022,2022-07-09,Corrective,Stuck Valve,9.25,1662.12,12757.76,8100.78,22520.66,High,Completed
MNT-000188,EQ-0046,2022-07-10,Preventive,,8.64,1545.16,749.36,0.0,2294.52,Medium,Completed
MNT-000189,EQ-0046,2022-07-10,Inspection,,1.75,272.35,0.0,0.0,272.35,Low,Completed
MNT-000190,EQ-0004,2022-07-13,Preventive,,10.58,2754.38,965.48,0.0,3719.86,Medium,Completed
MNT-000191,EQ-0004,2022-07-13,Inspection,,2.01,378.24,677.13,0.0,1055.37,Low,Completed
MNT-000192,EQ-0031,2022-07-13,Preventive,,7.14,1812.68,4954.64,0.0,6767.32,Medium,Completed
MNT-000193,EQ-0031,2022-07-13,Inspection,,1.19,249.75,0.0,0.0,249.75,Low,Completed
MNT-000194,EQ-0027,2022-07-15,Preventive,,6.47,1398.03,3182.75,0.0,4580.78,Medium,Completed
MNT-000195,EQ-0024,2022-07-16,Corrective,Pressure Fault,166.15,51103.34,6906.4,9678.39,67688.13,Critical,Completed
MNT-000196,EQ-0039,2022-07-16,Corrective,Bearing Failure,24.47,4833.32,823.89,5895.87,11553.08,High,Completed
MNT-000197,EQ-0007,2022-07-17,Corrective,Fouling,16.0,4827.12,1179.71,0.0,6006.83,High,Completed
MNT-000198,EQ-0014,2022-07-17,Preventive,,6.89,1933.93,170.28,0.0,2104.21,Medium,Completed
MNT-000200,EQ-0042,2022-07-18,Corrective,Seal Leak,10.47,5237.27,417.1,0.0,5654.37,High,Completed
MNT-000201,EQ-0023,2022-07-21,Preventive,,7.86,2129.5,750.99,0.0,2880.49,Medium,Completed
MNT-000202,EQ-0039,2022-07-22,Corrective,Motor Overheating,5.66,1495.32,352.66,0.0,1847.98,High,Completed
MNT-000203,EQ-0009,2022-07-23,Preventive,,2.89,742.51,372.4,0.0,1114.91,Medium,Completed
MNT-000204,EQ-0009,2022-07-23,Inspection,,2.63,713.92,255.9,0.0,969.82,Low,Completed
MNT-000205,EQ-0029,2022-07-23,Corrective,Valve Failure,29.75,12211.18,12944.75,0.0,25155.93,High,Completed
MNT-000206,EQ-0026,2022-07-24,Preventive,,7.24,2011.91,216.9,0.0,2228.81,Medium,Completed
MNT-000207,EQ-0026,2022-07-24,Inspection,,2.13,725.51,108.45,0.0,833.96,Low,Completed
MNT-000208,EQ-0022,2022-07-26,Corrective,Seat Leakage,11.69,2072.8,3964.37,0.0,6037.17,High,Completed
MNT-000209,EQ-0018,2022-07-28,Preventive,,13.42,6944.52,777.48,0.0,7722.0,Medium,Completed
MNT-000210,EQ-0016,2022-08-02,Corrective,Motor Overheating,23.49,7160.98,903.75,0.0,8064.73,High,Completed
MNT-000211,EQ-0034,2022-08-02,Preventive,,8.64,1020.18,14612.15,0.0,15632.33,Medium,Completed
MNT-000212,EQ-0034,2022-08-02,Inspection,,2.13,353.42,0.0,0.0,353.42,Low,Completed
MNT-000213,EQ-0002,2022-08-03,Preventive,,8.09,1979.99,186.2,4934.62,7100.81,Medium,Completed
MNT-000214,EQ-0028,2022-08-03,Corrective,Seal Leak,44.79,9153.29,1011.23,9555.6,19720.12,High,Completed
MNT-000215,EQ-0003,2022-08-04,Preventive,,5.44,1758.53,113.52,0.0,1872.05,Medium,Completed
MNT-000217,EQ-0037,2022-08-06,Inspection,,1.9,540.46,50.38,0.0,590.84,Low,Completed
MNT-000218,EQ-0025,2022-08-08,Preventive,,5.71,992.4,209.68,0.0,1202.08,Medium,Completed
MNT-000219,EQ-0010,2022-08-10,Preventive,,2.71,596.23,724.11,0.0,1320.34,Medium,Completed
MNT-000220,EQ-0010,2022-08-10,Inspection,,1.31,206.2,500.66,0.0,706.86,Low,Completed
MNT-000221,EQ-0028,2022-08-12,Preventive,,5.91,1387.31,12672.1,0.0,14059.41,Medium,Completed
MNT-000222,EQ-0028,2022-08-12,Corrective,Motor Overheating,54.11,12781.59,3405.55,0.0,16187.14,Critical,Completed
MNT-000223,EQ-0036,2022-08-15,Preventive,,8.57,2966.52,542.25,0.0,3508.77,Medium,Completed
MNT-000224,EQ-0039,2022-08-16,Preventive,,5.74,1293.12,1930.96,0.0,3224.08,Medium,Completed
MNT-000225,EQ-0039,2022-08-16,Inspection,,1.6,342.85,0.0,0.0,342.85,Low,Completed
MNT-000226,EQ-0016,2022-08-17,Preventive,,4.97,1173.91,10861.8,0.0,12035.71,Medium,Completed
MNT-000227,EQ-0016,2022-08-17,Inspection,,2.43,490.85,0.0,0.0,490.85,Low,Completed
MNT-000228,EQ-0019,2022-08-18,Corrective,Level Control Fault,70.93,17419.71,6613.96,0.0,24033.67,Critical,Completed
MNT-000229,EQ-0032,2022-08-18,Preventive,,5.52,1460.19,10804.0,0.0,12264.19,Medium,Completed
MNT-000230,EQ-0013,2022-08-19,Preventive,,4.89,922.04,139.65,0.0,1061.69,Medium,Completed
MNT-000231,EQ-0030,2022-08-19,Corrective,Overheating,54.33,24882.14,11084.6,9250.9,45217.64,Critical,Completed
MNT-000232,EQ-0042,2022-08-20,Preventive,,9.96,5009.63,9376.85,0.0,14386.48,Medium,Completed
MNT-000233,EQ-0045,2022-08-22,Corrective,Electrical Fault,7.82,1898.98,657.37,7266.39,9822.74,High,Completed
MNT-000234,EQ-0001,2022-08-24,Preventive,,4.13,876.89,3385.65,0.0,4262.54,Medium,Completed
MNT-000235,EQ-0030,2022-08-24,Preventive,,9.61,3631.46,17534.58,0.0,21166.04,Medium,Completed
MNT-000236,EQ-0006,2022-08-27,Corrective,Valve Failure,31.71,13833.64,1090.1,0.0,14923.74,High,Completed
MNT-000237,EQ-0035,2022-08-28,Preventive,,5.58,1794.98,374.68,0.0,2169.66,Medium,Completed
MNT-000238,EQ-0035,2022-08-28,Inspection,,1.21,318.64,0.0,0.0,318.64,Low,Completed
MNT-000239,EQ-0011,2022-08-30,Preventive,,7.86,2184.75,282.16,0.0,2466.91,Medium,Completed
MNT-000240,EQ-0040,2022-09-03,Corrective,Seal Leak,24.38,6243.41,3819.3,0.0,10062.71,High,Completed
MNT-000241,EQ-0024,2022-09-04,Preventive,,5.37,1782.69,194.96,0.0,1977.65,Medium,Completed
MNT-000243,EQ-0044,2022-09-04,Preventive,,7.67,1630.72,4883.88,0.0,6514.6,Medium,Completed
MNT-000244,EQ-0016,2022-09-05,Corrective,Bearing Failure,6.35,1504.66,108.45,12655.62,14268.73,High,Completed
MNT-000245,EQ-0029,2022-09-05,Preventive,,14.58,6893.01,7241.2,0.0,14134.21,Medium,Completed
MNT-000246,EQ-0007,2022-09-08,Preventive,,6.23,1695.0,1566.56,0.0,3261.56,Medium,Completed
MNT-000247,EQ-0007,2022-09-08,Inspection,,1.9,460.57,0.0,0.0,460.57,Low,Completed
MNT-000248,EQ-0042,2022-09-11,Corrective,Excessive Vibration,17.03,5570.08,201.52,13498.98,19270.58,High,Completed
MNT-000249,EQ-0015,2022-09-13,Preventive,,4.44,1255.46,3426.92,0.0,4682.38,Medium,Completed
MNT-000250,EQ-0015,2022-09-13,Inspection,,2.77,729.76,0.0,0.0,729.76,Low,Completed
MNT-000251,EQ-0006,2022-09-15,Preventive,,6.57,2939.43,5046.16,0.0,7985.59,Medium,Completed
MNT-000252,EQ-0008,2022-09-17,Preventive,,6.08,1734.96,191.48,0.0,1926.44,Medium,Completed
MNT-000253,EQ-0047,2022-09-17,Preventive,,9.61,3153.82,211.62,0.0,3365.44,Medium,Completed
MNT-000254,EQ-0021,2022-09-18,Corrective,Electrical Fault,13.82,3526.35,432.68,6328.26,10287.29,High,Completed
MNT-000255,EQ-0022,2022-09-18,Corrective,Seat Leakage,9.15,1707.86,3463.71,0.0,5171.57,High,Completed
MNT-000256,EQ-0012,2022-09-19,Preventive,,4.3,1785.88,1206.85,0.0,2992.73,Medium,Completed
MNT-000257,EQ-0040,2022-09-19,Preventive,,4.91,1181.65,1498.72,0.0,2680.37,Medium,Completed
MNT-000258,EQ-0041,2022-09-19,Preventive,,6.74,2338.32,530.22,0.0,2868.54,Medium,Completed
MNT-000259,EQ-0005,2022-09-22,Preventive,,14.39,3847.33,340.56,0.0,4187.89,Medium,Completed
MNT-000260,EQ-0005,2022-09-22,Inspection,,1.41,664.18,127.95,0.0,792.13,Low,Completed
MNT-000261,EQ-0026,2022-09-24,Corrective,Motor Overheating,53.85,14030.79,202.44,0.0,14233.23,Critical,Completed
MNT-000262,EQ-0034,2022-09-25,Corrective,Stuck Valve,3.82,631.39,2922.43,0.0,3553.82,High,Completed
MNT-000263,EQ-0045,2022-09-25,Preventive,,6.21,1583.4,511.8,0.0,2095.2,Medium,Completed
MNT-000264,EQ-0027,2022-09-28,Corrective,Motor Overheating,19.89,4811.95,9051.5,0.0,13863.45,High,Completed
MNT-000265,EQ-0004,2022-10-03,Corrective,Seal Leak,36.6,9197.55,3340.53,0.0,12538.08,High,Completed
MNT-000266,EQ-0014,2022-10-03,Corrective,Seal Leak,13.37,3449.08,151.83,13379.57,16980.48,High,Completed
MNT-000267,EQ-0033,2022-10-04,Preventive,,7.8,1684.24,202.44,0.0,1886.68,Medium,Completed
MNT-000268,EQ-0048,2022-10-04,Corrective,Flange Leak,13.41,4889.84,419.36,0.0,5309.2,High,Completed
MNT-000269,EQ-0004,2022-10-07,Preventive,,6.72,1999.74,1251.65,0.0,3251.39,Medium,Completed
MNT-000270,EQ-0013,2022-10-10,Corrective,Bearing Failure,11.66,2696.74,750.99,24830.25,28277.98,High,Completed
MNT-000271,EQ-0020,2022-10-13,Preventive,,9.03,1758.6,2701.0,0.0,4459.6,Medium,Completed
MNT-000272,EQ-0038,2022-10-13,Preventive,,7.03,1714.19,1273.1,0.0,2987.29,Medium,Completed
MNT-000273,EQ-0038,2022-10-13,Inspection,,2.42,595.59,0.0,0.0,595.59,Low,Completed
MNT-000274,EQ-0048,2022-10-14,Preventive,,4.96,1489.42,2477.32,0.0,3966.74,Medium,Completed
MNT-000275,EQ-0048,2022-10-14,Inspection,,1.03,295.8,0.0,0.0,295.8,Low,Completed
MNT-000276,EQ-0005,2022-10-15,Corrective,Overheating,21.37,9186.27,3153.85,12462.58,24802.7,High,Completed
MNT-000277,EQ-0021,2022-10-15,Corrective,Overheating,24.59,6868.94,2334.92,7218.93,16422.79,High,Completed
MNT-000278,EQ-0004,2022-10-16,Corrective,Seal Leak,17.78,4593.81,5417.04,0.0,10010.85,High,Completed
MNT-000279,EQ-0015,2022-10-16,Corrective,Impeller Wear,23.83,6383.38,113.52,0.0,6496.9,High,Completed
MNT-000280,EQ-0046,2022-10-17,Preventive,,6.72,936.82,1206.85,0.0,2143.67,Medium,Completed
MNT-000281,EQ-0009,2022-10-18,Preventive,,6.65,1610.39,4669.84,0.0,6280.23,Medium,Completed
MNT-000282,EQ-0009,2022-10-18,Inspection,,1.71,567.96,115.12,0.0,683.08,Low,Completed
MNT-000283,EQ-0031,2022-10-19,Corrective,Level Control Fault,21.44,5934.45,7132.35,0.0,13066.8,High,Completed
MNT-000284,EQ-0013,2022-10-20,Corrective,Impeller Wear,9.33,2583.58,433.8,0.0,3017.38,High,Completed
MNT-000285,EQ-0017,2022-10-20,Preventive,,8.47,3918.86,13854.84,0.0,17773.7,Medium,Completed
MNT-000286,EQ-0021,2022-10-20,Preventive,,4.26,1275.13,1535.4,0.0,2810.53,Medium,Completed
MNT-000287,EQ-0027,2022-10-21,Preventive,,3.32,599.17,334.2,0.0,933.37,Medium,Completed
MNT-000288,EQ-0043,2022-10-23,Preventive,,2.58,584.84,493.78,1833.23,2911.85,Medium,Completed
MNT-000289,EQ-0002,2022-10-24,Corrective,Motor Overheating,11.37,2657.44,1892.31,0.0,4549.75,High,Completed
MNT-000290,EQ-0042,2022-10-24,Corrective,Excessive Vibration,14.63,6740.79,3255.92,3271.94,13268.65,High,Completed
MNT-000291,EQ-0034,2022-10-26,Preventive,,5.28,833.82,650.7,0.0,1484.52,Medium,Completed
MNT-000292,EQ-0034,2022-10-26,Inspection,,2.87,536.94,0.0,0.0,536.94,Low,Completed
MNT-000293,EQ-0034,2022-10-28,Corrective,Seat Leakage,5.4,818.26,542.25,0.0,1360.51,High,Completed
MNT-000294,EQ-0040,2022-10-29,Corrective,Seal Leak,34.01,11419.11,936.7,0.0,12355.81,High,Completed
MNT-000295,EQ-0013,2022-10-30,Corrective,Bearing Failure,12.72,2435.26,418.45,0.0,2853.71,High,Completed
MNT-000296,EQ-0016,2022-11-01,Corrective,Bearing Failure,16.6,5055.19,2965.11,0.0,8020.3,High,Completed
MNT-000297,EQ-0022,2022-11-02,Preventive,,8.94,1209.53,11833.15,0.0,13042.68,Medium,Completed
MNT-000298,EQ-0022,2022-11-02,Inspection,,1.44,266.56,6927.42,0.0,7193.98,Low,Completed
MNT-000299,EQ-0045,2022-11-03,Corrective,Electrical Fault,10.61,2929.76,867.28,0.0,3797.04,High,Completed
MNT-000300,EQ-0014,2022-11-05,Preventive,,10.13,2456.44,750.99,0.0,3207.43,Medium,Completed
MNT-000301,EQ-0014,2022-11-05,Inspection,,2.75,778.4,1810.3,0.0,2588.7,Low,Completed
MNT-000302,EQ-0031,2022-11-06,Preventive,,5.56,1244.26,607.76,0.0,1852.02,Medium,Completed
MNT-000303,EQ-0019,2022-11-07,Preventive,,6.57,1434.8,9920.94,0.0,11355.74,Medium,Completed
MNT-000304,EQ-0019,2022-11-07,Inspection,,2.44,681.27,1653.49,0.0,2334.76,Low,Completed
MNT-000305,EQ-0028,2022-11-09,Preventive,,6.71,1569.7,433.8,0.0,2003.5,Medium,Completed
MNT-000306,EQ-0037,2022-11-09,Preventive,,6.13,2011.93,2546.2,0.0,4558.13,Medium,Completed
MNT-000307,EQ-0039,2022-11-11,Corrective,Seal Leak,10.04,2804.21,1594.52,0.0,4398.73,High,Completed
MNT-000308,EQ-0006,2022-11-12,Corrective,Seal Leak,5.84,2583.53,3665.23,0.0,6248.76,High,Completed
MNT-000309,EQ-0003,2022-11-14,Preventive,,5.55,1311.81,1354.26,0.0,2666.07,Medium,Completed
MNT-000310,EQ-0003,2022-11-14,Inspection,,1.74,370.86,677.13,0.0,1047.99,Low,Completed
MNT-000311,EQ-0042,2022-11-15,Preventive,,8.84,4345.55,445.6,8878.38,13669.53,Medium,Completed
MNT-000312,EQ-0013,2022-11-16,Preventive,,10.53,3069.14,650.7,0.0,3719.84,Medium,Completed
MNT-000313,EQ-0023,2022-11-16,Preventive,,6.82,1589.52,5402.0,0.0,6991.52,Medium,Completed
MNT-000314,EQ-0016,2022-11-19,Corrective,Impeller Wear,22.89,6524.95,542.25,20440.51,27507.71,High,Completed
MNT-000315,EQ-0026,2022-11-21,Preventive,,5.85,1477.48,5092.4,0.0,6569.88,Medium,Completed
MNT-000316,EQ-0036,2022-11-22,Preventive,,6.27,2398.11,607.76,0.0,3005.87,Medium,Completed
MNT-000317,EQ-0018,2022-11-23,Preventive,,7.48,3022.84,5997.11,12487.95,21507.9,Medium,Completed
MNT-000318,EQ-0039,2022-11-23,Corrective,Bearing Failure,34.01,11275.44,970.75,8479.16,20725.35,High,Completed
MNT-000319,EQ-0047,2022-11-23,Corrective,Gasket Failure,7.55,2493.24,2100.12,0.0,4593.36,High,Completed
MNT-000320,EQ-0032,2022-11-24,Preventive,,5.42,1122.51,4733.26,0.0,5855.77,Medium,Completed
MNT-000321,EQ-0032,2022-11-24,Inspection,,2.88,746.3,2366.63,0.0,3112.93,Low,Completed
MNT-000322,EQ-0033,2022-11-26,Corrective,Fuel System Fault,10.94,3449.94,445.6,0.0,3895.54,High,Completed
MNT-000323,EQ-0025,2022-11-27,Preventive,,5.58,1174.17,334.2,0.0,1508.37,Medium,Completed
MNT-000324,EQ-0039,2022-11-27,Preventive,,5.18,1505.26,374.68,0.0,1879.94,Medium,Completed
MNT-000325,EQ-0039,2022-11-27,Inspection,,1.28,251.98,0.0,0.0,251.98,Low,Completed
MNT-000326,EQ-0004,2022-11-29,Corrective,Bearing Failure,10.16,3275.29,46.55,0.0,3321.84,High,Completed
MNT-000327,EQ-0010,2022-12-01,Preventive,,6.08,860.92,9767.76,0.0,10628.68,Medium,Completed
MNT-000328,EQ-0010,2022-12-01,Inspection,,1.59,221.49,241.37,0.0,462.86,Low,Completed
MNT-000329,EQ-0011,2022-12-02,Preventive,,5.84,1253.78,765.92,0.0,2019.7,Medium,Completed
MNT-000330,EQ-0011,2022-12-02,Inspection,,2.84,806.51,482.74,0.0,1289.25,Low,Completed
MNT-000331,EQ-0002,2022-12-04,Preventive,,5.75,1390.41,3385.65,0.0,4776.06,Medium,Completed
MNT-000332,EQ-0002,2022-12-04,Inspection,,1.27,317.48,56.76,0.0,374.24,Low,Completed
MNT-000333,EQ-0016,2022-12-04,Preventive,,6.12,2078.96,283.8,0.0,2362.76,Medium,Completed
MNT-000334,EQ-0016,2022-12-04,Inspection,,2.45,549.09,93.1,0.0,642.19,Low,Completed
MNT-000335,EQ-0028,2022-12-08,Corrective,Motor Overheating,6.23,1576.93,9051.5,0.0,10628.43,High,Completed
MNT-000336,EQ-0001,2022-12-09,Preventive,,7.08,2216.43,724.11,0.0,2940.54,Medium,Completed
MNT-000337,EQ-0001,2022-12-09,Inspection,,2.9,610.99,482.74,0.0,1093.73,Low,Completed
MNT-000338,EQ-0008,2022-12-09,Corrective,Level Control Fault,16.52,7215.51,493.78,10283.03,17992.32,High,Completed
MNT-000339,EQ-0044,2022-12-09,Preventive,,5.51,1310.03,325.95,0.0,1635.98,Medium,Completed
MNT-000340,EQ-0041,2022-12-10,Corrective,Overheating,9.68,4572.1,1354.26,7289.44,13215.8,High,Completed
MNT-000341,EQ-0047,2022-12-10,Corrective,Tube Fouling,19.95,5329.2,5898.55,0.0,11227.75,High,Completed
MNT-000342,EQ-0045,2022-12-11,Corrective,Electrical Fault,19.19,5014.06,706.96,0.0,5721.02,High,Completed
MNT-000343,EQ-0024,2022-12-15,Preventive,,9.31,2655.07,1752.31,0.0,4407.38,Medium,Completed
MNT-000344,EQ-0024,2022-12-15,Inspection,,2.98,1204.11,0.0,0.0,1204.11,Low,Completed
MNT-000345,EQ-0030,2022-12-16,Preventive,,11.18,5106.02,388.74,0.0,5494.76,Medium,Completed
MNT-000346,EQ-0006,2022-12-17,Preventive,,9.52,4757.52,383.85,0.0,5141.37,Medium,Completed
MNT-000347,EQ-0017,2022-12-17,Corrective,Valve Failure,16.83,8635.63,232.75,5322.96,14191.34,High,Completed
MNT-000348,EQ-0035,2022-12-19,Preventive,,6.79,1309.25,10804.0,0.0,12113.25,Medium,Completed
MNT-000349,EQ-0035,2022-12-19,Inspection,,1.17,342.83,374.68,0.0,717.51,Low,Completed
MNT-000350,EQ-0043,2022-12-19,Corrective,Valve Failure,14.16,2911.59,18767.98,0.0,21679.57,High,Completed
MNT-000351,EQ-0005,2022-12-20,Preventive,,11.85,3891.04,1354.26,5061.79,10307.09,Medium,Completed
MNT-000352,EQ-0005,2022-12-20,Inspection,,2.58,1048.78,1875.37,0.0,2924.15,Low,Completed
MNT-000353,EQ-0008,2022-12-21,Preventive,,4.93,1500.81,3916.4,0.0,5417.21,Medium,Completed
MNT-000354,EQ-0017,2022-12-23,Corrective,Excessive Vibration,62.37,32473.33,5430.9,15015.83,52920.06,Critical,Completed
MNT-000355,EQ-0016,2022-12-24,Corrective,Motor Overheating,37.86,10486.02,486.24,0.0,10972.26,High,Completed
MNT-000356,EQ-0007,2022-12-26,Preventive,,4.0,1055.02,670.18,0.0,1725.2,Medium,Completed
MNT-000357,EQ-0007,2022-12-26,Inspection,,2.57,775.41,0.0,0.0,775.41,Low,Completed
MNT-000358,EQ-0028,2022-12-27,Corrective,Impeller Wear,38.04,9403.06,3819.3,0.0,13222.36,High,Completed
MNT-000359,EQ-0029,2022-12-28,Preventive,,13.53,5091.87,4455.85,0.0,9547.72,Medium,Completed
MNT-000360,EQ-0029,2022-12-28,Inspection,,1.45,625.72,636.55,0.0,1262.27,Low,Completed
MNT-000361,EQ-0001,2022-12-30,Corrective,Seal Leak,36.99,8060.86,1114.84,16252.03,25427.73,High,Completed
MNT-000362,EQ-0016,2022-12-30,Corrective,Seal Leak,3.96,1062.51,250.33,14559.79,15872.63,High,Completed
MNT-000363,EQ-0015,2023-01-01,Preventive,,5.11,1279.47,1501.98,0.0,2781.45,Medium,Completed
MNT-000364,EQ-0012,2023-01-04,Preventive,,4.94,1733.08,1689.59,4813.36,8236.03,Medium,Completed
MNT-000365,EQ-0012,2023-01-04,Inspection,,2.74,859.79,70.54,0.0,930.33,Low,Completed
MNT-000366,EQ-0013,2023-01-07,Corrective,Motor Overheating,29.75,8246.65,4825.9,18142.14,31214.69,High,Completed
MNT-000367,EQ-0004,2023-01-08,Preventive,,4.06,994.5,186.2,0.0,1180.7,Medium,Completed
MNT-000368,EQ-0022,2023-01-09,Corrective,Actuator Failure,10.09,1670.23,4965.69,0.0,6635.92,High,Completed
MNT-000369,EQ-0045,2023-01-10,Preventive,,4.88,1553.16,1829.1,0.0,3382.26,Medium,Completed
MNT-000370,EQ-0041,2023-01-11,Preventive,,15.01,7462.55,222.8,8077.45,15762.8,Medium,Completed
MNT-000371,EQ-0033,2023-01-12,Preventive,,6.31,1187.53,557.0,0.0,1744.53,Medium,Completed
MNT-000372,EQ-0038,2023-01-13,Corrective,Seal Leak,64.65,17477.3,314.52,0.0,17791.82,Critical,Completed
MNT-000373,EQ-0030,2023-01-14,Corrective,Overheating,52.71,18679.79,10114.42,14174.85,42969.06,Critical,Completed
MNT-000374,EQ-0047,2023-01-14,Preventive,,7.7,2078.66,282.16,0.0,2360.82,Medium,Completed
MNT-000375,EQ-0046,2023-01-15,Preventive,,4.71,1029.63,1930.96,0.0,2960.59,Medium,Completed
MNT-000376,EQ-0046,2023-01-15,Inspection,,2.22,318.8,482.74,0.0,801.54,Low,Completed
MNT-000377,EQ-0048,2023-01-16,Preventive,,4.38,1806.33,760.55,0.0,2566.88,Medium,Completed
MNT-000378,EQ-0048,2023-01-16,Inspection,,2.42,882.96,241.37,0.0,1124.33,Low,Completed
MNT-000379,EQ-0044,2023-01-17,Corrective,Valve Failure,11.07,2708.86,141.08,0.0,2849.94,High,Completed
MNT-000380,EQ-0009,2023-01-19,Preventive,,7.76,1662.17,895.65,0.0,2557.82,Medium,Completed
MNT-000381,EQ-0039,2023-01-19,Corrective,Impeller Wear,12.01,2566.65,2910.04,0.0,5476.69,High,Completed
MNT-000382,EQ-0040,2023-01-19,Preventive,,3.58,913.19,724.11,0.0,1637.3,Medium,Completed
MNT-000383,EQ-0036,2023-01-23,Corrective,Pressure Fault,5.58,1933.69,104.84,0.0,2038.53,High,Completed
MNT-000384,EQ-0017,2023-01-30,Preventive,,12.07,5408.04,230.24,10288.35,15926.63,Medium,Completed
MNT-000385,EQ-0042,2023-01-30,Corrective,Valve Failure,30.61,11537.11,2031.39,0.0,13568.5,High,Completed
MNT-000386,EQ-0043,2023-01-30,Preventive,,5.29,1241.66,9376.85,0.0,10618.51,Medium,Completed
MNT-000387,EQ-0043,2023-01-30,Inspection,,1.13,269.63,70.54,0.0,340.17,Low,Completed
MNT-000388,EQ-0020,2023-02-01,Preventive,,5.52,1592.21,6752.5,0.0,8344.71,Medium,Completed
MNT-000389,EQ-0027,2023-02-01,Preventive,,4.56,914.32,1311.38,0.0,2225.7,Medium,Completed
MNT-000390,EQ-0027,2023-02-01,Inspection,,2.83,639.78,0.0,0.0,639.78,Low,Completed
MNT-000391,EQ-0026,2023-02-02,Corrective,Bearing Failure,57.72,10160.1,1797.3,0.0,11957.4,Critical,Completed
MNT-000392,EQ-0028,2023-02-03,Corrective,Seal Leak,8.57,2463.88,10861.8,0.0,13325.68,High,Completed
MNT-000393,EQ-0034,2023-02-04,Corrective,Actuator Failure,3.37,681.56,749.36,16065.75,17496.67,High,Completed
MNT-000395,EQ-0039,2023-02-05,Corrective,Seal Leak,9.76,2570.5,3385.65,15919.45,21875.6,High,Completed
MNT-000396,EQ-0014,2023-02-06,Preventive,,5.45,1253.12,2523.08,0.0,3776.2,Medium,Completed
MNT-000397,EQ-0018,2023-02-06,Corrective,Seal Leak,10.3,4306.02,856.73,0.0,5162.75,High,Completed
MNT-000398,EQ-0038,2023-02-08,Preventive,,3.57,932.16,1273.1,0.0,2205.26,Medium,Completed
MNT-000399,EQ-0038,2023-02-08,Inspection,,1.87,489.1,0.0,0.0,489.1,Low,Completed
MNT-000400,EQ-0003,2023-02-09,Preventive,,6.62,2080.32,251.9,21837.08,24169.3,Medium,Completed
MNT-000401,EQ-0019,2023-02-09,Preventive,,5.49,1740.61,670.18,0.0,2410.79,Medium,Completed
MNT-000402,EQ-0019,2023-02-09,Inspection,,2.27,600.73,0.0,0.0,600.73,Low,Completed
MNT-000403,EQ-0023,2023-02-09,Preventive,,4.77,1052.45,1501.98,0.0,2554.43,Medium,Completed
MNT-000404,EQ-0031,2023-02-09,Preventive,,3.9,820.71,9920.94,0.0,10741.65,Medium,Completed
MNT-000405,EQ-0026,2023-02-11,Corrective,Bearing Failure,44.21,9908.33,1543.4,0.0,11451.73,High,Completed
MNT-000406,EQ-0033,2023-02-11,Corrective,Electrical Fault,21.85,5542.33,3401.98,0.0,8944.31,High,Completed
MNT-000407,EQ-0022,2023-02-12,Corrective,Actuator Failure,4.76,992.47,2908.88,0.0,3901.35,High,Completed
MNT-000408,EQ-0037,2023-02-13,Preventive,,6.51,1550.3,779.8,0.0,2330.1,Medium,Completed
MNT-000409,EQ-0021,2023-02-14,Preventive,,5.91,1598.62,575.6,0.0,2174.22,Medium,Completed
MNT-000410,EQ-0028,2023-02-14,Preventive,,4.71,980.72,779.8,0.0,1760.52,Medium,Completed
MNT-000411,EQ-0011,2023-02-17,Corrective,Tube Fouling,42.17,11815.99,1448.22,0.0,13264.21,High,Completed
MNT-000412,EQ-0032,2023-02-17,Preventive,,4.02,999.05,4960.47,0.0,5959.52,Medium,Completed
MNT-000413,EQ-0016,2023-02-21,Corrective,Impeller Wear,11.12,2998.95,433.8,30562.01,33994.76,High,Completed
MNT-000414,EQ-0014,2023-02-22,Corrective,Bearing Failure,24.53,5391.91,2464.45,0.0,7856.36,High,Completed
MNT-000415,EQ-0018,2023-02-26,Preventive,,7.08,3343.43,93.1,0.0,3436.53,Medium,Completed
MNT-000416,EQ-0034,2023-02-27,Preventive,,7.02,1134.16,1311.38,0.0,2445.54,Medium,Completed
MNT-000417,EQ-0042,2023-02-27,Preventive,,11.31,6019.82,767.7,0.0,6787.52,Medium,Completed
MNT-000418,EQ-0042,2023-02-27,Inspection,,2.31,1099.26,636.55,0.0,1735.81,Low,Completed
MNT-000419,EQ-0007,2023-03-02,Corrective,Fouling,4.32,728.12,141.08,0.0,869.2,High,Completed
MNT-000420,EQ-0013,2023-03-03,Preventive,,8.74,2087.09,1261.54,0.0,3348.63,Medium,Completed
MNT-000421,EQ-0013,2023-03-03,Inspection,,1.42,401.15,0.0,0.0,401.15,Low,Completed
MNT-000422,EQ-0014,2023-03-03,Corrective,Motor Overheating,12.29,3386.63,2147.26,0.0,5533.89,High,Completed
MNT-000423,EQ-0022,2023-03-03,Preventive,,11.46,2209.13,24245.97,0.0,26455.1,Medium,Completed
MNT-000424,EQ-0046,2023-03-03,Corrective,Stuck Valve,7.78,1602.64,18283.94,22367.84,42254.42,High,Completed
MNT-000425,EQ-0025,2023-03-06,Preventive,,3.59,866.06,14482.4,0.0,15348.46,Medium,Completed
MNT-000426,EQ-0018,2023-03-07,Corrective,Valve Failure,38.87,13050.02,115.12,0.0,13165.14,High,Completed
MNT-000427,EQ-0013,2023-03-08,Corrective,Bearing Failure,20.38,5081.39,3784.62,0.0,8866.01,High,Completed
MNT-000428,EQ-0040,2023-03-08,Corrective,Seal Leak,5.2,1017.31,151.14,0.0,1168.45,High,Completed
MNT-000429,EQ-0001,2023-03-10,Preventive,,8.79,2285.5,1752.31,0.0,4037.81,Medium,Completed
MNT-000430,EQ-0002,2023-03-10,Corrective,Motor Overheating,12.38,2655.4,965.48,0.0,3620.88,High,Completed
MNT-000431,EQ-0029,2023-03-10,Corrective,Valve Failure,15.51,7005.67,3620.6,12327.89,22954.16,High,Completed
MNT-000432,EQ-0010,2023-03-11,Preventive,,5.02,856.34,750.99,0.0,1607.33,Medium,Completed
MNT-000433,EQ-0006,2023-03-12,Corrective,Seal Leak,76.88,31813.13,11252.22,0.0,43065.35,Critical,Completed
MNT-000434,EQ-0016,2023-03-15,Preventive,,9.07,2119.65,750.99,0.0,2870.64,Medium,Completed
MNT-000435,EQ-0026,2023-03-16,Preventive,,5.96,1828.62,9051.5,17223.98,28104.1,Medium,Completed
MNT-000436,EQ-0027,2023-03-16,Corrective,Impeller Wear,17.23,5867.8,9261.18,0.0,15128.98,High,Completed
MNT-000437,EQ-0008,2023-03-17,Preventive,,7.79,1867.29,191.48,0.0,2058.77,Medium,Completed
MNT-000438,EQ-0002,2023-03-18,Preventive,,10.69,3048.09,4062.78,0.0,7110.87,Medium,Completed
MNT-000439,EQ-0030,2023-03-20,Preventive,,7.52,2869.36,4733.26,0.0,7602.62,Medium,Completed
MNT-000440,EQ-0044,2023-03-20,Preventive,,5.32,1166.6,8670.62,0.0,9837.22,Medium,Completed
MNT-000441,EQ-0006,2023-03-22,Preventive,,18.09,8290.14,2031.39,0.0,10321.53,Medium,Completed
MNT-000442,EQ-0036,2023-03-23,Preventive,,5.78,1829.93,9453.5,0.0,11283.43,Medium,Completed
MNT-000443,EQ-0039,2023-03-23,Preventive,,5.49,1385.14,524.2,0.0,1909.34,Medium,Completed
MNT-000444,EQ-0044,2023-03-23,Corrective,Level Control Fault,17.24,3125.02,423.24,7996.23,11544.49,High,Completed
MNT-000445,EQ-0029,2023-03-29,Preventive,,8.07,4036.25,303.66,0.0,4339.91,Medium,Completed
MNT-000446,EQ-0040,2023-04-01,Corrective,Impeller Wear,7.09,1382.03,2365.59,0.0,3747.62,High,Completed
MNT-000447,EQ-0011,2023-04-03,Preventive,,5.83,1924.43,574.44,0.0,2498.87,Medium,Completed
MNT-000448,EQ-0024,2023-04-04,Preventive,,7.64,2222.35,759.15,0.0,2981.5,Medium,Completed
MNT-000449,EQ-0005,2023-04-05,Corrective,Overheating,46.98,20041.76,1269.79,0.0,21311.55,High,Completed
MNT-000450,EQ-0005,2023-04-06,Preventive,,14.52,6591.14,227.04,0.0,6818.18,Medium,Completed
MNT-000451,EQ-0015,2023-04-10,Preventive,,3.62,766.9,1501.98,0.0,2268.88,Medium,Completed
MNT-000452,EQ-0002,2023-04-13,Corrective,Bearing Failure,19.66,5238.63,4415.39,0.0,9654.02,High,Completed
MNT-000453,EQ-0035,2023-04-13,Preventive,,5.26,983.55,936.7,0.0,1920.25,Medium,Completed
MNT-000454,EQ-0033,2023-04-14,Preventive,,9.0,2088.53,668.4,0.0,2756.93,Medium,Completed
MNT-000455,EQ-0007,2023-04-15,Preventive,,8.49,1893.95,574.44,0.0,2468.39,Medium,Completed
MNT-000456,EQ-0047,2023-04-16,Preventive,,4.53,1404.71,524.2,0.0,1928.91,Medium,Completed
MNT-000457,EQ-0004,2023-04-17,Preventive,,4.61,907.3,1892.31,0.0,2799.61,Medium,Completed
MNT-000458,EQ-0008,2023-04-18,Corrective,Level Control Fault,16.49,5727.11,17318.55,0.0,23045.66,High,Completed
MNT-000459,EQ-0040,2023-04-20,Preventive,,6.71,1382.77,562.02,0.0,1944.79,Medium,Completed
MNT-000460,EQ-0046,2023-04-25,Preventive,,6.74,1145.29,209.68,0.0,1354.97,Medium,Completed
MNT-000461,EQ-0012,2023-04-26,Preventive,,7.82,2338.45,1448.22,0.0,3786.67,Medium,Completed
MNT-000462,EQ-0012,2023-04-26,Inspection,,1.4,510.77,0.0,0.0,510.77,Low,Completed
MNT-000463,EQ-0003,2023-04-27,Corrective,Motor Overheating,21.37,6277.3,750.99,0.0,7028.29,High,Completed
MNT-000464,EQ-0014,2023-04-27,Corrective,Bearing Failure,16.26,4831.53,5539.35,0.0,10370.88,High,Completed
MNT-000465,EQ-0005,2023-04-30,Corrective,Valve Failure,18.84,8499.2,3986.14,18010.02,30495.36,High,Completed
MNT-000466,EQ-0015,2023-04-30,Corrective,Impeller Wear,40.86,10054.56,1555.31,11766.69,23376.56,High,Completed
MNT-000467,EQ-0020,2023-04-30,Preventive,,2.98,584.47,670.18,0.0,1254.65,Medium,Completed
MNT-000468,EQ-0020,2023-04-30,Inspection,,2.15,554.23,6927.42,0.0,7481.65,Low,Completed
MNT-000469,EQ-0042,2023-04-30,Corrective,Seal Leak,40.69,20459.0,4508.38,0.0,24967.38,High,Completed
MNT-000470,EQ-0008,2023-05-01,Corrective,Valve Failure,9.66,2366.16,282.16,0.0,2648.32,High,Completed
MNT-000471,EQ-0027,2023-05-01,Preventive,,4.7,1439.8,216.9,0.0,1656.7,Medium,Completed
MNT-000472,EQ-0048,2023-05-02,Preventive,,10.1,3540.37,936.7,0.0,4477.07,Medium,Completed
MNT-000473,EQ-0042,2023-05-03,Corrective,Overheating,21.34,7840.71,445.6,0.0,8286.31,High,Completed
MNT-000474,EQ-0043,2023-05-03,Preventive,,5.66,1951.52,2359.42,0.0,4310.94,Medium,Completed
MNT-000475,EQ-0040,2023-05-08,Corrective,Seal Leak,22.48,5589.98,727.51,0.0,6317.49,High,Completed
MNT-000476,EQ-0017,2023-05-09,Preventive,,11.8,5888.16,259.16,0.0,6147.32,Medium,Completed
MNT-000477,EQ-0017,2023-05-09,Inspection,,1.38,783.8,0.0,0.0,783.8,Low,Completed
MNT-000478,EQ-0041,2023-05-10,Preventive,,9.52,6145.98,255.9,1174.15,7576.03,Medium,Completed
MNT-000479,EQ-0009,2023-05-11,Preventive,,5.37,1385.04,139.65,0.0,1524.69,Medium,Completed
MNT-000480,EQ-0009,2023-05-11,Inspection,,2.23,583.23,255.9,0.0,839.13,Low,Completed
MNT-000481,EQ-0019,2023-05-11,Preventive,,8.47,1992.09,194.96,3391.71,5578.76,Medium,Completed
MNT-000482,EQ-0019,2023-05-11,Inspection,,2.58,909.41,3463.71,0.0,4373.12,Low,Completed
MNT-000483,EQ-0045,2023-05-11,Preventive,,5.08,1346.14,668.4,0.0,2014.54,Medium,Completed
MNT-000484,EQ-0045,2023-05-11,Inspection,,2.01,566.7,255.9,0.0,822.6,Low,Completed
MNT-000485,EQ-0014,2023-05-16,Preventive,,9.53,2259.77,3153.85,0.0,5413.62,Medium,Completed
MNT-000486,EQ-0021,2023-05-16,Preventive,,4.9,962.23,4669.84,0.0,5632.07,Medium,Completed
MNT-000487,EQ-0021,2023-05-16,Inspection,,2.61,442.77,0.0,0.0,442.77,Low,Completed
MNT-000488,EQ-0039,2023-05-19,Corrective,Bearing Failure,11.48,2929.83,302.28,4052.13,7284.24,High,Completed
MNT-000489,EQ-0015,2023-05-20,Corrective,Impeller Wear,11.44,3594.87,325.35,23183.81,27104.03,High,Completed
MNT-000490,EQ-0027,2023-05-20,Corrective,Impeller Wear,57.9,14488.58,629.04,17040.15,32157.77,Critical,Completed
MNT-000491,EQ-0038,2023-05-21,Preventive,,6.12,1586.52,965.48,0.0,2552.0,Medium,Completed
MNT-000492,EQ-0038,2023-05-21,Inspection,,1.54,476.7,100.76,0.0,577.46,Low,Completed
MNT-000493,EQ-0042,2023-05-24,Preventive,,10.54,3963.91,2708.52,0.0,6672.43,Medium,Completed
MNT-000494,EQ-0008,2023-05-25,Corrective,Level Control Fault,55.86,14146.25,7059.1,0.0,21205.35,Critical,Completed
MNT-000495,EQ-0031,2023-05-29,Preventive,,7.0,1346.76,584.88,0.0,1931.64,Medium,Completed
MNT-000496,EQ-0031,2023-05-29,Inspection,,1.26,344.35,3306.98,0.0,3651.33,Low,Completed
MNT-000497,EQ-0003,2023-05-31,Preventive,,6.84,1864.05,4283.65,0.0,6147.7,Medium,Completed
MNT-000498,EQ-0003,2023-05-31,Inspection,,2.77,719.41,113.52,0.0,832.93,Low,Completed
MNT-000499,EQ-0028,2023-05-31,Corrective,Seal Leak,10.3,2512.67,3557.43,19312.74,25382.84,High,Completed
MNT-000500,EQ-0004,2023-06-01,Corrective,Bearing Failure,27.77,6349.07,395.38,0.0,6744.45,High,Completed
MNT-000501,EQ-0038,2023-06-02,Corrective,Motor Overheating,21.51,5435.64,1909.65,0.0,7345.29,High,Completed
MNT-000502,EQ-0013,2023-06-07,Preventive,,4.91,1524.48,227.04,3072.05,4823.57,Medium,Completed
MNT-000503,EQ-0014,2023-06-08,Corrective,Impeller Wear,41.29,10354.78,1514.59,0.0,11869.37,High,Completed
MNT-000504,EQ-0023,2023-06-08,Preventive,,5.83,1366.83,4051.5,0.0,5418.33,Medium,Completed
MNT-000505,EQ-0023,2023-06-08,Inspection,,2.94,813.99,216.9,3053.94,4084.83,Low,Completed
MNT-000506,EQ-0026,2023-06-08,Corrective,Bearing Failure,13.83,4480.44,650.7,0.0,5131.14,High,Completed
MNT-000507,EQ-0032,2023-06-09,Preventive,,5.67,1381.68,531.79,0.0,1913.47,Medium,Completed
MNT-000508,EQ-0044,2023-06-09,Corrective,Level Control Fault,57.11,16665.24,7649.26,21571.66,45886.16,Critical,Completed
MNT-000509,EQ-0015,2023-06-11,Corrective,Bearing Failure,6.24,1385.23,4155.17,8998.24,14538.64,High,Completed
MNT-000510,EQ-0037,2023-06-11,Preventive,,5.15,1704.95,374.68,0.0,2079.63,Medium,Completed
MNT-000511,EQ-0039,2023-06-11,Corrective,Impeller Wear,14.02,3079.86,104.84,0.0,3184.7,High,Completed
MNT-000512,EQ-0028,2023-06-12,Preventive,,6.97,2138.59,419.36,0.0,2557.95,Medium,Completed
MNT-000513,EQ-0028,2023-06-12,Inspection,,2.59,584.45,1273.1,0.0,1857.55,Low,Completed
MNT-000514,EQ-0039,2023-06-13,Corrective,Bearing Failure,58.37,17557.24,562.02,0.0,18119.26,Critical,Completed
MNT-000515,EQ-0022,2023-06-14,Preventive,,5.0,844.45,500.66,0.0,1345.11,Medium,Completed
MNT-000516,EQ-0029,2023-06-15,Corrective,Overheating,111.66,62174.7,17818.79,0.0,79993.49,Critical,Completed
MNT-000517,EQ-0016,2023-06-16,Preventive,,6.93,1848.48,14482.4,4618.71,20949.59,Medium,Completed
MNT-000518,EQ-0001,2023-06-18,Preventive,,4.93,1110.32,151.14,0.0,1261.46,Medium,Completed
MNT-000519,EQ-0014,2023-06-18,Corrective,Bearing Failure,36.73,11039.06,2392.97,0.0,13432.03,High,Completed
MNT-000520,EQ-0044,2023-06-18,Preventive,,6.54,1433.82,9767.76,0.0,11201.58,Medium,Completed
MNT-000521,EQ-0044,2023-06-18,Inspection,,1.73,373.86,0.0,0.0,373.86,Low,Completed
MNT-000522,EQ-0006,2023-06-20,Preventive,,9.17,4721.8,454.08,0.0,5175.88,Medium,Completed
MNT-000523,EQ-0006,2023-06-20,Inspection,,2.08,827.89,3750.74,0.0,4578.63,Low,Completed
MNT-000524,EQ-0046,2023-06-20,Corrective,Stuck Valve,16.99,4871.07,5607.99,6061.73,16540.79,High,Completed
MNT-000525,EQ-0004,2023-06-22,Corrective,Seal Leak,56.25,15442.75,279.3,15071.52,30793.57,Critical,Completed
MNT-000526,EQ-0026,2023-06-22,Corrective,Seal Leak,25.76,5613.07,1909.65,0.0,7522.72,High,Completed
MNT-000527,EQ-0026,2023-06-24,Preventive,,5.19,1236.8,668.4,0.0,1905.2,Medium,Completed
MNT-000528,EQ-0026,2023-06-24,Inspection,,2.95,692.31,0.0,0.0,692.31,Low,Completed
MNT-000529,EQ-0025,2023-06-25,Corrective,Motor Overheating,15.81,4741.06,334.2,0.0,5075.26,High,Completed
MNT-000530,EQ-0025,2023-06-26,Preventive,,4.82,1233.84,668.4,0.0,1902.24,Medium,Completed
MNT-000531,EQ-0002,2023-06-27,Preventive,,3.53,988.52,1261.54,0.0,2250.06,Medium,Completed
MNT-000532,EQ-0027,2023-06-27,Corrective,Bearing Failure,13.8,3668.4,3182.75,0.0,6851.15,High,Completed
MNT-000533,EQ-0034,2023-06-27,Preventive,,7.76,1374.46,209.68,0.0,1584.14,Medium,Completed
MNT-000534,EQ-0034,2023-06-27,Inspection,,2.54,417.04,0.0,0.0,417.04,Low,Completed
MNT-000535,EQ-0013,2023-06-29,Corrective,Bearing Failure,5.06,1535.91,6143.68,0.0,7679.59,High,Completed
MNT-000536,EQ-0018,2023-06-29,Preventive,,9.72,4737.55,354.27,0.0,5091.82,Medium,Completed
MNT-000537,EQ-0039,2023-06-30,Preventive,,4.86,1092.93,1273.1,0.0,2366.03,Medium,Completed
MNT-000538,EQ-0039,2023-06-30,Inspection,,1.71,408.55,222.8,0.0,631.35,Low,Completed
MNT-000539,EQ-0009,2023-07-01,Corrective,Overheating,9.23,2045.05,1554.55,12567.84,16167.44,High,Completed
MNT-000540,EQ-0036,2023-07-01,Preventive,,7.91,2676.9,867.6,0.0,3544.5,Medium,Completed
MNT-000541,EQ-0030,2023-07-02,Corrective,Excessive Vibration,42.81,16115.58,2366.63,0.0,18482.21,High,Completed
MNT-000542,EQ-0010,2023-07-05,Preventive,,6.34,1199.7,24245.97,0.0,25445.67,Medium,Completed
MNT-000543,EQ-0010,2023-07-05,Inspection,,2.33,367.71,3463.71,0.0,3831.42,Low,Completed
MNT-000544,EQ-0027,2023-07-07,Corrective,Bearing Failure,58.91,14020.56,202.44,18587.45,32810.45,Critical,Completed
MNT-000545,EQ-0019,2023-07-09,Corrective,Fouling,54.71,13042.51,17318.55,0.0,30361.06,Critical,Completed
MNT-000546,EQ-0026,2023-07-15,Corrective,Motor Overheating,8.15,2014.77,562.02,0.0,2576.79,High,Completed
MNT-000547,EQ-0037,2023-07-15,Corrective,Motor Overheating,20.26,4544.28,2802.48,6246.54,13593.3,High,Completed
MNT-000548,EQ-0024,2023-07-16,Preventive,,5.57,1855.15,779.84,0.0,2634.99,Medium,Completed
MNT-000549,EQ-0029,2023-07-16,Preventive,,10.75,4743.16,1036.64,0.0,5779.8,Medium,Completed
MNT-000550,EQ-0029,2023-07-16,Inspection,,2.84,895.11,0.0,0.0,895.11,Low,Completed
MNT-000551,EQ-0008,2023-07-17,Preventive,,4.72,1072.47,670.18,0.0,1742.65,Medium,Completed
MNT-000552,EQ-0004,2023-07-19,Corrective,Impeller Wear,33.05,7614.76,500.66,28580.72,36696.14,High,Completed
MNT-000553,EQ-0030,2023-07-19,Preventive,,9.63,4527.35,17534.58,0.0,22061.93,Medium,Completed
MNT-000554,EQ-0023,2023-07-21,Corrective,Tube Fouling,22.18,5731.8,6752.5,0.0,12484.3,High,Completed
MNT-000555,EQ-0001,2023-07-25,Corrective,Seal Leak,21.8,4426.58,251.9,0.0,4678.48,High,Completed
MNT-000556,EQ-0011,2023-07-25,Preventive,,6.62,1724.74,1001.32,0.0,2726.06,Medium,Completed
MNT-000557,EQ-0005,2023-07-26,Preventive,,16.59,6697.56,511.8,0.0,7209.36,Medium,Completed
MNT-000558,EQ-0048,2023-07-26,Preventive,,5.56,1651.69,1498.72,0.0,3150.41,Medium,Completed
MNT-000559,EQ-0017,2023-07-27,Corrective,Valve Failure,33.93,18869.22,8097.93,0.0,26967.15,High,Completed
MNT-000560,EQ-0002,2023-07-28,Corrective,Motor Overheating,36.97,7233.02,333.51,0.0,7566.53,High,Completed
MNT-000561,EQ-0019,2023-07-28,Corrective,Fouling,19.07,5187.26,13486.64,15008.18,33682.08,High,Completed
MNT-000562,EQ-0035,2023-07-29,Preventive,,4.5,924.94,151.94,0.0,1076.88,Medium,Completed
MNT-000563,EQ-0035,2023-07-29,Inspection,,2.99,604.87,0.0,8028.14,8633.01,Low,Completed
MNT-000564,EQ-0007,2023-07-30,Preventive,,8.1,1887.27,9767.76,0.0,11655.03,Medium,Completed
MNT-000565,EQ-0038,2023-08-01,Corrective,Motor Overheating,6.56,1272.97,1124.04,0.0,2397.01,High,Completed
MNT-000566,EQ-0031,2023-08-02,Corrective,Fouling,21.55,4267.01,97.48,0.0,4364.49,High,Completed
MNT-000567,EQ-0046,2023-08-02,Preventive,,4.42,697.71,13023.68,0.0,13721.39,Medium,Completed
MNT-000568,EQ-0012,2023-08-05,Preventive,,9.47,3896.51,482.74,0.0,4379.25,Medium,Completed
MNT-000569,EQ-0047,2023-08-06,Preventive,,6.33,1278.49,6193.3,5351.83,12823.62,Medium,Completed
MNT-000570,EQ-0047,2023-08-06,Inspection,,2.66,731.94,0.0,0.0,731.94,Low,Completed
MNT-000571,EQ-0015,2023-08-07,Preventive,,6.44,1190.15,325.85,0.0,1516.0,Medium,Completed
MNT-000572,EQ-0015,2023-08-07,Inspection,,2.02,455.75,0.0,0.0,455.75,Low,Completed
MNT-000573,EQ-0041,2023-08-08,Corrective,Overheating,36.36,15507.04,1273.1,9257.62,26037.76,High,Completed
MNT-000574,EQ-0045,2023-08-08,Corrective,Overheating,31.59,9346.5,1940.39,0.0,11286.89,High,Completed
MNT-000575,EQ-0004,2023-08-09,Preventive,,5.46,1290.74,5417.04,0.0,6707.78,Medium,Completed
MNT-000576,EQ-0008,2023-08-09,Corrective,Level Control Fault,5.85,1598.01,10391.13,0.0,11989.14,High,Completed
MNT-000577,EQ-0006,2023-08-10,Corrective,Seal Leak,44.46,20342.16,3385.65,6805.29,30533.1,High,Completed
MNT-000578,EQ-0009,2023-08-12,Corrective,Fuel System Fault,11.39,2777.5,7004.76,0.0,9782.26,High,Completed
MNT-000579,EQ-0021,2023-08-15,Preventive,,6.05,1712.62,253.05,0.0,1965.67,Medium,Completed
MNT-000580,EQ-0021,2023-08-15,Inspection,,2.37,583.32,1167.46,0.0,1750.78,Low,Completed
MNT-000581,EQ-0033,2023-08-15,Preventive,,8.21,2219.9,891.2,0.0,3111.1,Medium,Completed
MNT-000582,EQ-0033,2023-08-15,Inspection,,2.18,704.21,609.7,0.0,1313.91,Low,Completed
MNT-000583,EQ-0037,2023-08-16,Corrective,Bearing Failure,36.93,8452.38,374.68,7807.2,16634.26,High,Completed
MNT-000584,EQ-0027,2023-08-17,Preventive,,4.31,980.8,374.68,0.0,1355.48,Medium,Completed
MNT-000585,EQ-0027,2023-08-17,Inspection,,1.65,501.38,101.22,0.0,602.6,Low,Completed
MNT-000586,EQ-0003,2023-08-18,Corrective,Bearing Failure,6.68,1944.2,856.73,0.0,2800.93,High,Completed
MNT-000587,EQ-0019,2023-08-19,Corrective,Valve Failure,105.6,29328.31,15194.87,0.0,44523.18,Critical,Completed
MNT-000588,EQ-0040,2023-08-20,Preventive,,8.83,2030.52,482.74,0.0,2513.26,Medium,Completed
MNT-000589,EQ-0017,2023-08-22,Preventive,,10.65,4522.71,24245.97,0.0,28768.68,Medium,Completed
MNT-000590,EQ-0017,2023-08-22,Inspection,,2.08,837.83,4733.26,0.0,5571.09,Low,Completed
MNT-000591,EQ-0029,2023-08-22,Corrective,Valve Failure,35.84,14602.37,1086.14,17884.14,33572.65,High,Completed
MNT-000592,EQ-0040,2023-08-22,Corrective,Motor Overheating,58.16,18598.2,209.68,0.0,18807.88,Critical,Completed
MNT-000593,EQ-0041,2023-08-22,Preventive,,9.7,4194.79,4062.78,0.0,8257.57,Medium,Completed
MNT-000594,EQ-0016,2023-08-26,Corrective,Motor Overheating,24.51,8393.97,1641.63,51226.89,61262.49,High,Completed
MNT-000595,EQ-0045,2023-08-27,Corrective,Fuel System Fault,6.23,1429.08,2389.21,0.0,3818.29,High,Completed
MNT-000596,EQ-0027,2023-08-28,Corrective,Bearing Failure,35.14,10831.04,475.85,0.0,11306.89,High,Completed
MNT-000597,EQ-0037,2023-08-28,Corrective,Seal Leak,20.54,5539.42,251.9,10311.85,16103.17,High,Completed
MNT-000598,EQ-0043,2023-08-28,Preventive,,6.05,1555.57,651.9,0.0,2207.47,Medium,Completed
MNT-000599,EQ-0020,2023-08-31,Preventive,,4.35,1089.45,6613.96,0.0,7703.41,Medium,Completed
MNT-000600,EQ-0020,2023-08-31,Inspection,,2.76,696.11,2366.63,0.0,3062.74,Low,Completed
MNT-000601,EQ-0014,2023-09-01,Preventive,,5.16,1334.57,1251.65,0.0,2586.22,Medium,Completed
MNT-000602,EQ-0014,2023-09-01,Inspection,,2.84,670.3,0.0,0.0,670.3,Low,Completed
MNT-000603,EQ-0023,2023-09-02,Corrective,Gasket Failure,19.46,5833.33,1501.98,0.0,7335.31,High,Completed
MNT-000604,EQ-0009,2023-09-03,Preventive,,3.02,875.21,460.48,0.0,1335.69,Medium,Completed
MNT-000605,EQ-0017,2023-09-04,Corrective,Seal Leak,27.63,10302.08,820.3,8778.81,19901.19,High,Completed
MNT-000606,EQ-0019,2023-09-04,Corrective,Valve Failure,10.66,2388.92,14199.78,0.0,16588.7,High,Completed
MNT-000607,EQ-0045,2023-09-05,Preventive,,3.15,1062.38,2601.84,0.0,3664.22,Medium,Completed
MNT-000608,EQ-0003,2023-09-06,Corrective,Bearing Failure,18.11,5232.16,1892.31,0.0,7124.47,High,Completed
MNT-000609,EQ-0031,2023-09-06,Preventive,,4.25,953.76,5402.0,0.0,6355.76,Medium,Completed
MNT-000610,EQ-0004,2023-09-07,Corrective,Impeller Wear,8.42,1847.89,3200.21,0.0,5048.1,High,Completed
MNT-000611,EQ-0023,2023-09-07,Preventive,,9.02,2005.36,2002.64,3717.01,7725.01,Medium,Completed
MNT-000612,EQ-0040,2023-09-07,Corrective,Impeller Wear,7.38,1637.98,302.28,0.0,1940.26,High,Completed
MNT-000613,EQ-0019,2023-09-10,Preventive,,8.33,1965.21,287.22,0.0,2252.43,Medium,Completed
MNT-000614,EQ-0042,2023-09-10,Corrective,Excessive Vibration,16.01,7251.51,2239.94,0.0,9491.45,High,Completed
MNT-000615,EQ-0003,2023-09-11,Corrective,Motor Overheating,47.29,12346.87,232.75,0.0,12579.62,High,Completed
MNT-000616,EQ-0042,2023-09-11,Preventive,,4.51,2023.91,334.2,2294.57,4652.68,Medium,Completed
MNT-000617,EQ-0022,2023-09-13,Preventive,,6.05,1230.42,759.15,0.0,1989.57,Medium,Completed
MNT-000618,EQ-0040,2023-09-13,Corrective,Impeller Wear,15.26,3140.65,3497.05,0.0,6637.7,High,Completed
MNT-000619,EQ-0038,2023-09-16,Preventive,,11.1,2702.32,557.0,0.0,3259.32,Medium,Completed
MNT-000620,EQ-0031,2023-09-18,Corrective,Fouling,5.07,1151.73,14199.78,33685.54,49037.05,High,Completed
MNT-000621,EQ-0025,2023-09-19,Preventive,,7.76,1728.54,524.2,0.0,2252.74,Medium,Completed
MNT-000622,EQ-0025,2023-09-19,Inspection,,1.35,316.11,50.61,0.0,366.72,Low,Completed
MNT-000624,EQ-0013,2023-09-20,Preventive,,9.35,2389.91,303.66,0.0,2693.57,Medium,Completed
MNT-000625,EQ-0036,2023-09-20,Corrective,Pressure Fault,16.1,4939.02,227.91,0.0,5166.93,High,Completed
MNT-000626,EQ-0003,2023-09-23,Preventive,,8.5,1970.53,5417.04,0.0,7387.57,Medium,Completed
MNT-000627,EQ-0003,2023-09-23,Inspection,,1.95,515.89,0.0,5363.0,5878.89,Low,Completed
MNT-000628,EQ-0035,2023-09-25,Corrective,Tube Fouling,24.25,7522.86,879.81,0.0,8402.67,High,Completed
MNT-000629,EQ-0015,2023-09-26,Corrective,Motor Overheating,47.75,11335.98,113.52,0.0,11449.5,High,Completed
MNT-000630,EQ-0002,2023-09-27,Preventive,,5.82,1672.0,340.56,0.0,2012.56,Medium,Completed
MNT-000631,EQ-0002,2023-09-27,Inspection,,2.29,603.84,250.33,0.0,854.17,Low,Completed
MNT-000632,EQ-0039,2023-09-28,Corrective,Bearing Failure,11.56,3421.66,2096.99,12652.21,18170.86,High,Completed
MNT-000633,EQ-0029,2023-09-29,Corrective,Excessive Vibration,20.57,8009.67,12501.55,0.0,20511.22,High,Completed
MNT-000634,EQ-0032,2023-09-29,Preventive,,8.54,2296.87,6193.3,0.0,8490.17,Medium,Completed
MNT-000635,EQ-0032,2023-09-29,Inspection,,1.74,360.9,1653.49,0.0,2014.39,Low,Completed
MNT-000636,EQ-0016,2023-09-30,Preventive,,6.43,1435.44,325.35,0.0,1760.79,Medium,Completed
MNT-000637,EQ-0041,2023-09-30,Corrective,Valve Failure,34.04,11778.58,17980.18,0.0,29758.76,High,Completed
MNT-000638,EQ-0001,2023-10-02,Corrective,Motor Overheating,15.55,4518.44,542.08,12112.11,17172.63,High,Completed
MNT-000639,EQ-0010,2023-10-02,Preventive,,10.88,1733.25,6511.84,0.0,8245.09,Medium,Completed
MNT-000640,EQ-0039,2023-10-02,Preventive,,10.4,2363.39,733.88,0.0,3097.27,Medium,Completed
MNT-000641,EQ-0048,2023-10-02,Corrective,Corrosion Leak,17.72,5529.42,1722.96,0.0,7252.38,High,Completed
MNT-000642,EQ-0037,2023-10-04,Preventive,,8.59,1753.19,668.4,0.0,2421.59,Medium,Completed
MNT-000643,EQ-0044,2023-10-07,Preventive,,11.34,3146.02,564.32,0.0,3710.34,Medium,Completed
MNT-000644,EQ-0028,2023-10-08,Preventive,,8.24,2351.17,3819.3,0.0,6170.47,Medium,Completed
MNT-000645,EQ-0029,2023-10-09,Preventive,,9.66,2979.3,303.66,0.0,3282.96,Medium,Completed
MNT-000646,EQ-0001,2023-10-11,Preventive,,7.46,1797.57,1206.85,0.0,3004.42,Medium,Completed
MNT-000647,EQ-0001,2023-10-11,Inspection,,1.88,451.03,0.0,0.0,451.03,Low,Completed
MNT-000648,EQ-0028,2023-10-14,Corrective,Seal Leak,53.87,11540.93,209.68,5880.1,17630.71,Critical,Completed
MNT-000649,EQ-0034,2023-10-14,Preventive,,4.81,962.33,17534.58,0.0,18496.91,Medium,Completed
MNT-000650,EQ-0036,2023-10-14,Preventive,,7.24,2059.6,733.88,0.0,2793.48,Medium,Completed
MNT-000651,EQ-0036,2023-10-14,Inspection,,1.29,359.99,0.0,0.0,359.99,Low,Completed
MNT-000652,EQ-0020,2023-10-15,Corrective,Level Control Fault,28.15,5741.88,20782.26,0.0,26524.14,High,Completed
MNT-000653,EQ-0006,2023-10-16,Preventive,,12.94,6455.81,100.76,0.0,6556.57,Medium,Completed
MNT-000654,EQ-0006,2023-10-16,Inspection,,1.05,374.57,0.0,0.0,374.57,Low,Completed
MNT-000655,EQ-0026,2023-10-16,Preventive,,5.87,1483.84,5430.9,0.0,6914.74,Medium,Completed
MNT-000656,EQ-0038,2023-10-18,Corrective,Impeller Wear,18.16,5434.48,3819.3,6315.19,15568.97,High,Completed
MNT-000657,EQ-0011,2023-10-20,Preventive,,4.05,1217.5,564.32,6004.08,7785.9,Medium,Completed
MNT-000658,EQ-0005,2023-10-22,Preventive,,12.52,4838.41,186.2,0.0,5024.61,Medium,Completed
MNT-000659,EQ-0007,2023-10-23,Preventive,,9.2,2119.81,765.92,0.0,2885.73,Medium,Completed
MNT-000660,EQ-0007,2023-10-23,Inspection,,2.49,599.77,0.0,0.0,599.77,Low,Completed
MNT-000661,EQ-0024,2023-10-24,Preventive,,6.32,2022.81,6613.96,0.0,8636.77,Medium,Completed
MNT-000662,EQ-0004,2023-10-25,Corrective,Bearing Failure,8.55,1830.87,2569.63,19867.1,24267.6,High,Completed
MNT-000663,EQ-0006,2023-10-25,Corrective,Seal Leak,60.23,24901.05,7785.28,5674.04,38360.37,Critical,Completed
MNT-000664,EQ-0021,2023-10-29,Corrective,Fuel System Fault,21.24,6571.47,259.16,2252.17,9082.8,High,Completed
MNT-000665,EQ-0018,2023-10-30,Preventive,,7.38,3286.12,101.22,0.0,3387.34,Medium,Completed
MNT-000666,EQ-0028,2023-10-30,Corrective,Impeller Wear,24.96,6261.81,3233.36,8466.48,17961.65,High,Completed
MNT-000667,EQ-0014,2023-10-31,Corrective,Motor Overheating,20.74,5344.58,976.05,0.0,6320.63,High,Completed
MNT-000668,EQ-0004,2023-11-04,Preventive,,7.83,2440.23,4062.78,0.0,6503.01,Medium,Completed
MNT-000669,EQ-0004,2023-11-04,Inspection,,2.3,596.89,0.0,0.0,596.89,Low,Completed
MNT-000670,EQ-0025,2023-11-04,Corrective,Motor Overheating,17.01,4982.98,632.94,0.0,5615.92,High,Completed
MNT-000671,EQ-0002,2023-11-05,Corrective,Seal Leak,5.38,1284.66,856.73,0.0,2141.39,High,Completed
MNT-000672,EQ-0012,2023-11-07,Preventive,,4.75,1410.32,1752.31,0.0,3162.63,Medium,Completed
MNT-000673,EQ-0024,2023-11-07,Corrective,Flange Leak,20.5,7312.69,11409.98,0.0,18722.67,High,Completed
MNT-000674,EQ-0030,2023-11-08,Corrective,Valve Failure,78.62,35525.52,1810.3,7792.02,45127.84,Critical,Completed
MNT-000675,EQ-0041,2023-11-08,Corrective,Seal Leak,34.27,17863.75,1925.75,0.0,19789.5,High,Completed
MNT-000676,EQ-0018,2023-11-09,Corrective,Valve Failure,109.64,48029.84,7569.24,13560.13,69159.21,Critical,Completed
MNT-000677,EQ-0021,2023-11-09,Preventive,,7.91,2139.54,907.06,0.0,3046.6,Medium,Completed
MNT-000678,EQ-0021,2023-11-09,Inspection,,2.66,522.34,0.0,0.0,522.34,Low,Completed
MNT-000679,EQ-0006,2023-11-10,Corrective,Seal Leak,5.65,2492.1,4062.78,0.0,6554.88,High,Completed
MNT-000680,EQ-0048,2023-11-11,Preventive,,5.51,1277.87,1689.59,0.0,2967.46,Medium,Completed
MNT-000681,EQ-0048,2023-11-11,Inspection,,1.01,301.14,0.0,0.0,301.14,Low,Completed
MNT-000682,EQ-0009,2023-11-12,Corrective,Electrical Fault,5.36,1137.44,417.1,0.0,1554.54,High,Completed
MNT-000683,EQ-0015,2023-11-13,Corrective,Impeller Wear,8.89,2429.2,4453.93,0.0,6883.13,High,Completed
MNT-000684,EQ-0046,2023-11-14,Preventive,,5.85,911.47,838.72,0.0,1750.19,Medium,Completed
MNT-000685,EQ-0046,2023-11-14,Inspection,,1.17,195.52,2922.43,0.0,3117.95,Low,Completed
MNT-000686,EQ-0010,2023-11-15,Corrective,Actuator Failure,15.01,2526.56,14105.17,0.0,16631.73,High,Completed
MNT-000687,EQ-0030,2023-11-16,Preventive,,10.99,4125.41,222.8,0.0,4348.21,Medium,Completed
MNT-000688,EQ-0008,2023-11-17,Preventive,,5.86,1246.64,4699.68,0.0,5946.32,Medium,Completed
MNT-000689,EQ-0008,2023-11-17,Inspection,,1.99,601.24,783.28,0.0,1384.52,Low,Completed
MNT-000690,EQ-0047,2023-11-18,Preventive,,10.12,2709.6,3539.13,0.0,6248.73,Medium,Completed
MNT-000691,EQ-0033,2023-11-19,Preventive,,6.9,1667.25,101.22,1968.86,3737.33,Medium,Completed
MNT-000692,EQ-0033,2023-11-19,Inspection,,2.81,773.28,50.61,0.0,823.89,Low,Completed
MNT-000693,EQ-0016,2023-11-20,Corrective,Bearing Failure,13.28,3539.16,14482.4,17190.44,35212.0,High,Completed
MNT-000694,EQ-0041,2023-11-20,Preventive,,18.93,5855.12,23379.44,0.0,29234.56,Medium,Completed
MNT-000695,EQ-0041,2023-11-20,Inspection,,2.11,887.9,677.13,0.0,1565.03,Low,Completed
MNT-000696,EQ-0029,2023-11-22,Corrective,Valve Failure,17.61,7664.91,3486.41,0.0,11151.32,High,Completed
MNT-000697,EQ-0035,2023-11-23,Preventive,,5.18,1464.72,455.82,0.0,1920.54,Medium,Completed
MNT-000698,EQ-0015,2023-11-25,Preventive,,6.56,1625.17,139.65,0.0,1764.82,Medium,Completed
MNT-000699,EQ-0002,2023-11-28,Corrective,Seal Leak,18.57,6204.45,345.0,11980.83,18530.28,High,Completed
MNT-000700,EQ-0017,2023-11-29,Corrective,Overheating,47.27,20538.77,9466.52,14225.49,44230.78,High,Completed
MNT-000701,EQ-0027,2023-11-29,Preventive,,6.84,1533.12,1124.04,0.0,2657.16,Medium,Completed
MNT-000702,EQ-0027,2023-11-29,Inspection,,1.02,312.05,0.0,0.0,312.05,Low,Completed
MNT-000703,EQ-0011,2023-11-30,Corrective,Gasket Failure,34.92,9108.18,1033.15,0.0,10141.33,High,Completed
MNT-000704,EQ-0025,2023-12-02,Corrective,Impeller Wear,23.84,7342.88,3182.75,0.0,10525.63,High,Completed
MNT-000705,EQ-0019,2023-12-07,Preventive,,7.51,1766.66,6266.24,0.0,8032.9,Medium,Completed
MNT-000706,EQ-0031,2023-12-07,Preventive,,6.64,1670.71,6613.96,0.0,8284.67,Medium,Completed
MNT-000707,EQ-0031,2023-12-07,Inspection,,2.2,634.84,1653.49,0.0,2288.33,Low,Completed
MNT-000708,EQ-0023,2023-12-11,Preventive,,4.32,1275.74,574.44,0.0,1850.18,Medium,Completed
MNT-000709,EQ-0017,2023-12-12,Preventive,,9.76,4395.89,18933.04,0.0,23328.93,Medium,Completed
MNT-000710,EQ-0017,2023-12-12,Inspection,,2.7,1250.36,0.0,0.0,1250.36,Low,Completed
MNT-000711,EQ-0040,2023-12-14,Preventive,,9.21,2704.23,1354.26,0.0,4058.49,Medium,Completed
MNT-000712,EQ-0040,2023-12-14,Inspection,,1.17,300.61,0.0,0.0,300.61,Low,Completed
MNT-000713,EQ-0003,2023-12-15,Corrective,Seal Leak,17.35,4532.33,2523.08,0.0,7055.41,High,Completed
MNT-000714,EQ-0018,2023-12-16,Corrective,Excessive Vibration,36.17,20528.69,5310.66,0.0,25839.35,High,Completed
MNT-000715,EQ-0006,2023-12-17,Corrective,Excessive Vibration,87.0,34234.21,3938.72,5250.33,43423.26,Critical,Completed
MNT-000716,EQ-0013,2023-12-19,Preventive,,3.35,812.26,867.6,0.0,1679.86,Medium,Completed
MNT-000717,EQ-0013,2023-12-19,Inspection,,1.55,507.02,216.9,0.0,723.92,Low,Completed
MNT-000718,EQ-0002,2023-12-20,Corrective,Bearing Failure,11.63,2791.31,227.04,0.0,3018.35,High,Completed
MNT-000719,EQ-0043,2023-12-20,Preventive,,4.0,1405.98,7501.48,0.0,8907.46,Medium,Completed
MNT-000720,EQ-0020,2023-12-21,Preventive,,3.51,906.81,27709.68,0.0,28616.49,Medium,Completed
MNT-000721,EQ-0020,2023-12-21,Inspection,,1.76,484.67,0.0,0.0,484.67,Low,Completed
MNT-000722,EQ-0045,2023-12-25,Corrective,Electrical Fault,7.26,2307.89,222.8,12934.66,15465.35,High,Completed
MNT-000723,EQ-0003,2023-12-28,Preventive,,9.49,1984.6,2523.08,0.0,4507.68,Medium,Completed
MNT-000724,EQ-0003,2023-12-28,Inspection,,1.08,267.14,482.74,0.0,749.88,Low,Completed
MNT-000725,EQ-0016,2023-12-29,Preventive,,4.93,935.25,6853.84,0.0,7789.09,Medium,Completed
MNT-000726,EQ-0022,2023-12-31,Corrective,Seat Leakage,14.61,2305.7,14605.83,0.0,16911.53,High,Completed
MNT-000727,EQ-0014,2024-01-01,Preventive,,6.56,1253.06,93.1,0.0,1346.16,Medium,Completed
MNT-000728,EQ-0025,2024-01-02,Preventive,,9.84,3021.84,14482.4,0.0,17504.24,Medium,Completed
MNT-000729,EQ-0025,2024-01-02,Inspection,,2.37,874.66,636.55,0.0,1511.21,Low,Completed
MNT-000730,EQ-0022,2024-01-03,Preventive,,9.64,1612.78,11833.15,6425.63,19871.56,Medium,Completed
MNT-000731,EQ-0022,2024-01-03,Inspection,,2.67,461.59,0.0,0.0,461.59,Low,Completed
MNT-000732,EQ-0009,2024-01-04,Preventive,,6.34,1513.63,283.8,8247.49,10044.92,Medium,Completed
MNT-000733,EQ-0033,2024-01-04,Corrective,Electrical Fault,18.25,5776.41,557.0,12584.3,18917.71,High,Completed
MNT-000734,EQ-0039,2024-01-06,Corrective,Motor Overheating,22.55,5208.95,4586.98,0.0,9795.93,High,Completed
MNT-000735,EQ-0045,2024-01-06,Preventive,,3.94,960.07,1459.85,0.0,2419.92,Medium,Completed
MNT-000736,EQ-0045,2024-01-06,Inspection,,2.56,658.08,657.37,0.0,1315.45,Low,Completed
MNT-000737,EQ-0038,2024-01-07,Preventive,,5.29,1463.42,733.88,26310.8,28508.1,Medium,Completed
MNT-000738,EQ-0009,2024-01-08,Corrective,Overheating,4.39,1019.39,2334.92,0.0,3354.31,High,Completed
MNT-000739,EQ-0010,2024-01-08,Preventive,,5.77,1142.18,1448.22,0.0,2590.4,Medium,Completed
MNT-000740,EQ-0010,2024-01-08,Inspection,,1.15,229.3,0.0,0.0,229.3,Low,Completed
MNT-000741,EQ-0034,2024-01-08,Preventive,,4.66,667.11,18933.04,0.0,19600.15,Medium,Completed
MNT-000742,EQ-0042,2024-01-09,Preventive,,16.59,7617.21,1023.6,0.0,8640.81,Medium,Completed
MNT-000743,EQ-0030,2024-01-10,Corrective,Seal Leak,22.3,10693.85,2922.43,0.0,13616.28,High,Completed
MNT-000744,EQ-0002,2024-01-11,Preventive,,3.88,922.85,1261.54,0.0,2184.39,Medium,Completed
MNT-000745,EQ-0029,2024-01-11,Preventive,,8.59,3744.29,303.66,0.0,4047.95,Medium,Completed
MNT-000746,EQ-0029,2024-01-11,Inspection,,1.32,621.9,111.4,0.0,733.3,Low,Completed
MNT-000747,EQ-0039,2024-01-11,Corrective,Bearing Failure,9.52,2883.67,668.4,13467.0,17019.07,High,Completed
MNT-000748,EQ-0044,2024-01-12,Preventive,,8.24,1972.6,434.6,0.0,2407.2,Medium,Completed
MNT-000749,EQ-0044,2024-01-12,Inspection,,2.07,518.58,0.0,0.0,518.58,Low,Completed
MNT-000750,EQ-0011,2024-01-13,Preventive,,6.65,1545.7,1752.31,2544.66,5842.67,Medium,Completed
MNT-000751,EQ-0001,2024-01-14,Preventive,,5.07,1089.07,227.04,0.0,1316.11,Medium,Completed
MNT-000752,EQ-0028,2024-01-15,Preventive,,8.16,1502.23,222.8,0.0,1725.03,Medium,Completed
MNT-000753,EQ-0037,2024-01-19,Preventive,,6.26,1757.25,3819.3,0.0,5576.55,Medium,Completed
MNT-000754,EQ-0037,2024-01-19,Inspection,,1.28,338.34,187.34,0.0,525.68,Low,Completed
MNT-000755,EQ-0044,2024-01-19,Corrective,Valve Failure,12.37,2622.39,6075.4,0.0,8697.79,High,Completed
MNT-000756,EQ-0039,2024-01-20,Preventive,,7.73,2194.58,1311.38,0.0,3505.96,Medium,Completed
MNT-000757,EQ-0007,2024-01-22,Preventive,,3.74,791.56,3916.4,5427.06,10135.02,Medium,Completed
MNT-000758,EQ-0007,2024-01-22,Inspection,,1.93,566.47,0.0,0.0,566.47,Low,Completed
MNT-000759,EQ-0042,2024-01-22,Corrective,Overheating,17.41,7311.04,2031.39,0.0,9342.43,High,Completed
MNT-000760,EQ-0016,2024-01-23,Corrective,Bearing Failure,8.94,2162.58,2797.23,0.0,4959.81,High,Completed
MNT-000761,EQ-0026,2024-01-24,Preventive,,6.95,2012.11,4455.85,0.0,6467.96,Medium,Completed
MNT-000762,EQ-0026,2024-01-24,Inspection,,2.85,842.69,108.45,0.0,951.14,Low,Completed
MNT-000763,EQ-0015,2024-01-26,Corrective,Bearing Failure,5.9,1521.28,739.22,0.0,2260.5,High,Completed
MNT-000764,EQ-0024,2024-01-26,Corrective,Corrosion Leak,16.85,6558.75,1054.87,3621.79,11235.41,High,Completed
MNT-000765,EQ-0046,2024-01-28,Corrective,Actuator Failure,13.87,2206.76,524.2,2364.86,5095.82,High,Completed
MNT-000766,EQ-0012,2024-01-29,Corrective,Flange Leak,23.76,7411.32,5293.28,0.0,12704.6,High,Completed
MNT-000767,EQ-0032,2024-01-29,Preventive,,9.39,2547.98,543.25,0.0,3091.23,Medium,Completed
MNT-000768,EQ-0025,2024-02-04,Corrective,Impeller Wear,22.55,7120.96,9051.5,0.0,16172.46,High,Completed
MNT-000769,EQ-0024,2024-02-05,Preventive,,6.42,1838.34,765.92,0.0,2604.26,Medium,Completed
MNT-000770,EQ-0006,2024-02-09,Preventive,,9.73,4364.73,834.2,0.0,5198.93,Medium,Completed
MNT-000771,EQ-0036,2024-02-09,Preventive,,4.68,1548.51,733.88,0.0,2282.39,Medium,Completed
MNT-000772,EQ-0021,2024-02-10,Preventive,,8.2,2178.42,5837.3,0.0,8015.72,Medium,Completed
MNT-000773,EQ-0021,2024-02-11,Corrective,Electrical Fault,13.93,3210.96,460.48,0.0,3671.44,High,Completed
MNT-000774,EQ-0018,2024-02-19,Preventive,,11.54,4277.46,259.16,0.0,4536.62,Medium,Completed
MNT-000775,EQ-0048,2024-02-19,Preventive,,3.09,1228.34,1689.59,0.0,2917.93,Medium,Completed
MNT-000776,EQ-0020,2024-02-20,Corrective,Valve Failure,9.22,2950.29,6752.5,8823.64,18526.43,High,Completed
MNT-000777,EQ-0005,2024-02-21,Preventive,,13.04,4483.55,9767.76,0.0,14251.31,Medium,Completed
MNT-000778,EQ-0039,2024-02-21,Corrective,Motor Overheating,24.41,7299.14,374.68,0.0,7673.82,High,Completed
MNT-000779,EQ-0029,2024-02-23,Corrective,Excessive Vibration,15.09,7529.36,15057.75,0.0,22587.11,High,Completed
MNT-000780,EQ-0007,2024-02-25,Corrective,Fouling,30.34,9829.23,95.74,0.0,9924.97,High,Completed
MNT-000781,EQ-0035,2024-02-26,Preventive,,7.49,2282.09,682.36,0.0,2964.45,Medium,Completed
MNT-000782,EQ-0035,2024-02-26,Inspection,,2.62,688.49,151.94,0.0,840.43,Low,Completed
MNT-000783,EQ-0033,2024-02-28,Preventive,,6.42,1723.98,706.96,0.0,2430.94,Medium,Completed
MNT-000784,EQ-0004,2024-02-29,Preventive,,4.84,896.82,325.85,0.0,1222.67,Medium,Completed
MNT-000785,EQ-0014,2024-03-01,Corrective,Impeller Wear,15.73,2846.54,186.2,11339.88,14372.62,High,Completed
MNT-000786,EQ-0033,2024-03-01,Corrective,Electrical Fault,9.55,3089.25,2168.2,0.0,5257.45,High,Completed
MNT-000787,EQ-0018,2024-03-03,Corrective,Overheating,14.63,6672.29,14199.78,0.0,20872.07,High,Completed
MNT-000788,EQ-0030,2024-03-07,Preventive,,7.24,2990.23,388.74,0.0,3378.97,Medium,Completed
MNT-000789,EQ-0012,2024-03-08,Preventive,,6.23,2706.03,1206.85,0.0,3912.88,Medium,Completed
MNT-000790,EQ-0040,2024-03-08,Corrective,Bearing Failure,24.22,5595.35,965.48,0.0,6560.83,High,Completed
MNT-000791,EQ-0015,2024-03-10,Preventive,,4.06,998.69,5140.38,0.0,6139.07,Medium,Completed
MNT-000792,EQ-0015,2024-03-10,Inspection,,1.39,300.3,0.0,0.0,300.3,Low,Completed
MNT-000793,EQ-0040,2024-03-10,Preventive,,6.54,1514.81,2031.39,0.0,3546.2,Medium,Completed
MNT-000794,EQ-0040,2024-03-10,Inspection,,1.07,320.77,1354.26,0.0,1675.03,Low,Completed
MNT-000795,EQ-0046,2024-03-11,Preventive,,5.25,736.66,11395.72,0.0,12132.38,Medium,Completed
MNT-000796,EQ-0046,2024-03-11,Inspection,,1.11,254.36,0.0,0.0,254.36,Low,Completed
MNT-000797,EQ-0047,2024-03-12,Preventive,,7.28,2535.44,724.11,0.0,3259.55,Medium,Completed
MNT-000798,EQ-0047,2024-03-12,Inspection,,1.22,322.11,1238.66,0.0,1560.77,Low,Completed
MNT-000799,EQ-0044,2024-03-15,Corrective,Fouling,28.13,7049.01,6193.3,2032.34,15274.65,High,Completed
MNT-000800,EQ-0045,2024-03-15,Corrective,Electrical Fault,12.65,4157.93,3690.1,0.0,7848.03,High,Completed
MNT-000801,EQ-0043,2024-03-16,Preventive,,5.44,1587.7,423.24,4909.36,6920.3,Medium,Completed
MNT-000802,EQ-0008,2024-03-17,Preventive,,4.44,1097.44,13127.59,0.0,14225.03,Medium,Completed
MNT-000803,EQ-0008,2024-03-17,Inspection,,2.04,571.89,0.0,0.0,571.89,Low,Completed
MNT-000804,EQ-0019,2024-03-17,Corrective,Fouling,33.02,8263.24,17318.55,0.0,25581.79,High,Completed
MNT-000805,EQ-0028,2024-03-17,Corrective,Impeller Wear,13.02,2755.96,2119.33,10197.25,15072.54,High,Completed
MNT-000806,EQ-0041,2024-03-21,Preventive,,8.6,3134.41,1251.3,0.0,4385.71,Medium,Completed
MNT-000807,EQ-0027,2024-03-23,Preventive,,4.43,1114.48,253.05,0.0,1367.53,Medium,Completed
MNT-000808,EQ-0017,2024-03-24,Preventive,,12.77,5400.65,18933.04,0.0,24333.69,Medium,Completed
MNT-000809,EQ-0017,2024-03-24,Inspection,,2.55,1064.54,259.16,0.0,1323.7,Low,Completed
MNT-000810,EQ-0023,2024-03-24,Preventive,,6.16,1790.1,867.6,0.0,2657.7,Medium,Completed
MNT-000811,EQ-0025,2024-03-27,Preventive,,5.76,1748.23,557.0,20253.44,22558.67,Medium,Completed
MNT-000812,EQ-0031,2024-03-27,Preventive,,4.68,1332.81,14612.15,0.0,15944.96,Medium,Completed
MNT-000813,EQ-0044,2024-03-27,Corrective,Fouling,54.93,17156.07,12923.12,0.0,30079.19,Critical,Completed
MNT-000814,EQ-0014,2024-03-28,Preventive,,6.73,1562.47,202.44,0.0,1764.91,Medium,Completed
MNT-000815,EQ-0014,2024-03-28,Inspection,,2.39,619.32,216.9,0.0,836.22,Low,Completed
MNT-000816,EQ-0030,2024-03-28,Corrective,Overheating,42.09,16500.88,14612.15,10655.56,41768.59,High,Completed
MNT-000817,EQ-0036,2024-03-31,Corrective,Pressure Fault,5.65,1744.43,389.92,0.0,2134.35,High,Completed
MNT-000818,EQ-0045,2024-04-02,Corrective,Overheating,12.33,2808.64,100.76,5790.78,8700.18,High,Completed
MNT-000819,EQ-0048,2024-04-02,Corrective,Flange Leak,23.18,8001.95,1124.04,6740.33,15866.32,High,Completed
MNT-000820,EQ-0027,2024-04-03,Corrective,Motor Overheating,24.82,6396.49,11530.2,9101.59,27028.28,High,Completed
MNT-000821,EQ-0040,2024-04-04,Corrective,Impeller Wear,10.04,2393.39,3385.65,0.0,5779.04,High,Completed
MNT-000822,EQ-0003,2024-04-05,Preventive,,7.67,1963.91,151.14,0.0,2115.05,Medium,Completed
MNT-000823,EQ-0003,2024-04-05,Inspection,,2.96,646.13,1261.54,0.0,1907.67,Low,Completed
MNT-000824,EQ-0019,2024-04-05,Preventive,,5.72,1331.06,6927.42,0.0,8258.48,Medium,Completed
MNT-000825,EQ-0019,2024-04-05,Inspection,,2.08,552.87,0.0,0.0,552.87,Low,Completed
MNT-000826,EQ-0030,2024-04-07,Corrective,Valve Failure,24.98,11605.96,11689.72,0.0,23295.68,High,Completed
MNT-000827,EQ-0003,2024-04-08,Corrective,Seal Leak,47.97,12550.11,1501.98,0.0,14052.09,High,Completed
MNT-000828,EQ-0013,2024-04-08,Preventive,,6.75,1648.64,5430.9,0.0,7079.54,Medium,Completed
MNT-000829,EQ-0013,2024-04-08,Inspection,,2.53,583.93,216.9,0.0,800.83,Low,Completed
MNT-000830,EQ-0010,2024-04-10,Preventive,,4.26,551.28,750.99,0.0,1302.27,Medium,Completed
MNT-000831,EQ-0010,2024-04-10,Inspection,,1.53,315.4,500.66,0.0,816.06,Low,Completed
MNT-000832,EQ-0018,2024-04-10,Corrective,Seal Leak,36.07,17876.91,340.56,0.0,18217.47,High,Completed
MNT-000833,EQ-0030,2024-04-10,Corrective,Overheating,15.62,8259.37,15260.05,28187.12,51706.54,High,Completed
MNT-000834,EQ-0040,2024-04-11,Corrective,Seal Leak,13.48,4044.22,724.11,0.0,4768.33,High,Completed
MNT-000835,EQ-0042,2024-04-11,Preventive,,10.43,4273.23,2708.52,0.0,6981.75,Medium,Completed
MNT-000836,EQ-0001,2024-04-13,Preventive,,3.31,647.24,4415.39,2151.56,7214.19,Medium,Completed
MNT-000837,EQ-0001,2024-04-13,Inspection,,1.39,359.66,241.37,0.0,601.03,Low,Completed
MNT-000838,EQ-0005,2024-04-13,Corrective,Excessive Vibration,20.55,7932.63,1354.64,0.0,9287.27,High,Completed
MNT-000839,EQ-0037,2024-04-13,Corrective,Bearing Failure,22.57,4722.03,251.9,9071.23,14045.16,High,Completed
MNT-000840,EQ-0038,2024-04-13,Preventive,,3.96,1076.19,2708.52,0.0,3784.71,Medium,Completed
MNT-000841,EQ-0009,2024-04-14,Corrective,Fuel System Fault,50.84,13453.18,5837.3,15990.7,35281.18,Critical,Completed
MNT-000842,EQ-0016,2024-04-15,Preventive,,5.39,1418.81,4283.65,0.0,5702.46,Medium,Completed
MNT-000843,EQ-0016,2024-04-15,Inspection,,1.81,496.63,93.1,0.0,589.73,Low,Completed
MNT-000844,EQ-0020,2024-04-17,Preventive,,5.96,1592.85,531.79,0.0,2124.64,Medium,Completed
MNT-000845,EQ-0044,2024-04-17,Preventive,,9.57,2569.8,5898.55,0.0,8468.35,Medium,Completed
MNT-000846,EQ-0044,2024-04-17,Inspection,,2.71,629.78,2922.43,0.0,3552.21,Low,Completed
MNT-000847,EQ-0009,2024-04-19,Preventive,,6.35,1689.87,417.1,0.0,2106.97,Medium,Completed
MNT-000848,EQ-0009,2024-04-19,Inspection,,2.55,733.22,230.24,0.0,963.46,Low,Completed
MNT-000849,EQ-0011,2024-04-20,Preventive,,5.53,1695.61,493.78,0.0,2189.39,Medium,Completed
MNT-000850,EQ-0029,2024-04-20,Preventive,,11.01,5448.27,4733.26,0.0,10181.53,Medium,Completed
MNT-000851,EQ-0007,2024-04-21,Preventive,,4.98,1394.95,4699.68,0.0,6094.63,Medium,Completed
MNT-000852,EQ-0039,2024-04-23,Preventive,,10.24,2687.63,445.6,3953.26,7086.49,Medium,Completed
MNT-000853,EQ-0039,2024-04-23,Inspection,,1.3,426.04,0.0,0.0,426.04,Low,Completed
MNT-000854,EQ-0019,2024-04-24,Corrective,Valve Failure,21.58,5689.58,6613.96,0.0,12303.54,High,Completed
MNT-000855,EQ-0005,2024-04-27,Corrective,Excessive Vibration,38.26,15080.64,186.2,0.0,15266.84,High,Completed
MNT-000856,EQ-0032,2024-04-27,Preventive,,9.71,2851.15,16566.41,0.0,19417.56,Medium,Completed
MNT-000857,EQ-0032,2024-04-27,Inspection,,2.16,554.86,0.0,0.0,554.86,Low,Completed
MNT-000858,EQ-0019,2024-04-29,Corrective,Level Control Fault,4.64,932.51,20782.26,0.0,21714.77,High,Completed
MNT-000859,EQ-0028,2024-04-29,Preventive,,4.91,1064.64,202.44,0.0,1267.08,Medium,Completed
MNT-000860,EQ-0022,2024-05-01,Preventive,,3.62,632.68,750.99,0.0,1383.67,Medium,Completed
MNT-000861,EQ-0034,2024-05-01,Preventive,,5.88,747.9,629.04,0.0,1376.94,Medium,Completed
MNT-000862,EQ-0034,2024-05-01,Inspection,,1.33,229.78,0.0,0.0,229.78,Low,Completed
MNT-000863,EQ-0032,2024-05-02,Corrective,Fouling,18.75,5912.48,434.6,0.0,6347.08,High,Completed
MNT-000864,EQ-0032,2024-05-04,Corrective,Valve Failure,15.0,3917.22,5178.32,0.0,9095.54,High,Completed
MNT-000865,EQ-0036,2024-05-04,Preventive,,3.99,1655.88,682.36,0.0,2338.24,Medium,Completed
MNT-000866,EQ-0015,2024-05-05,Corrective,Bearing Failure,30.2,7878.67,934.43,0.0,8813.1,High,Completed
MNT-000867,EQ-0016,2024-05-07,Corrective,Motor Overheating,60.66,17997.94,6932.88,0.0,24930.82,Critical,Completed
MNT-000868,EQ-0037,2024-05-07,Corrective,Seal Leak,7.15,1826.81,3385.65,0.0,5212.46,High,Completed
MNT-000869,EQ-0045,2024-05-07,Preventive,,6.73,1292.42,4267.9,0.0,5560.32,Medium,Completed
MNT-000870,EQ-0045,2024-05-07,Inspection,,2.43,726.82,176.74,0.0,903.56,Low,Completed
MNT-000871,EQ-0026,2024-05-08,Preventive,,8.23,1972.28,936.7,0.0,2908.98,Medium,Completed
MNT-000872,EQ-0006,2024-05-09,Preventive,,10.95,4074.39,4283.65,0.0,8358.04,Medium,Completed
MNT-000873,EQ-0006,2024-05-09,Inspection,,1.42,557.09,0.0,0.0,557.09,Low,Completed
MNT-000874,EQ-0021,2024-05-09,Preventive,,5.73,1762.94,303.66,0.0,2066.6,Medium,Completed
MNT-000875,EQ-0002,2024-05-11,Preventive,,7.56,1679.96,1448.22,0.0,3128.18,Medium,Completed
MNT-000876,EQ-0002,2024-05-11,Inspection,,1.69,472.5,0.0,0.0,472.5,Low,Completed
MNT-000877,EQ-0005,2024-05-15,Corrective,Overheating,14.82,7588.17,7501.48,0.0,15089.65,High,Completed
MNT-000878,EQ-0037,2024-05-16,Preventive,,5.97,1561.91,334.2,0.0,1896.11,Medium,Completed
MNT-000879,EQ-0015,2024-05-17,Corrective,Motor Overheating,5.81,1888.97,9108.26,19105.45,30102.68,High,Completed
MNT-000880,EQ-0020,2024-05-17,Corrective,Valve Failure,20.8,4348.33,24245.97,16509.42,45103.72,High,Completed
MNT-000881,EQ-0031,2024-05-18,Corrective,Level Control Fault,15.14,3770.81,1653.49,0.0,5424.3,High,Completed
MNT-000882,EQ-0005,2024-05-19,Preventive,,9.17,3861.1,1354.26,0.0,5215.36,Medium,Completed
MNT-000883,EQ-0005,2024-05-19,Inspection,,1.46,560.35,0.0,0.0,560.35,Low,Completed
MNT-000884,EQ-0016,2024-05-20,Corrective,Bearing Failure,8.97,2316.08,56.76,0.0,2372.84,High,Completed
MNT-000885,EQ-0038,2024-05-22,Corrective,Motor Overheating,24.59,5256.37,445.6,0.0,5701.97,High,Completed
MNT-000886,EQ-0041,2024-05-22,Corrective,Seal Leak,19.04,7910.28,834.2,0.0,8744.48,High,Completed
MNT-000887,EQ-0033,2024-05-23,Preventive,,5.99,1797.13,388.74,0.0,2185.87,Medium,Completed
MNT-000888,EQ-0033,2024-05-23,Inspection,,2.02,458.29,129.58,0.0,587.87,Low,Completed
MNT-000889,EQ-0024,2024-05-25,Preventive,,7.98,2055.13,433.8,0.0,2488.93,Medium,Completed
MNT-000890,EQ-0024,2024-05-25,Inspection,,2.71,1034.59,0.0,0.0,1034.59,Low,Completed
MNT-000891,EQ-0038,2024-05-25,Corrective,Seal Leak,16.1,4113.7,151.14,67923.54,72188.38,High,Completed
MNT-000892,EQ-0026,2024-05-28,Corrective,Impeller Wear,11.19,4203.11,374.63,8058.2,12635.94,High,Completed
MNT-000893,EQ-0039,2024-05-28,Corrective,Impeller Wear,12.1,3201.53,1448.22,0.0,4649.75,High,Completed
MNT-000894,EQ-0028,2024-06-02,Corrective,Impeller Wear,39.51,7838.55,940.21,0.0,8778.76,High,Completed
MNT-000895,EQ-0004,2024-06-05,Preventive,,6.46,1388.17,1251.65,0.0,2639.82,Medium,Completed
MNT-000896,EQ-0004,2024-06-05,Inspection,,2.75,792.53,0.0,0.0,792.53,Low,Completed
MNT-000897,EQ-0023,2024-06-10,Corrective,Gasket Failure,18.01,5425.42,108.45,10199.47,15733.34,High,Completed
MNT-000898,EQ-0025,2024-06-11,Corrective,Impeller Wear,14.58,3940.2,321.08,0.0,4261.28,High,Completed
MNT-000899,EQ-0035,2024-06-11,Preventive,,5.9,1601.03,11574.43,0.0,13175.46,Medium,Completed
MNT-000900,EQ-0039,2024-06-11,Corrective,Seal Leak,14.97,4055.71,411.2,0.0,4466.91,High,Completed
MNT-000901,EQ-0040,2024-06-11,Corrective,Motor Overheating,15.21,3674.36,482.74,9029.39,13186.49,High,Completed
MNT-000902,EQ-0008,2024-06-21,Preventive,,8.58,2473.36,4718.84,0.0,7192.2,Medium,Completed
MNT-000903,EQ-0018,2024-06-22,Preventive,,12.72,5952.62,9466.52,0.0,15419.14,Medium,Completed
MNT-000904,EQ-0047,2024-06-22,Preventive,,6.31,1548.22,936.7,0.0,2484.92,Medium,Completed
MNT-000905,EQ-0048,2024-06-22,Preventive,,6.52,2897.0,869.2,0.0,3766.2,Medium,Completed
MNT-000906,EQ-0037,2024-06-23,Corrective,Bearing Failure,18.69,4518.26,374.68,0.0,4892.94,High,Completed
MNT-000907,EQ-0029,2024-06-27,Corrective,Valve Failure,36.92,14181.84,3819.3,0.0,18001.14,High,Completed
MNT-000908,EQ-0030,2024-06-28,Corrective,Valve Failure,41.52,22486.19,1060.44,0.0,23546.63,High,Completed
MNT-000909,EQ-0003,2024-07-02,Corrective,Seal Leak,23.26,7678.65,2523.08,11420.54,21622.27,High,Completed
MNT-000910,EQ-0042,2024-07-02,Corrective,Seal Leak,16.28,7021.16,557.0,0.0,7578.16,High,Completed
MNT-000911,EQ-0015,2024-07-03,Corrective,Motor Overheating,20.08,4504.73,1565.2,0.0,6069.93,High,Completed
MNT-000912,EQ-0048,2024-07-04,Corrective,Flange Leak,14.72,4977.19,5280.59,0.0,10257.78,High,Completed
MNT-000913,EQ-0019,2024-07-05,Preventive,,6.95,1719.62,287.22,0.0,2006.84,Medium,Completed
MNT-000914,EQ-0031,2024-07-06,Preventive,,6.21,1714.45,11689.72,0.0,13404.17,Medium,Completed
MNT-000915,EQ-0040,2024-07-06,Preventive,,8.83,2775.41,749.36,0.0,3524.77,Medium,Completed
MNT-000916,EQ-0003,2024-07-08,Preventive,,6.04,1417.94,340.56,0.0,1758.5,Medium,Completed
MNT-000917,EQ-0006,2024-07-08,Corrective,Excessive Vibration,12.09,4631.36,11924.42,12628.03,29183.81,High,Completed
MNT-000918,EQ-0038,2024-07-08,Preventive,,6.33,1949.37,965.48,0.0,2914.85,Medium,Completed
MNT-000919,EQ-0038,2024-07-08,Inspection,,2.72,586.83,0.0,0.0,586.83,Low,Completed
MNT-000920,EQ-0030,2024-07-09,Preventive,,6.14,2909.53,11689.72,0.0,14599.25,Medium,Completed
MNT-000921,EQ-0009,2024-07-10,Corrective,Overheating,15.02,3205.72,93.1,0.0,3298.82,High,Completed
MNT-000922,EQ-0012,2024-07-10,Preventive,,6.16,1992.14,8257.97,0.0,10250.11,Medium,Completed
MNT-000923,EQ-0015,2024-07-10,Preventive,,6.27,1591.55,372.4,0.0,1963.95,Medium,Completed
MNT-000924,EQ-0021,2024-07-12,Corrective,Electrical Fault,34.86,6813.56,2047.2,0.0,8860.76,High,Completed
MNT-000925,EQ-0046,2024-07-13,Preventive,,5.1,787.92,374.68,0.0,1162.6,Medium,Completed
MNT-000926,EQ-0046,2024-07-13,Inspection,,2.18,329.9,0.0,0.0,329.9,Low,Completed
MNT-000927,EQ-0015,2024-07-14,Corrective,Motor Overheating,30.68,7201.03,46.55,0.0,7247.58,High,Completed
MNT-000928,EQ-0023,2024-07-15,Preventive,,4.19,965.92,759.15,0.0,1725.07,Medium,Completed
MNT-000929,EQ-0042,2024-07-15,Preventive,,12.53,6610.4,445.6,0.0,7056.0,Medium,Completed
MNT-000930,EQ-0041,2024-07-16,Preventive,,6.53,4388.35,403.04,0.0,4791.39,Medium,Completed
MNT-000931,EQ-0029,2024-07-17,Preventive,,9.37,4028.5,5844.86,0.0,9873.36,Medium,Completed
MNT-000932,EQ-0029,2024-07-17,Inspection,,1.15,597.41,259.16,0.0,856.57,Low,Completed
MNT-000933,EQ-0043,2024-07-17,Preventive,,6.48,1548.01,13127.59,0.0,14675.6,Medium,Completed
MNT-000934,EQ-0031,2024-07-18,Corrective,Fouling,88.99,21449.37,455.82,0.0,21905.19,Critical,Completed
MNT-000935,EQ-0021,2024-07-19,Corrective,Fuel System Fault,95.06,21946.94,253.05,0.0,22199.99,Critical,Completed
MNT-000936,EQ-0010,2024-07-21,Preventive,,5.0,989.07,17318.55,0.0,18307.62,Medium,Completed
MNT-000937,EQ-0010,2024-07-21,Corrective,Stuck Valve,9.5,1895.15,3705.08,0.0,5600.23,High,Completed
MNT-000938,EQ-0017,2024-07-23,Preventive,,12.36,4932.47,10861.8,0.0,15794.27,Medium,Completed
MNT-000939,EQ-0017,2024-07-23,Inspection,,2.4,1131.94,0.0,0.0,1131.94,Low,Completed
MNT-000940,EQ-0013,2024-07-24,Corrective,Motor Overheating,50.71,13697.96,934.46,6419.46,21051.88,Critical,Completed
MNT-000941,EQ-0027,2024-07-24,Preventive,,14.08,3356.87,419.36,0.0,3776.23,Medium,Completed
MNT-000942,EQ-0027,2024-07-24,Inspection,,2.18,531.54,0.0,0.0,531.54,Low,Completed
MNT-000943,EQ-0041,2024-07-24,Corrective,Overheating,68.84,30307.65,8127.13,9650.79,48085.57,Critical,Completed
MNT-000944,EQ-0002,2024-07-25,Corrective,Seal Leak,3.7,912.14,56.76,0.0,968.9,High,Completed
MNT-000945,EQ-0040,2024-07-25,Corrective,Impeller Wear,20.4,4597.58,4062.78,30232.1,38892.46,High,Completed
MNT-000946,EQ-0020,2024-07-26,Preventive,,7.09,1689.93,670.18,0.0,2360.11,Medium,Completed
MNT-000947,EQ-0020,2024-07-26,Inspection,,1.42,326.91,1566.56,0.0,1893.47,Low,Completed
MNT-000948,EQ-0045,2024-07-26,Corrective,Electrical Fault,13.97,2927.09,1734.56,7038.53,11700.18,High,Completed
MNT-000949,EQ-0001,2024-07-27,Preventive,,6.44,1606.11,4415.39,0.0,6021.5,Medium,Completed
MNT-000950,EQ-0018,2024-07-27,Corrective,Overheating,27.14,8242.83,9517.13,0.0,17759.96,High,Completed
MNT-000951,EQ-0014,2024-07-28,Preventive,,5.69,1413.25,151.83,0.0,1565.08,Medium,Completed
MNT-000952,EQ-0014,2024-07-28,Inspection,,2.5,584.04,108.45,0.0,692.49,Low,Completed
MNT-000953,EQ-0025,2024-07-28,Preventive,,7.01,1580.7,524.2,0.0,2104.9,Medium,Completed
MNT-000954,EQ-0025,2024-07-28,Inspection,,2.33,819.31,0.0,0.0,819.31,Low,Completed
MNT-000955,EQ-0031,2024-07-29,Corrective,Level Control Fault,28.21,6976.35,5986.88,7346.87,20310.1,High,Completed
MNT-000956,EQ-0028,2024-07-30,Preventive,,5.77,1346.21,668.4,0.0,2014.61,Medium,Completed
MNT-000957,EQ-0009,2024-07-31,Preventive,,4.04,1060.4,1251.3,0.0,2311.7,Medium,Completed
MNT-000958,EQ-0040,2024-07-31,Corrective,Impeller Wear,59.16,16403.76,2848.48,3807.94,23060.18,Critical,Completed
MNT-000959,EQ-0011,2024-08-01,Preventive,,5.94,1605.97,2359.42,0.0,3965.39,Medium,Completed
MNT-000960,EQ-0011,2024-08-01,Inspection,,2.42,589.4,141.08,0.0,730.48,Low,Completed
MNT-000961,EQ-0045,2024-08-01,Preventive,,4.2,1317.18,1459.85,0.0,2777.03,Medium,Completed
MNT-000962,EQ-0045,2024-08-01,Inspection,,1.18,346.61,0.0,6224.45,6571.06,Low,Completed
MNT-000963,EQ-0011,2024-08-02,Corrective,Gasket Failure,98.13,23063.63,574.44,0.0,23638.07,Critical,Completed
MNT-000964,EQ-0013,2024-08-02,Preventive,,8.21,2009.09,1892.31,0.0,3901.4,Medium,Completed
MNT-000965,EQ-0044,2024-08-02,Preventive,,6.12,1217.15,5626.11,0.0,6843.26,Medium,Completed
MNT-000966,EQ-0044,2024-08-02,Inspection,,2.18,663.12,141.08,0.0,804.2,Low,Completed
MNT-000967,EQ-0002,2024-08-03,Corrective,Bearing Failure,11.76,2312.63,2054.02,0.0,4366.65,High,Completed
MNT-000968,EQ-0005,2024-08-03,Corrective,Valve Failure,69.47,26391.51,392.82,0.0,26784.33,Critical,Completed
MNT-000969,EQ-0016,2024-08-03,Preventive,,3.55,892.91,216.9,0.0,1109.81,Medium,Completed
MNT-000970,EQ-0016,2024-08-03,Inspection,,1.18,245.99,856.73,0.0,1102.72,Low,Completed
MNT-000971,EQ-0028,2024-08-05,Corrective,Impeller Wear,9.08,2201.65,970.75,0.0,3172.4,High,Completed
MNT-000972,EQ-0002,2024-08-06,Corrective,Impeller Wear,24.26,6780.81,1034.79,15641.65,23457.25,High,Completed
MNT-000973,EQ-0039,2024-08-07,Preventive,,7.83,1923.13,314.52,0.0,2237.65,Medium,Completed
MNT-000974,EQ-0032,2024-08-09,Preventive,,6.22,1938.79,5402.0,0.0,7340.79,Medium,Completed
MNT-000975,EQ-0032,2024-08-09,Inspection,,2.75,939.5,1350.5,0.0,2290.0,Low,Completed
MNT-000976,EQ-0022,2024-08-10,Preventive,,3.44,584.03,20782.26,0.0,21366.29,Medium,Completed
MNT-000977,EQ-0022,2024-08-11,Corrective,Actuator Failure,9.51,1407.01,18570.2,0.0,19977.21,High,Completed
MNT-000978,EQ-0034,2024-08-15,Preventive,,6.42,1254.21,733.88,0.0,1988.09,Medium,Completed
MNT-000979,EQ-0040,2024-08-15,Corrective,Motor Overheating,14.26,3065.03,4377.3,0.0,7442.33,High,Completed
MNT-000980,EQ-0036,2024-08-16,Corrective,Pressure Fault,45.71,13016.12,629.04,5530.53,19175.69,High,Completed
MNT-000981,EQ-0025,2024-08-18,Corrective,Impeller Wear,21.24,5188.61,5532.12,0.0,10720.73,High,Completed
MNT-000982,EQ-0037,2024-08-18,Preventive,,6.31,1533.7,3819.3,0.0,5353.0,Medium,Completed
MNT-000983,EQ-0037,2024-08-18,Inspection,,2.46,616.13,0.0,0.0,616.13,Low,Completed
MNT-000984,EQ-0007,2024-08-20,Preventive,,6.14,1383.93,2359.42,0.0,3743.35,Medium,Completed
MNT-000985,EQ-0014,2024-08-22,Corrective,Motor Overheating,16.77,5217.75,9051.5,0.0,14269.25,High,Completed
MNT-000986,EQ-0042,2024-08-22,Corrective,Excessive Vibration,21.53,7967.0,511.8,7046.45,15525.25,High,Completed
MNT-000987,EQ-0002,2024-08-23,Preventive,,7.42,2084.58,750.99,0.0,2835.57,Medium,Completed
MNT-000988,EQ-0006,2024-08-23,Preventive,,9.64,4147.64,24245.97,0.0,28393.61,Medium,Completed
MNT-000989,EQ-0006,2024-08-23,Inspection,,1.1,357.64,0.0,0.0,357.64,Low,Completed
MNT-000990,EQ-0027,2024-08-25,Corrective,Impeller Wear,35.08,8782.78,4042.1,6971.77,19796.65,High,Completed
MNT-000991,EQ-0002,2024-08-26,Corrective,Motor Overheating,3.87,932.55,2390.59,0.0,3323.14,High,Completed
MNT-000992,EQ-0004,2024-08-27,Corrective,Impeller Wear,62.1,15403.98,750.99,6224.64,22379.61,Critical,Completed
MNT-000993,EQ-0026,2024-08-28,Preventive,,6.01,1243.18,1311.38,0.0,2554.56,Medium,Completed
MNT-000994,EQ-0026,2024-08-28,Inspection,,1.31,340.87,0.0,0.0,340.87,Low,Completed
MNT-000995,EQ-0036,2024-08-29,Preventive,,5.43,1548.54,629.04,0.0,2177.58,Medium,Completed
MNT-000996,EQ-0002,2024-08-31,Corrective,Impeller Wear,16.6,5620.55,4637.3,26713.24,36971.09,High,Completed
MNT-000997,EQ-0004,2024-09-03,Preventive,,4.45,1196.8,340.56,0.0,1537.36,Medium,Completed
MNT-000998,EQ-0004,2024-09-03,Inspection,,2.11,514.23,250.33,0.0,764.56,Low,Completed
MNT-000999,EQ-0021,2024-09-03,Preventive,,4.67,1239.55,2047.2,0.0,3286.75,Medium,Completed
MNT-001000,EQ-0018,2024-09-04,Corrective,Excessive Vibration,7.19,3055.93,253.05,0.0,3308.98,High,Completed
MNT-001001,EQ-0024,2024-09-04,Corrective,Corrosion Leak,15.65,5189.52,75.97,11371.19,16636.68,High,Completed
MNT-001002,EQ-0042,2024-09-05,Corrective,Overheating,65.67,29215.37,8139.8,0.0,37355.17,Critical,Completed
MNT-001003,EQ-0005,2024-09-08,Preventive,,7.22,3744.14,2708.52,0.0,6452.66,Medium,Completed
MNT-001004,EQ-0014,2024-09-08,Corrective,Impeller Wear,18.88,6438.76,11621.69,0.0,18060.45,High,Completed
MNT-001005,EQ-0016,2024-09-09,Corrective,Seal Leak,26.93,8375.63,2262.86,0.0,10638.49,High,Completed
MNT-001006,EQ-0021,2024-09-10,Corrective,Overheating,7.7,1492.37,5037.78,0.0,6530.15,High,Completed
MNT-001007,EQ-0025,2024-09-11,Corrective,Impeller Wear,21.62,4804.35,101.22,0.0,4905.57,High,Completed
MNT-001008,EQ-0033,2024-09-12,Preventive,,5.41,1571.75,2168.2,0.0,3739.95,Medium,Completed
MNT-001009,EQ-0033,2024-09-12,Inspection,,1.83,461.22,609.7,0.0,1070.92,Low,Completed
MNT-001010,EQ-0024,2024-09-15,Preventive,,6.18,1858.52,216.9,0.0,2075.42,Medium,Completed
MNT-001011,EQ-0045,2024-09-15,Corrective,Fuel System Fault,14.73,3562.23,100.76,0.0,3662.99,High,Completed
MNT-001012,EQ-0005,2024-09-18,Corrective,Seal Leak,41.71,22426.29,904.95,0.0,23331.24,High,Completed
MNT-001013,EQ-0026,2024-09-24,Corrective,Bearing Failure,22.08,5695.15,2229.66,12225.47,20150.28,High,Completed
MNT-001014,EQ-0039,2024-09-24,Corrective,Impeller Wear,3.63,1205.67,2021.05,0.0,3226.72,High,Completed
MNT-001015,EQ-0025,2024-09-25,Corrective,Seal Leak,17.16,4021.51,668.4,0.0,4689.91,High,Completed
MNT-001016,EQ-0046,2024-09-26,Corrective,Stuck Valve,4.23,835.34,2593.44,7533.14,10961.92,High,Completed
MNT-001017,EQ-0001,2024-09-28,Corrective,Impeller Wear,40.7,10863.95,766.54,0.0,11630.49,High,Completed
MNT-001018,EQ-0018,2024-10-01,Preventive,,10.87,4371.77,388.74,0.0,4760.51,Medium,Completed
MNT-001019,EQ-0018,2024-10-01,Inspection,,1.95,1015.22,0.0,0.0,1015.22,Low,Completed
MNT-001020,EQ-0040,2024-10-01,Preventive,,4.93,1458.54,629.04,0.0,2087.58,Medium,Completed
MNT-001021,EQ-0031,2024-10-02,Preventive,,5.13,1155.3,194.96,0.0,1350.26,Medium,Completed
MNT-001022,EQ-0035,2024-10-03,Preventive,,5.45,1106.14,10804.0,0.0,11910.14,Medium,Completed
MNT-001023,EQ-0023,2024-10-04,Corrective,Gasket Failure,14.5,3342.09,433.8,12358.26,16134.15,High,Completed
MNT-001024,EQ-0015,2024-10-06,Preventive,,8.46,2187.28,4415.39,0.0,6602.67,Medium,Completed
MNT-001025,EQ-0008,2024-10-08,Preventive,,6.88,1468.9,574.44,0.0,2043.34,Medium,Completed
MNT-001026,EQ-0008,2024-10-08,Inspection,,1.67,438.66,0.0,0.0,438.66,Low,Completed
MNT-001027,EQ-0047,2024-10-08,Preventive,,4.02,832.53,325.95,0.0,1158.48,Medium,Completed
MNT-001028,EQ-0005,2024-10-10,Corrective,Seal Leak,85.22,41052.04,410.07,0.0,41462.11,Critical,Completed
MNT-001029,EQ-0012,2024-10-11,Preventive,,2.8,991.84,724.11,0.0,1715.95,Medium,Completed
MNT-001030,EQ-0041,2024-10-11,Preventive,,6.58,2908.44,1237.18,0.0,4145.62,Medium,Completed
MNT-001031,EQ-0048,2024-10-12,Preventive,,3.95,1484.57,9437.68,0.0,10922.25,Medium,Completed
MNT-001032,EQ-0048,2024-10-12,Inspection,,2.88,1024.37,2477.32,0.0,3501.69,Low,Completed
MNT-001033,EQ-0038,2024-10-13,Preventive,,7.88,2503.45,965.48,0.0,3468.93,Medium,Completed
MNT-001034,EQ-0042,2024-10-13,Preventive,,9.15,3381.38,891.2,2400.56,6673.14,Medium,Completed
MNT-001035,EQ-0046,2024-10-13,Corrective,Actuator Failure,16.09,2423.14,8454.32,0.0,10877.46,High,Completed
MNT-001036,EQ-0030,2024-10-14,Preventive,,6.78,2228.19,5092.4,0.0,7320.59,Medium,Completed
MNT-001037,EQ-0030,2024-10-14,Inspection,,1.26,431.17,2366.63,0.0,2797.8,Low,Completed
MNT-001038,EQ-0003,2024-10-16,Preventive,,5.0,1679.5,5417.04,0.0,7096.54,Medium,Completed
MNT-001039,EQ-0003,2024-10-16,Inspection,,2.86,532.76,0.0,0.0,532.76,Low,Completed
MNT-001040,EQ-0018,2024-10-20,Corrective,Excessive Vibration,36.72,14205.15,5140.38,0.0,19345.53,High,Completed
MNT-001041,EQ-0027,2024-10-21,Preventive,,5.12,1379.65,433.8,7050.5,8863.95,Medium,Completed
MNT-001042,EQ-0023,2024-10-22,Preventive,,6.09,1545.61,867.6,0.0,2413.21,Medium,Completed
MNT-001043,EQ-0037,2024-10-22,Corrective,Seal Leak,17.06,4229.77,3385.65,0.0,7615.42,High,Completed
MNT-001044,EQ-0029,2024-10-23,Preventive,,13.54,5740.66,530.22,0.0,6270.88,Medium,Completed
MNT-001045,EQ-0029,2024-10-23,Inspection,,2.08,801.39,0.0,0.0,801.39,Low,Completed
MNT-001046,EQ-0025,2024-10-24,Corrective,Motor Overheating,39.98,9516.58,7241.2,0.0,16757.78,High,Completed
MNT-001047,EQ-0001,2024-10-26,Preventive,,6.02,1798.56,1001.32,0.0,2799.88,Medium,Completed
MNT-001048,EQ-0013,2024-10-26,Preventive,,4.66,1257.46,2570.19,0.0,3827.65,Medium,Completed
MNT-001049,EQ-0020,2024-10-26,Preventive,,10.4,2556.53,6927.42,0.0,9483.95,Medium,Completed
MNT-001050,EQ-0025,2024-10-26,Preventive,,3.87,1042.98,445.6,0.0,1488.58,Medium,Completed
MNT-001051,EQ-0003,2024-10-27,Corrective,Impeller Wear,9.81,2584.55,170.28,0.0,2754.83,High,Completed
MNT-001052,EQ-0033,2024-10-29,Corrective,Electrical Fault,17.02,4065.91,1503.36,0.0,5569.27,High,Completed
MNT-001053,EQ-0039,2024-10-29,Corrective,Impeller Wear,11.29,2611.9,151.14,0.0,2763.04,High,Completed
MNT-001054,EQ-0027,2024-10-30,Corrective,Motor Overheating,165.2,39295.26,216.9,0.0,39512.16,Critical,Completed
MNT-001055,EQ-0046,2024-10-31,Preventive,,7.25,1405.75,629.04,0.0,2034.79,Medium,Completed
MNT-001056,EQ-0046,2024-10-31,Inspection,,1.47,239.93,3750.74,0.0,3990.67,Low,Completed
MNT-001057,EQ-0019,2024-11-01,Preventive,,10.98,3264.18,2701.0,0.0,5965.18,Medium,Completed
MNT-001058,EQ-0019,2024-11-01,Inspection,,1.5,353.0,1653.49,0.0,2006.49,Low,Completed
MNT-001060,EQ-0010,2024-11-05,Preventive,,9.57,1579.03,1501.98,0.0,3081.01,Medium,Completed
MNT-001061,EQ-0017,2024-11-05,Preventive,,9.93,4320.41,907.06,0.0,5227.47,Medium,Completed
MNT-001062,EQ-0026,2024-11-06,Corrective,Bearing Failure,23.57,5998.4,104.84,0.0,6103.24,High,Completed
MNT-001063,EQ-0044,2024-11-07,Preventive,,4.26,1131.71,869.2,0.0,2000.91,Medium,Completed
MNT-001064,EQ-0044,2024-11-07,Inspection,,1.78,474.14,0.0,0.0,474.14,Low,Completed
MNT-001065,EQ-0028,2024-11-08,Preventive,,5.92,1631.28,9051.5,0.0,10682.78,Medium,Completed
MNT-001066,EQ-0028,2024-11-08,Inspection,,2.4,528.06,0.0,0.0,528.06,Low,Completed
MNT-001067,EQ-0045,2024-11-09,Preventive,,5.6,1300.99,302.28,0.0,1603.27,Medium,Completed
MNT-001068,EQ-0006,2024-11-10,Corrective,Valve Failure,41.17,17606.28,201.52,0.0,17807.8,High,Completed
MNT-001069,EQ-0022,2024-11-10,Preventive,,5.44,866.97,650.7,0.0,1517.67,Medium,Completed
MNT-001070,EQ-0022,2024-11-10,Inspection,,2.76,456.59,0.0,0.0,456.59,Low,Completed
MNT-001071,EQ-0011,2024-11-12,Preventive,,4.49,1129.75,1930.96,0.0,3060.71,Medium,Completed
MNT-001072,EQ-0015,2024-11-13,Corrective,Impeller Wear,26.56,6477.66,4283.65,0.0,10761.31,High,Completed
MNT-001073,EQ-0007,2024-11-14,Preventive,,4.83,1151.61,11252.22,0.0,12403.83,Medium,Completed
MNT-001074,EQ-0016,2024-11-14,Preventive,,9.22,2079.07,325.85,0.0,2404.92,Medium,Completed
MNT-001075,EQ-0004,2024-11-16,Corrective,Motor Overheating,18.29,4479.13,340.56,0.0,4819.69,High,Completed
MNT-001076,EQ-0014,2024-11-22,Preventive,,5.48,1298.42,340.56,0.0,1638.98,Medium,Completed
MNT-001077,EQ-0014,2024-11-22,Corrective,Motor Overheating,37.56,10509.7,227.04,0.0,10736.74,High,Completed
MNT-001078,EQ-0010,2024-11-24,Corrective,Seat Leakage,5.44,984.24,25666.14,0.0,26650.38,High,Completed
MNT-001079,EQ-0039,2024-11-25,Preventive,,8.29,1819.59,668.4,0.0,2487.99,Medium,Completed
MNT-001080,EQ-0039,2024-11-25,Inspection,,1.62,504.41,209.68,0.0,714.09,Low,Completed
MNT-001081,EQ-0043,2024-11-25,Corrective,Level Control Fault,58.87,14019.92,1627.96,0.0,15647.88,Critical,Completed
MNT-001082,EQ-0042,2024-11-27,Corrective,Excessive Vibration,86.69,30570.35,222.8,0.0,30793.15,Critical,Completed
MNT-001083,EQ-0009,2024-11-28,Preventive,,6.26,1468.56,690.72,0.0,2159.28,Medium,Completed
MNT-001084,EQ-0002,2024-11-29,Preventive,,5.48,1137.75,1001.32,0.0,2139.07,Medium,Completed
MNT-001085,EQ-0002,2024-11-29,Inspection,,2.0,422.46,1713.46,0.0,2135.92,Low,Completed
MNT-001086,EQ-0047,2024-12-06,Corrective,Tube Fouling,7.4,2697.11,1479.95,16929.12,21106.18,High,Completed
MNT-001087,EQ-0032,2024-12-07,Preventive,,3.84,905.59,9909.28,0.0,10814.87,Medium,Completed
MNT-001088,EQ-0032,2024-12-07,Inspection,,2.05,515.44,0.0,0.0,515.44,Low,Completed
MNT-001089,EQ-0034,2024-12-09,Preventive,,6.8,1273.88,5844.86,0.0,7118.74,Medium,Completed
MNT-001090,EQ-0004,2024-12-10,Corrective,Impeller Wear,14.31,3633.61,2721.33,12364.06,18719.0,High,Completed
MNT-001091,EQ-0036,2024-12-10,Preventive,,5.49,1799.85,524.2,0.0,2324.05,Medium,Completed
MNT-001092,EQ-0036,2024-12-10,Inspection,,2.67,939.02,0.0,0.0,939.02,Low,Completed
MNT-001093,EQ-0006,2024-12-11,Preventive,,9.86,4381.51,227.04,0.0,4608.55,Medium,Completed
MNT-001094,EQ-0037,2024-12-12,Preventive,,6.09,1319.44,334.2,0.0,1653.64,Medium,Completed
MNT-001095,EQ-0001,2024-12-13,Corrective,Bearing Failure,12.76,3297.04,340.56,0.0,3637.6,High,Completed
MNT-001096,EQ-0026,2024-12-13,Preventive,,7.69,2224.98,253.05,0.0,2478.03,Medium,Completed
MNT-001097,EQ-0033,2024-12-13,Preventive,,5.89,1409.47,557.0,0.0,1966.47,Medium,Completed
MNT-001098,EQ-0021,2024-12-16,Preventive,,6.06,1304.98,279.3,0.0,1584.28,Medium,Completed
MNT-001099,EQ-0013,2024-12-18,Corrective,Motor Overheating,12.97,3083.1,6061.67,0.0,9144.77,High,Completed
MNT-001100,EQ-0046,2024-12-18,Corrective,Seat Leakage,8.6,1260.98,1627.96,0.0,2888.94,High,Completed
MNT-001101,EQ-0040,2024-12-20,Corrective,Motor Overheating,12.23,4715.74,616.05,0.0,5331.79,High,Completed
MNT-001102,EQ-0016,2024-12-24,Corrective,Bearing Failure,40.93,11524.19,1912.24,0.0,13436.43,High,Completed
MNT-001103,EQ-0003,2024-12-26,Corrective,Impeller Wear,2.63,717.45,750.99,0.0,1468.44,High,Completed
MNT-001104,EQ-0038,2024-12-26,Corrective,Seal Leak,22.59,7081.25,302.28,0.0,7383.53,High,Completed
MNT-001105,EQ-0035,2024-12-27,Corrective,Tube Leak,16.84,4061.04,4960.47,0.0,9021.51,High,In Progress
MNT-001106,EQ-0012,2024-12-28,Corrective,Pressure Fault,24.25,10484.89,1192.8,0.0,11677.69,High,Completed
MNT-001107,EQ-0015,2024-12-28,Corrective,Seal Leak,10.99,3243.67,3860.72,41737.23,48841.62,High,Completed
MNT-001108,EQ-0025,2024-12-29,Corrective,Motor Overheating,16.01,3677.3,202.44,0.0,3879.74,High,Completed
MNT-001109,EQ-0041,2024-12-29,Corrective,Seal Leak,12.12,5779.75,1911.26,0.0,7691.01,High,Completed
MNT-001110,EQ-0011,2024-12-30,Corrective,Tube Fouling,36.8,12596.55,574.44,0.0,13170.99,High,Completed
MNT-001111,EQ-0024,2024-12-30,Preventive,,5.08,1959.28,382.96,0.0,2342.24,Medium,Completed
MNT-001112,EQ-0024,2024-12-30,Inspection,,2.07,606.43,0.0,0.0,606.43,Low,Completed
MNT-001113,EQ-0004,2024-12-31,Preventive,,5.82,1283.8,1930.96,0.0,3214.76,Medium,Completed
MNT-001114,EQ-0004,2024-12-31,Inspection,,1.03,215.07,250.33,0.0,465.4,Low,Completed
