po_id,order_date,material_id,supplier_id,warehouse_id,quantity,quoted_lead_time_days,promised_date,received_date,unit_cost,status
PO-000001,2022-01-17,MAT-004,SUP-002,WH-002,19,12,2022-01-29,2022-01-28,108.45,Received
PO-000002,2022-01-21,MAT-027,SUP-006,WH-004,7,23,2022-02-13,2022-02-24,657.37,Received
PO-000003,2022-01-21,MAT-014,SUP-004,WH-001,246,5,2022-01-26,2022-01-24,50.38,Received
PO-000004,2022-01-22,MAT-009,SUP-002,WH-001,8,13,2022-02-04,2022-02-02,677.13,Received
PO-000005,2022-01-22,MAT-012,SUP-004,WH-003,138,5,2022-01-27,2022-01-27,50.61,Received
PO-000006,2022-01-23,MAT-012,SUP-004,WH-002,190,5,2022-01-28,2022-01-28,50.61,Received
PO-000007,2022-01-23,MAT-002,SUP-002,WH-001,16,12,2022-02-04,2022-02-04,241.37,Received
PO-000008,2022-01-24,MAT-036,SUP-008,WH-002,126,7,2022-01-31,2022-02-14,75.97,Received
PO-000009,2022-01-24,MAT-037,SUP-004,WH-004,114,6,2022-01-30,2022-01-28,108.65,Received
PO-000010,2022-01-24,MAT-013,SUP-004,WH-003,275,7,2022-01-31,2022-01-30,111.4,Received
PO-000011,2022-01-25,MAT-007,SUP-001,WH-003,10,15,2022-02-09,2022-02-07,1810.3,Received
PO-000012,2022-01-25,MAT-011,SUP-004,WH-002,180,8,2022-02-02,2022-02-01,56.76,Received
PO-000013,2022-01-25,MAT-015,SUP-004,WH-001,195,5,2022-01-30,2022-01-28,46.55,Received
PO-000014,2022-01-25,MAT-015,SUP-004,WH-002,209,5,2022-01-30,2022-02-13,46.55,Received
PO-000015,2022-01-25,MAT-004,SUP-002,WH-003,14,12,2022-02-06,2022-02-05,108.45,Received
PO-000016,2022-01-26,MAT-008,SUP-001,WH-004,5,18,2022-02-13,2022-02-25,636.55,Received
PO-000017,2022-01-27,MAT-036,SUP-008,WH-003,192,7,2022-02-03,2022-02-01,75.97,Received
PO-000018,2022-01-27,MAT-037,SUP-004,WH-003,180,6,2022-02-02,2022-02-02,108.65,Received
PO-000019,2022-01-28,MAT-038,SUP-008,WH-001,144,8,2022-02-05,2022-02-19,70.54,Received
PO-000020,2022-01-28,MAT-039,SUP-008,WH-001,193,9,2022-02-06,2022-02-05,95.74,Received
PO-000021,2022-01-29,MAT-038,SUP-008,WH-004,101,8,2022-02-06,2022-02-05,70.54,Received
PO-000022,2022-01-29,MAT-040,SUP-008,WH-002,104,7,2022-02-05,2022-02-05,97.48,Received
PO-000023,2022-01-29,MAT-011,SUP-004,WH-001,212,8,2022-02-06,2022-02-12,56.76,Received
PO-000024,2022-01-29,MAT-013,SUP-004,WH-004,151,7,2022-02-05,2022-02-03,111.4,Received
PO-000025,2022-01-29,MAT-002,SUP-002,WH-004,16,12,2022-02-10,2022-02-08,241.37,Received
PO-000026,2022-01-30,MAT-039,SUP-008,WH-002,160,9,2022-02-08,2022-02-07,95.74,Received
PO-000027,2022-01-31,MAT-009,SUP-002,WH-004,8,13,2022-02-13,2022-02-11,677.13,Received
PO-000028,2022-01-31,MAT-010,SUP-002,WH-002,9,13,2022-02-13,2022-02-12,856.73,Received
PO-000029,2022-01-31,MAT-014,SUP-004,WH-004,180,5,2022-02-05,2022-02-05,50.38,Received
PO-000030,2022-02-02,MAT-009,SUP-002,WH-001,8,13,2022-02-15,2022-02-15,677.13,Received
PO-000031,2022-02-02,MAT-040,SUP-008,WH-003,154,7,2022-02-09,2022-02-07,97.48,Received
PO-000032,2022-02-02,MAT-028,SUP-006,WH-002,8,20,2022-02-22,2022-02-28,1167.46,Received
PO-000033,2022-02-02,MAT-003,SUP-002,WH-001,20,12,2022-02-14,2022-02-14,250.33,Received
PO-000034,2022-02-02,MAT-016,SUP-003,WH-004,4,26,2022-02-28,2022-02-26,1875.37,Received
PO-000035,2022-02-02,MAT-016,SUP-003,WH-001,6,26,2022-02-28,2022-02-28,1875.37,Received
PO-000036,2022-02-05,MAT-025,SUP-005,WH-001,19,12,2022-02-17,2022-02-16,127.95,Received
PO-000037,2022-02-07,MAT-024,SUP-005,WH-004,22,12,2022-02-19,2022-02-17,176.74,Received
PO-000038,2022-02-09,MAT-022,SUP-005,WH-001,14,11,2022-02-20,2022-02-22,115.12,Received
PO-000039,2022-02-09,MAT-022,SUP-005,WH-002,15,11,2022-02-20,2022-02-20,115.12,Received
PO-000040,2022-02-09,MAT-035,SUP-007,WH-002,6,28,2022-03-09,2022-03-08,1653.49,Received
PO-000041,2022-02-09,MAT-003,SUP-002,WH-002,13,12,2022-02-21,2022-02-19,250.33,Received
PO-000042,2022-02-10,MAT-030,SUP-006,WH-004,9,21,2022-03-03,2022-03-02,609.7,Received
PO-000043,2022-02-10,MAT-024,SUP-005,WH-003,12,12,2022-02-22,2022-02-21,176.74,Received
PO-000044,2022-02-11,MAT-010,SUP-002,WH-001,5,13,2022-02-24,2022-02-23,856.73,Received
PO-000045,2022-02-11,MAT-028,SUP-006,WH-001,7,20,2022-03-03,2022-03-02,1167.46,Received
PO-000046,2022-02-11,MAT-021,SUP-005,WH-004,19,13,2022-02-24,2022-02-23,208.55,Received
PO-000047,2022-02-11,MAT-023,SUP-005,WH-003,23,11,2022-02-22,2022-02-22,129.58,Received
PO-000048,2022-02-11,MAT-001,SUP-001,WH-004,12,17,2022-02-28,2022-03-06,104.84,Received
PO-000049,2022-02-14,MAT-034,SUP-007,WH-002,6,28,2022-03-14,2022-03-14,783.28,Received
PO-000050,2022-02-14,MAT-004,SUP-002,WH-002,19,12,2022-02-26,2022-02-26,108.45,Received
PO-000051,2022-02-14,MAT-016,SUP-003,WH-004,4,26,2022-03-12,2022-03-22,1875.37,Received
PO-000052,2022-02-14,MAT-019,SUP-003,WH-004,5,26,2022-03-12,2022-03-11,2922.43,Received
PO-000053,2022-02-16,MAT-029,SUP-006,WH-003,7,20,2022-03-08,2022-03-07,511.8,Received
PO-000054,2022-02-16,MAT-004,SUP-002,WH-003,14,12,2022-02-28,2022-02-26,108.45,Received
PO-000055,2022-02-16,MAT-017,SUP-003,WH-001,5,24,2022-03-12,2022-03-21,3463.71,Received
PO-000056,2022-02-19,MAT-025,SUP-005,WH-004,21,12,2022-03-03,2022-03-02,127.95,Received
PO-000057,2022-02-19,MAT-005,SUP-001,WH-003,11,16,2022-03-07,2022-03-07,187.34,Received
PO-000058,2022-02-19,MAT-005,SUP-001,WH-004,19,16,2022-03-07,2022-03-07,187.34,Received
PO-000059,2022-02-20,MAT-014,SUP-004,WH-001,246,5,2022-02-25,2022-02-25,50.38,Received
PO-000060,2022-02-22,MAT-035,SUP-007,WH-003,7,28,2022-03-22,2022-03-22,1653.49,Received
PO-000061,2022-02-23,MAT-033,SUP-007,WH-004,6,25,2022-03-20,2022-03-19,1179.71,Received
PO-000062,2022-02-24,MAT-006,SUP-001,WH-002,7,18,2022-03-14,2022-03-12,630.77,Received
PO-000063,2022-02-25,MAT-029,SUP-006,WH-002,8,20,2022-03-17,2022-03-17,511.8,Received
PO-000064,2022-02-25,MAT-033,SUP-007,WH-001,5,25,2022-03-22,2022-03-22,1179.71,Received
PO-000065,2022-02-26,MAT-021,SUP-005,WH-001,14,13,2022-03-11,2022-03-10,208.55,Received
PO-000066,2022-02-26,MAT-031,SUP-007,WH-002,6,25,2022-03-23,2022-03-22,1350.5,Received
PO-000067,2022-02-28,MAT-009,SUP-002,WH-004,8,13,2022-03-13,2022-03-13,677.13,Received
PO-000068,2022-02-28,MAT-037,SUP-004,WH-004,114,6,2022-03-06,2022-03-05,108.65,Received
PO-000069,2022-02-28,MAT-012,SUP-004,WH-002,190,5,2022-03-05,2022-03-04,50.61,Received
PO-000070,2022-03-01,MAT-037,SUP-004,WH-003,180,6,2022-03-07,2022-03-07,108.65,Received
PO-000071,2022-03-01,MAT-012,SUP-004,WH-003,138,5,2022-03-06,2022-03-06,50.61,Received
PO-000072,2022-03-01,MAT-015,SUP-004,WH-001,195,5,2022-03-06,2022-03-05,46.55,Received
PO-000073,2022-03-02,MAT-026,SUP-006,WH-004,6,20,2022-03-22,2022-03-21,433.64,Received
PO-000074,2022-03-02,MAT-028,SUP-006,WH-001,7,20,2022-03-22,2022-03-20,1167.46,Received
PO-000075,2022-03-02,MAT-013,SUP-004,WH-003,275,7,2022-03-09,2022-03-13,111.4,Received
PO-000076,2022-03-02,MAT-034,SUP-007,WH-001,7,28,2022-03-30,2022-03-28,783.28,Received
PO-000077,2022-03-03,MAT-011,SUP-004,WH-002,180,8,2022-03-11,2022-03-10,56.76,Received
PO-000078,2022-03-03,MAT-020,SUP-003,WH-004,5,23,2022-03-26,2022-04-04,1627.96,Received
PO-000079,2022-03-04,MAT-036,SUP-008,WH-003,192,7,2022-03-11,2022-03-22,75.97,Received
PO-000080,2022-03-05,MAT-006,SUP-001,WH-001,10,18,2022-03-23,2022-03-27,630.77,Received
PO-000081,2022-03-05,MAT-040,SUP-008,WH-002,104,7,2022-03-12,2022-03-11,97.48,Received
PO-000082,2022-03-05,MAT-011,SUP-004,WH-001,212,8,2022-03-13,2022-03-12,56.76,Received
PO-000083,2022-03-05,MAT-013,SUP-004,WH-004,151,7,2022-03-12,2022-03-15,111.4,Received
PO-000084,2022-03-05,MAT-014,SUP-004,WH-004,180,5,2022-03-10,2022-03-24,50.38,Received
PO-000085,2022-03-06,MAT-009,SUP-002,WH-001,8,13,2022-03-19,2022-03-17,677.13,Received
PO-000086,2022-03-06,MAT-039,SUP-008,WH-002,160,9,2022-03-15,2022-03-28,95.74,Received
PO-000087,2022-03-06,MAT-040,SUP-008,WH-003,154,7,2022-03-13,2022-03-24,97.48,Received
PO-000088,2022-03-06,MAT-027,SUP-006,WH-001,7,23,2022-03-29,2022-03-27,657.37,Received
PO-000089,2022-03-06,MAT-002,SUP-002,WH-001,16,12,2022-03-18,2022-03-16,241.37,Received
PO-000090,2022-03-06,MAT-016,SUP-003,WH-001,6,26,2022-04-01,2022-03-31,1875.37,Received
PO-000091,2022-03-07,MAT-039,SUP-008,WH-001,193,9,2022-03-16,2022-03-15,95.74,Received
PO-000092,2022-03-07,MAT-023,SUP-005,WH-002,13,11,2022-03-18,2022-03-18,129.58,Received
PO-000093,2022-03-08,MAT-030,SUP-006,WH-003,8,21,2022-03-29,2022-04-09,609.7,Received
PO-000094,2022-03-08,MAT-034,SUP-007,WH-002,6,28,2022-04-05,2022-04-04,783.28,Received
PO-000095,2022-03-08,MAT-002,SUP-002,WH-004,16,12,2022-03-20,2022-03-20,241.37,Received
PO-000096,2022-03-09,MAT-038,SUP-008,WH-004,101,8,2022-03-17,2022-03-24,70.54,Received
PO-000097,2022-03-11,MAT-036,SUP-008,WH-002,126,7,2022-03-18,2022-03-17,75.97,Received
PO-000098,2022-03-13,MAT-015,SUP-004,WH-002,209,5,2022-03-18,2022-03-18,46.55,Received
PO-000099,2022-03-13,MAT-017,SUP-003,WH-002,7,24,2022-04-06,2022-04-04,3463.71,Received
PO-000100,2022-03-14,MAT-022,SUP-005,WH-001,14,11,2022-03-25,2022-03-31,115.12,Received
PO-000101,2022-03-15,MAT-022,SUP-005,WH-002,15,11,2022-03-26,2022-03-25,115.12,Received
PO-000102,2022-03-16,MAT-007,SUP-001,WH-002,7,15,2022-03-31,2022-03-29,1810.3,Received
PO-000103,2022-03-16,MAT-008,SUP-001,WH-003,9,18,2022-04-03,2022-04-01,636.55,Received
PO-000104,2022-03-16,MAT-030,SUP-006,WH-004,9,21,2022-04-06,2022-04-04,609.7,Received
PO-000105,2022-03-17,MAT-025,SUP-005,WH-001,19,12,2022-03-29,2022-03-29,127.95,Received
PO-000106,2022-03-18,MAT-027,SUP-006,WH-004,7,23,2022-04-10,2022-04-20,657.37,Received
PO-000107,2022-03-19,MAT-038,SUP-008,WH-001,144,8,2022-03-27,2022-03-27,70.54,Received
PO-000108,2022-03-20,MAT-024,SUP-005,WH-004,22,12,2022-04-01,2022-03-31,176.74,Received
PO-000109,2022-03-20,MAT-001,SUP-001,WH-003,12,17,2022-04-06,2022-04-17,104.84,Received
PO-000110,2022-03-22,MAT-010,SUP-002,WH-002,9,13,2022-04-04,2022-04-02,856.73,Received
PO-000111,2022-03-22,MAT-033,SUP-007,WH-001,5,25,2022-04-16,2022-04-14,1179.71,Received
PO-000112,2022-03-23,MAT-007,SUP-001,WH-003,10,15,2022-04-07,2022-04-19,1810.3,Received
PO-000113,2022-03-23,MAT-028,SUP-006,WH-002,8,20,2022-04-12,2022-04-10,1167.46,Received
PO-000114,2022-03-23,MAT-032,SUP-007,WH-004,6,28,2022-04-20,2022-04-18,1238.66,Received
PO-000115,2022-03-23,MAT-033,SUP-007,WH-004,6,25,2022-04-17,2022-04-15,1179.71,Received
PO-000116,2022-03-24,MAT-018,SUP-003,WH-002,5,26,2022-04-19,2022-04-17,2366.63,Received
PO-000117,2022-03-25,MAT-026,SUP-006,WH-003,7,20,2022-04-14,2022-04-14,433.64,Received
PO-000118,2022-03-25,MAT-026,SUP-006,WH-004,6,20,2022-04-14,2022-04-14,433.64,Received
PO-000119,2022-03-25,MAT-032,SUP-007,WH-003,5,28,2022-04-22,2022-04-26,1238.66,Received
PO-000120,2022-03-25,MAT-035,SUP-007,WH-002,6,28,2022-04-22,2022-04-27,1653.49,Received
PO-000121,2022-03-25,MAT-005,SUP-001,WH-004,19,16,2022-04-10,2022-04-20,187.34,Received
PO-000122,2022-03-26,MAT-014,SUP-004,WH-001,246,5,2022-03-31,2022-04-07,50.38,Received
PO-000123,2022-03-27,MAT-023,SUP-005,WH-003,23,11,2022-04-07,2022-04-07,129.58,Received
PO-000124,2022-03-27,MAT-003,SUP-002,WH-001,20,12,2022-04-08,2022-04-08,250.33,Received
PO-000125,2022-03-28,MAT-021,SUP-005,WH-004,19,13,2022-04-10,2022-04-09,208.55,Received
PO-000126,2022-03-29,MAT-018,SUP-003,WH-002,5,26,2022-04-24,2022-04-23,2366.63,Received
PO-000127,2022-03-30,MAT-004,SUP-002,WH-002,19,12,2022-04-11,2022-04-09,108.45,Received
PO-000128,2022-03-31,MAT-028,SUP-006,WH-001,7,20,2022-04-20,2022-04-24,1167.46,Received
PO-000129,2022-03-31,MAT-025,SUP-005,WH-004,21,12,2022-04-12,2022-04-14,127.95,Received
PO-000130,2022-03-31,MAT-004,SUP-002,WH-003,14,12,2022-04-12,2022-04-10,108.45,Received
PO-000131,2022-04-01,MAT-012,SUP-004,WH-002,190,5,2022-04-06,2022-04-05,50.61,Received
PO-000132,2022-04-01,MAT-001,SUP-001,WH-004,12,17,2022-04-18,2022-04-18,104.84,Received
PO-000133,2022-04-01,MAT-003,SUP-002,WH-002,13,12,2022-04-13,2022-04-11,250.33,Received
PO-000134,2022-04-02,MAT-007,SUP-001,WH-002,7,15,2022-04-17,2022-04-15,1810.3,Received
PO-000135,2022-04-02,MAT-037,SUP-004,WH-004,114,6,2022-04-08,2022-04-08,108.65,Received
PO-000136,2022-04-02,MAT-023,SUP-005,WH-002,13,11,2022-04-13,2022-04-13,129.58,Received
PO-000137,2022-04-03,MAT-037,SUP-004,WH-003,180,6,2022-04-09,2022-04-21,108.65,Received
PO-000138,2022-04-04,MAT-024,SUP-005,WH-003,12,12,2022-04-16,2022-04-15,176.74,Received
PO-000139,2022-04-04,MAT-011,SUP-004,WH-002,180,8,2022-04-12,2022-04-10,56.76,Received
PO-000140,2022-04-04,MAT-013,SUP-004,WH-003,275,7,2022-04-11,2022-04-10,111.4,Received
PO-000141,2022-04-04,MAT-015,SUP-004,WH-001,195,5,2022-04-09,2022-04-21,46.55,Received
PO-000142,2022-04-05,MAT-012,SUP-004,WH-003,138,5,2022-04-10,2022-04-10,50.61,Received
PO-000143,2022-04-05,MAT-035,SUP-007,WH-003,7,28,2022-05-03,2022-05-01,1653.49,Received
PO-000144,2022-04-05,MAT-005,SUP-001,WH-003,11,16,2022-04-21,2022-04-21,187.34,Received
PO-000145,2022-04-05,MAT-016,SUP-003,WH-004,4,26,2022-05-01,2022-04-30,1875.37,Received
PO-000146,2022-04-06,MAT-018,SUP-003,WH-003,5,26,2022-05-02,2022-05-01,2366.63,Received
PO-000147,2022-04-07,MAT-029,SUP-006,WH-002,8,20,2022-04-27,2022-04-27,511.8,Received
PO-000148,2022-04-07,MAT-011,SUP-004,WH-001,212,8,2022-04-15,2022-04-13,56.76,Received
PO-000149,2022-04-07,MAT-018,SUP-003,WH-003,5,26,2022-05-03,2022-05-02,2366.63,Received
PO-000150,2022-04-07,MAT-020,SUP-003,WH-001,4,23,2022-04-30,2022-05-11,1627.96,Received
PO-000151,2022-04-08,MAT-009,SUP-002,WH-004,8,13,2022-04-21,2022-04-21,677.13,Received
PO-000152,2022-04-08,MAT-040,SUP-008,WH-002,104,7,2022-04-15,2022-04-17,97.48,Received
PO-000153,2022-04-09,MAT-021,SUP-005,WH-001,14,13,2022-04-22,2022-04-22,208.55,Received
PO-000154,2022-04-10,MAT-013,SUP-004,WH-004,151,7,2022-04-17,2022-04-17,111.4,Received
PO-000155,2022-04-13,MAT-039,SUP-008,WH-002,160,9,2022-04-22,2022-05-06,95.74,Received
PO-000156,2022-04-13,MAT-002,SUP-002,WH-004,16,12,2022-04-25,2022-04-24,241.37,Received
PO-000157,2022-04-14,MAT-031,SUP-007,WH-003,6,25,2022-05-09,2022-05-20,1350.5,Received
PO-000158,2022-04-15,MAT-039,SUP-008,WH-001,193,9,2022-04-24,2022-04-24,95.74,Received
PO-000159,2022-04-17,MAT-025,SUP-005,WH-001,19,12,2022-04-29,2022-05-05,127.95,Received
PO-000160,2022-04-17,MAT-015,SUP-004,WH-002,209,5,2022-04-22,2022-04-24,46.55,Received
PO-000161,2022-04-18,MAT-036,SUP-008,WH-002,126,7,2022-04-25,2022-04-28,75.97,Received
PO-000162,2022-04-18,MAT-036,SUP-008,WH-003,192,7,2022-04-25,2022-04-30,75.97,Received
PO-000163,2022-04-18,MAT-002,SUP-002,WH-001,16,12,2022-04-30,2022-04-29,241.37,Received
PO-000164,2022-04-20,MAT-027,SUP-006,WH-004,7,23,2022-05-13,2022-05-23,657.37,Received
PO-000165,2022-04-20,MAT-031,SUP-007,WH-003,6,25,2022-05-15,2022-05-14,1350.5,Received
PO-000166,2022-04-21,MAT-027,SUP-006,WH-001,7,23,2022-05-14,2022-05-25,657.37,Received
PO-000167,2022-04-22,MAT-038,SUP-008,WH-004,101,8,2022-04-30,2022-04-30,70.54,Received
PO-000168,2022-04-22,MAT-038,SUP-008,WH-001,144,8,2022-04-30,2022-05-04,70.54,Received
PO-000169,2022-04-23,MAT-040,SUP-008,WH-003,154,7,2022-04-30,2022-04-30,97.48,Received
PO-000170,2022-04-23,MAT-030,SUP-006,WH-003,8,21,2022-05-14,2022-05-21,609.7,Received
PO-000171,2022-04-23,MAT-022,SUP-005,WH-002,15,11,2022-05-04,2022-05-03,115.12,Received
PO-000172,2022-04-23,MAT-014,SUP-004,WH-004,180,5,2022-04-28,2022-04-28,50.38,Received
PO-000173,2022-04-24,MAT-001,SUP-001,WH-003,12,17,2022-05-11,2022-05-11,104.84,Received
PO-000174,2022-04-26,MAT-022,SUP-005,WH-001,14,11,2022-05-07,2022-05-05,115.12,Received
PO-000175,2022-04-27,MAT-030,SUP-006,WH-004,9,21,2022-05-18,2022-05-17,609.7,Received
PO-000176,2022-04-28,MAT-028,SUP-006,WH-002,8,20,2022-05-18,2022-05-16,1167.46,Received
PO-000177,2022-04-28,MAT-001,SUP-001,WH-004,12,17,2022-05-15,2022-05-15,104.84,Received
PO-000178,2022-04-30,MAT-020,SUP-003,WH-001,4,23,2022-05-23,2022-05-23,1627.96,Received
PO-000179,2022-05-03,MAT-006,SUP-001,WH-002,7,18,2022-05-21,2022-05-20,630.77,Received
PO-000180,2022-05-03,MAT-020,SUP-003,WH-004,5,23,2022-05-26,2022-05-24,1627.96,Received
PO-000181,2022-05-04,MAT-006,SUP-001,WH-001,10,18,2022-05-22,2022-05-26,630.77,Received
PO-000182,2022-05-04,MAT-003,SUP-002,WH-001,20,12,2022-05-16,2022-05-14,250.33,Received
PO-000183,2022-05-04,MAT-016,SUP-003,WH-001,6,26,2022-05-30,2022-05-30,1875.37,Received
PO-000184,2022-05-05,MAT-026,SUP-006,WH-003,7,20,2022-05-25,2022-06-03,433.64,Received
PO-000185,2022-05-05,MAT-019,SUP-003,WH-003,5,26,2022-05-31,2022-05-30,2922.43,Received
PO-000186,2022-05-06,MAT-029,SUP-006,WH-002,8,20,2022-05-26,2022-05-25,511.8,Received
PO-000187,2022-05-06,MAT-024,SUP-005,WH-003,12,12,2022-05-18,2022-05-18,176.74,Received
PO-000188,2022-05-06,MAT-012,SUP-004,WH-003,138,5,2022-05-11,2022-05-11,50.61,Received
PO-000189,2022-05-06,MAT-014,SUP-004,WH-001,246,5,2022-05-11,2022-05-09,50.38,Received
PO-000190,2022-05-06,MAT-035,SUP-007,WH-003,7,28,2022-06-03,2022-06-02,1653.49,Received
PO-000191,2022-05-07,MAT-023,SUP-005,WH-003,23,11,2022-05-18,2022-05-18,129.58,Received
PO-000192,2022-05-07,MAT-017,SUP-003,WH-001,5,24,2022-05-31,2022-05-31,3463.71,Received
PO-000193,2022-05-08,MAT-037,SUP-004,WH-004,114,6,2022-05-14,2022-05-13,108.65,Received
PO-000194,2022-05-08,MAT-023,SUP-005,WH-002,13,11,2022-05-19,2022-05-17,129.58,Received
PO-000195,2022-05-08,MAT-025,SUP-005,WH-004,21,12,2022-05-20,2022-05-20,127.95,Received
PO-000196,2022-05-08,MAT-005,SUP-001,WH-004,19,16,2022-05-24,2022-06-02,187.34,Received
PO-000197,2022-05-09,MAT-007,SUP-001,WH-003,10,15,2022-05-24,2022-05-22,1810.3,Received
PO-000198,2022-05-09,MAT-008,SUP-001,WH-003,9,18,2022-05-27,2022-05-31,636.55,Received
PO-000199,2022-05-09,MAT-029,SUP-006,WH-003,7,20,2022-05-29,2022-05-28,511.8,Received
PO-000200,2022-05-09,MAT-021,SUP-005,WH-004,19,13,2022-05-22,2022-05-20,208.55,Received
PO-000201,2022-05-09,MAT-024,SUP-005,WH-004,22,12,2022-05-21,2022-05-21,176.74,Received
PO-000202,2022-05-09,MAT-013,SUP-004,WH-003,275,7,2022-05-16,2022-05-24,111.4,Received
PO-000203,2022-05-10,MAT-009,SUP-002,WH-001,8,13,2022-05-23,2022-05-22,677.13,Received
PO-000204,2022-05-10,MAT-012,SUP-004,WH-002,190,5,2022-05-15,2022-05-15,50.61,Received
PO-000205,2022-05-11,MAT-011,SUP-004,WH-001,212,8,2022-05-19,2022-05-19,56.76,Received
PO-000206,2022-05-11,MAT-011,SUP-004,WH-002,180,8,2022-05-19,2022-05-17,56.76,Received
PO-000207,2022-05-11,MAT-034,SUP-007,WH-001,7,28,2022-06-08,2022-06-21,783.28,Received
PO-000208,2022-05-12,MAT-007,SUP-001,WH-002,7,15,2022-05-27,2022-05-25,1810.3,Received
PO-000209,2022-05-12,MAT-009,SUP-002,WH-004,8,13,2022-05-25,2022-05-25,677.13,Received
PO-000210,2022-05-12,MAT-013,SUP-004,WH-004,151,7,2022-05-19,2022-05-19,111.4,Received
PO-000211,2022-05-13,MAT-010,SUP-002,WH-002,9,13,2022-05-26,2022-05-24,856.73,Received
PO-000212,2022-05-13,MAT-032,SUP-007,WH-003,5,28,2022-06-10,2022-06-09,1238.66,Received
PO-000213,2022-05-14,MAT-040,SUP-008,WH-002,104,7,2022-05-21,2022-05-20,97.48,Received
PO-000214,2022-05-16,MAT-032,SUP-007,WH-004,6,28,2022-06-13,2022-06-12,1238.66,Received
PO-000215,2022-05-16,MAT-035,SUP-007,WH-002,6,28,2022-06-13,2022-06-12,1653.49,Received
PO-000216,2022-05-17,MAT-039,SUP-008,WH-001,193,9,2022-05-26,2022-06-09,95.74,Received
PO-000217,2022-05-17,MAT-032,SUP-007,WH-003,5,28,2022-06-14,2022-06-14,1238.66,Received
PO-000218,2022-05-17,MAT-033,SUP-007,WH-004,6,25,2022-06-11,2022-06-10,1179.71,Received
PO-000219,2022-05-18,MAT-037,SUP-004,WH-003,180,6,2022-05-24,2022-05-24,108.65,Received
PO-000220,2022-05-19,MAT-015,SUP-004,WH-001,195,5,2022-05-24,2022-06-02,46.55,Received
PO-000221,2022-05-19,MAT-004,SUP-002,WH-002,19,12,2022-05-31,2022-05-31,108.45,Received
PO-000222,2022-05-20,MAT-021,SUP-005,WH-001,14,13,2022-06-02,2022-06-02,208.55,Received
PO-000223,2022-05-20,MAT-031,SUP-007,WH-002,6,25,2022-06-14,2022-06-12,1350.5,Received
PO-000224,2022-05-22,MAT-022,SUP-005,WH-002,15,11,2022-06-02,2022-06-01,115.12,Received
PO-000225,2022-05-22,MAT-025,SUP-005,WH-001,19,12,2022-06-03,2022-06-02,127.95,Received
PO-000226,2022-05-23,MAT-036,SUP-008,WH-003,192,7,2022-05-30,2022-05-30,75.97,Received
PO-000227,2022-05-24,MAT-036,SUP-008,WH-002,126,7,2022-05-31,2022-05-30,75.97,Received
PO-000228,2022-05-24,MAT-038,SUP-008,WH-004,101,8,2022-06-01,2022-06-03,70.54,Received
PO-000229,2022-05-25,MAT-010,SUP-002,WH-001,5,13,2022-06-07,2022-06-06,856.73,Received
PO-000230,2022-05-25,MAT-030,SUP-006,WH-004,9,21,2022-06-15,2022-06-13,609.7,Received
PO-000231,2022-05-25,MAT-003,SUP-002,WH-002,13,12,2022-06-06,2022-06-05,250.33,Received
PO-000232,2022-05-25,MAT-004,SUP-002,WH-003,14,12,2022-06-06,2022-06-06,108.45,Received
PO-000233,2022-05-25,MAT-005,SUP-001,WH-003,11,16,2022-06-10,2022-06-08,187.34,Received
PO-000234,2022-05-25,MAT-017,SUP-003,WH-002,7,24,2022-06-18,2022-06-18,3463.71,Received
PO-000235,2022-05-26,MAT-040,SUP-008,WH-003,154,7,2022-06-02,2022-06-01,97.48,Received
PO-000236,2022-05-27,MAT-038,SUP-008,WH-001,144,8,2022-06-04,2022-06-03,70.54,Received
PO-000237,2022-05-28,MAT-028,SUP-006,WH-001,7,20,2022-06-17,2022-06-16,1167.46,Received
PO-000238,2022-05-28,MAT-015,SUP-004,WH-002,209,5,2022-06-02,2022-06-13,46.55,Received
PO-000239,2022-05-28,MAT-033,SUP-007,WH-001,5,25,2022-06-22,2022-06-22,1179.71,Received
PO-000240,2022-05-29,MAT-027,SUP-006,WH-001,7,23,2022-06-21,2022-06-20,657.37,Received
PO-000241,2022-05-29,MAT-014,SUP-004,WH-004,180,5,2022-06-03,2022-06-15,50.38,Received
PO-000242,2022-05-29,MAT-019,SUP-003,WH-004,5,26,2022-06-24,2022-07-04,2922.43,Received
PO-000243,2022-05-31,MAT-007,SUP-001,WH-003,10,15,2022-06-15,2022-06-13,1810.3,Received
PO-000244,2022-05-31,MAT-008,SUP-001,WH-004,5,18,2022-06-18,2022-06-16,636.55,Received
PO-000245,2022-05-31,MAT-027,SUP-006,WH-004,7,23,2022-06-23,2022-06-23,657.37,Received
PO-000246,2022-05-31,MAT-030,SUP-006,WH-003,8,21,2022-06-21,2022-06-19,609.7,Received
PO-000247,2022-06-02,MAT-039,SUP-008,WH-002,160,9,2022-06-11,2022-06-10,95.74,Received
PO-000248,2022-06-02,MAT-026,SUP-006,WH-004,6,20,2022-06-22,2022-06-20,433.64,Received
PO-000249,2022-06-02,MAT-033,SUP-007,WH-001,5,25,2022-06-27,2022-06-26,1179.71,Received
PO-000250,2022-06-02,MAT-002,SUP-002,WH-004,16,12,2022-06-14,2022-06-12,241.37,Received
PO-000251,2022-06-03,MAT-028,SUP-006,WH-002,8,20,2022-06-23,2022-06-22,1167.46,Received
PO-000252,2022-06-03,MAT-003,SUP-002,WH-001,20,12,2022-06-15,2022-06-15,250.33,Received
PO-000253,2022-06-05,MAT-023,SUP-005,WH-002,13,11,2022-06-16,2022-06-16,129.58,Received
PO-000254,2022-06-05,MAT-032,SUP-007,WH-004,6,28,2022-07-03,2022-07-09,1238.66,Received
PO-000255,2022-06-05,MAT-033,SUP-007,WH-004,6,25,2022-06-30,2022-07-14,1179.71,Received
PO-000256,2022-06-06,MAT-018,SUP-003,WH-003,5,26,2022-07-02,2022-06-30,2366.63,Received
PO-000257,2022-06-07,MAT-020,SUP-003,WH-004,5,23,2022-06-30,2022-06-30,1627.96,Received
PO-000258,2022-06-09,MAT-025,SUP-005,WH-004,21,12,2022-06-21,2022-06-20,127.95,Received
PO-000259,2022-06-09,MAT-034,SUP-007,WH-002,6,28,2022-07-07,2022-07-06,783.28,Received
PO-000260,2022-06-10,MAT-021,SUP-005,WH-004,19,13,2022-06-23,2022-06-23,208.55,Received
PO-000261,2022-06-10,MAT-014,SUP-004,WH-001,246,5,2022-06-15,2022-06-27,50.38,Received
PO-000262,2022-06-11,MAT-029,SUP-006,WH-002,8,20,2022-07-01,2022-06-30,511.8,Received
PO-000263,2022-06-11,MAT-001,SUP-001,WH-004,12,17,2022-06-28,2022-06-26,104.84,Received
PO-000264,2022-06-11,MAT-002,SUP-002,WH-001,16,12,2022-06-23,2022-06-26,241.37,Received
PO-000265,2022-06-12,MAT-012,SUP-004,WH-002,190,5,2022-06-17,2022-06-30,50.61,Received
PO-000266,2022-06-13,MAT-037,SUP-004,WH-004,114,6,2022-06-19,2022-06-24,108.65,Received
PO-000267,2022-06-13,MAT-029,SUP-006,WH-003,7,20,2022-07-03,2022-07-01,511.8,Received
PO-000268,2022-06-13,MAT-012,SUP-004,WH-003,138,5,2022-06-18,2022-06-17,50.61,Received
PO-000269,2022-06-15,MAT-022,SUP-005,WH-001,14,11,2022-06-26,2022-06-26,115.12,Received
PO-000270,2022-06-15,MAT-003,SUP-002,WH-002,13,12,2022-06-27,2022-06-26,250.33,Received
PO-000271,2022-06-16,MAT-011,SUP-004,WH-002,180,8,2022-06-24,2022-06-23,56.76,Received
PO-000272,2022-06-16,MAT-004,SUP-002,WH-003,14,12,2022-06-28,2022-06-28,108.45,Received
PO-000273,2022-06-16,MAT-016,SUP-003,WH-001,6,26,2022-07-12,2022-07-11,1875.37,Received
PO-000274,2022-06-17,MAT-026,SUP-006,WH-003,7,20,2022-07-07,2022-07-06,433.64,Received
PO-000275,2022-06-17,MAT-023,SUP-005,WH-003,23,11,2022-06-28,2022-06-28,129.58,Received
PO-000276,2022-06-18,MAT-040,SUP-008,WH-002,104,7,2022-06-25,2022-06-24,97.48,Received
PO-000277,2022-06-19,MAT-024,SUP-005,WH-004,22,12,2022-07-01,2022-07-15,176.74,Received
PO-000278,2022-06-19,MAT-011,SUP-004,WH-001,212,8,2022-06-27,2022-06-26,56.76,Received
PO-000279,2022-06-19,MAT-013,SUP-004,WH-004,151,7,2022-06-26,2022-06-24,111.4,Received
PO-000280,2022-06-19,MAT-005,SUP-001,WH-004,19,16,2022-07-05,2022-07-03,187.34,Received
PO-000281,2022-06-19,MAT-016,SUP-003,WH-004,4,26,2022-07-15,2022-07-14,1875.37,Received
PO-000282,2022-06-20,MAT-026,SUP-006,WH-004,6,20,2022-07-10,2022-07-08,433.64,Received
PO-000283,2022-06-21,MAT-035,SUP-007,WH-002,6,28,2022-07-19,2022-07-19,1653.49,Received
PO-000284,2022-06-21,MAT-017,SUP-003,WH-002,7,24,2022-07-15,2022-07-14,3463.71,Received
PO-000285,2022-06-22,MAT-008,SUP-001,WH-003,9,18,2022-07-10,2022-07-09,636.55,Received
PO-000286,2022-06-22,MAT-028,SUP-006,WH-002,8,20,2022-07-12,2022-07-12,1167.46,Received
PO-000287,2022-06-22,MAT-013,SUP-004,WH-003,275,7,2022-06-29,2022-06-28,111.4,Received
PO-000288,2022-06-23,MAT-024,SUP-005,WH-003,12,12,2022-07-05,2022-07-04,176.74,Received
PO-000289,2022-06-23,MAT-001,SUP-001,WH-003,12,17,2022-07-10,2022-07-09,104.84,Received
PO-000290,2022-06-25,MAT-009,SUP-002,WH-001,8,13,2022-07-08,2022-07-22,677.13,Received
PO-000291,2022-06-25,MAT-037,SUP-004,WH-003,180,6,2022-07-01,2022-06-29,108.65,Received
PO-000292,2022-06-25,MAT-019,SUP-003,WH-003,5,26,2022-07-21,2022-07-19,2922.43,Received
PO-000293,2022-06-26,MAT-036,SUP-008,WH-003,192,7,2022-07-03,2022-07-02,75.97,Received
PO-000294,2022-06-26,MAT-023,SUP-005,WH-002,13,11,2022-07-07,2022-07-16,129.58,Received
PO-000295,2022-06-27,MAT-025,SUP-005,WH-001,19,12,2022-07-09,2022-07-13,127.95,Received
PO-000296,2022-06-29,MAT-036,SUP-008,WH-002,126,7,2022-07-06,2022-07-17,75.97,Received
PO-000297,2022-06-29,MAT-038,SUP-008,WH-001,144,8,2022-07-07,2022-07-07,70.54,Received
PO-000298,2022-06-29,MAT-039,SUP-008,WH-001,193,9,2022-07-08,2022-07-07,95.74,Received
PO-000299,2022-06-29,MAT-022,SUP-005,WH-002,15,11,2022-07-10,2022-07-10,115.12,Received
PO-000300,2022-06-29,MAT-034,SUP-007,WH-001,7,28,2022-07-27,2022-07-25,783.28,Received
PO-000301,2022-06-30,MAT-021,SUP-005,WH-001,14,13,2022-07-13,2022-07-24,208.55,Received
PO-000302,2022-06-30,MAT-015,SUP-004,WH-001,195,5,2022-07-05,2022-07-03,46.55,Received
PO-000303,2022-07-01,MAT-040,SUP-008,WH-003,154,7,2022-07-08,2022-07-06,97.48,Received
PO-000304,2022-07-02,MAT-006,SUP-001,WH-001,10,18,2022-07-20,2022-07-19,630.77,Received
PO-000305,2022-07-03,MAT-025,SUP-005,WH-004,21,12,2022-07-15,2022-07-14,127.95,Received
PO-000306,2022-07-03,MAT-003,SUP-002,WH-001,20,12,2022-07-15,2022-07-15,250.33,Received
PO-000307,2022-07-04,MAT-007,SUP-001,WH-002,7,15,2022-07-19,2022-07-21,1810.3,Received
PO-000308,2022-07-04,MAT-039,SUP-008,WH-002,160,9,2022-07-13,2022-07-13,95.74,Received
PO-000309,2022-07-05,MAT-034,SUP-007,WH-002,6,28,2022-08-02,2022-08-01,783.28,Received
PO-000310,2022-07-05,MAT-001,SUP-001,WH-004,12,17,2022-07-22,2022-07-28,104.84,Received
PO-000311,2022-07-05,MAT-004,SUP-002,WH-002,19,12,2022-07-17,2022-07-17,108.45,Received
PO-000312,2022-07-07,MAT-008,SUP-001,WH-004,5,18,2022-07-25,2022-07-24,636.55,Received
PO-000313,2022-07-07,MAT-038,SUP-008,WH-004,101,8,2022-07-15,2022-07-17,70.54,Received
PO-000314,2022-07-08,MAT-005,SUP-001,WH-003,11,16,2022-07-24,2022-08-07,187.34,Received
PO-000315,2022-07-09,MAT-023,SUP-005,WH-003,23,11,2022-07-20,2022-07-20,129.58,Received
PO-000316,2022-07-09,MAT-031,SUP-007,WH-002,6,25,2022-08-03,2022-08-03,1350.5,Received
PO-000317,2022-07-09,MAT-018,SUP-003,WH-002,5,26,2022-08-04,2022-08-04,2366.63,Received
PO-000318,2022-07-12,MAT-032,SUP-007,WH-003,5,28,2022-08-09,2022-08-08,1238.66,Received
PO-000319,2022-07-12,MAT-035,SUP-007,WH-003,7,28,2022-08-09,2022-08-09,1653.49,Received
PO-000320,2022-07-13,MAT-021,SUP-005,WH-004,19,13,2022-07-26,2022-08-08,208.55,Received
PO-000321,2022-07-14,MAT-010,SUP-002,WH-002,9,13,2022-07-27,2022-07-27,856.73,Received
PO-000322,2022-07-14,MAT-030,SUP-006,WH-003,8,21,2022-08-04,2022-08-03,609.7,Received
PO-000323,2022-07-14,MAT-020,SUP-003,WH-004,5,23,2022-08-06,2022-08-06,1627.96,Received
PO-000324,2022-07-15,MAT-008,SUP-001,WH-003,9,18,2022-08-02,2022-08-02,636.55,Received
PO-000325,2022-07-15,MAT-028,SUP-006,WH-001,7,20,2022-08-04,2022-08-08,1167.46,Received
PO-000326,2022-07-15,MAT-028,SUP-006,WH-002,8,20,2022-08-04,2022-08-04,1167.46,Received
PO-000327,2022-07-15,MAT-015,SUP-004,WH-002,209,5,2022-07-20,2022-07-31,46.55,Received
PO-000328,2022-07-16,MAT-016,SUP-003,WH-001,6,26,2022-08-11,2022-08-09,1875.37,Received
PO-000329,2022-07-17,MAT-009,SUP-002,WH-004,8,13,2022-07-30,2022-07-30,677.13,Received
PO-000330,2022-07-17,MAT-014,SUP-004,WH-004,180,5,2022-07-22,2022-07-21,50.38,Received
PO-000331,2022-07-17,MAT-003,SUP-002,WH-002,13,12,2022-07-29,2022-07-27,250.33,Received
PO-000332,2022-07-18,MAT-022,SUP-005,WH-001,14,11,2022-07-29,2022-07-27,115.12,Received
PO-000333,2022-07-18,MAT-012,SUP-004,WH-003,138,5,2022-07-23,2022-08-01,50.61,Received
PO-000334,2022-07-18,MAT-019,SUP-003,WH-004,5,26,2022-08-13,2022-08-13,2922.43,Received
PO-000335,2022-07-19,MAT-011,SUP-004,WH-002,180,8,2022-07-27,2022-08-08,56.76,Received
PO-000336,2022-07-20,MAT-027,SUP-006,WH-004,7,23,2022-08-12,2022-08-12,657.37,Received
PO-000337,2022-07-21,MAT-025,SUP-005,WH-001,19,12,2022-08-02,2022-08-13,127.95,Received
PO-000338,2022-07-22,MAT-035,SUP-007,WH-002,6,28,2022-08-19,2022-08-31,1653.49,Received
PO-000339,2022-07-22,MAT-002,SUP-002,WH-004,16,12,2022-08-03,2022-08-03,241.37,Received
PO-000340,2022-07-23,MAT-037,SUP-004,WH-004,114,6,2022-07-29,2022-08-04,108.65,Received
PO-000341,2022-07-23,MAT-013,SUP-004,WH-004,151,7,2022-07-30,2022-07-28,111.4,Received
PO-000342,2022-07-23,MAT-018,SUP-003,WH-003,5,26,2022-08-18,2022-08-16,2366.63,Received
PO-000343,2022-07-24,MAT-014,SUP-004,WH-001,246,5,2022-07-29,2022-07-27,50.38,Received
PO-000344,2022-07-24,MAT-004,SUP-002,WH-003,14,12,2022-08-05,2022-08-12,108.45,Received
PO-000345,2022-07-24,MAT-017,SUP-003,WH-001,5,24,2022-08-17,2022-08-15,3463.71,Received
PO-000346,2022-07-25,MAT-029,SUP-006,WH-002,8,20,2022-08-14,2022-08-12,511.8,Received
PO-000347,2022-07-27,MAT-037,SUP-004,WH-003,180,6,2022-08-02,2022-07-31,108.65,Received
PO-000348,2022-07-27,MAT-029,SUP-006,WH-003,7,20,2022-08-16,2022-08-16,511.8,Received
PO-000349,2022-07-27,MAT-011,SUP-004,WH-001,212,8,2022-08-04,2022-08-17,56.76,Received
PO-000350,2022-07-27,MAT-013,SUP-004,WH-003,275,7,2022-08-03,2022-08-12,111.4,Received
PO-000351,2022-07-27,MAT-032,SUP-007,WH-004,6,28,2022-08-24,2022-08-22,1238.66,Received
PO-000352,2022-07-27,MAT-033,SUP-007,WH-004,6,25,2022-08-21,2022-08-19,1179.71,Received
PO-000353,2022-07-28,MAT-006,SUP-001,WH-002,7,18,2022-08-15,2022-08-27,630.77,Received
PO-000354,2022-07-28,MAT-030,SUP-006,WH-004,9,21,2022-08-18,2022-08-17,609.7,Received
PO-000355,2022-07-28,MAT-017,SUP-003,WH-002,7,24,2022-08-21,2022-08-21,3463.71,Received
PO-000356,2022-07-29,MAT-040,SUP-008,WH-002,104,7,2022-08-05,2022-08-10,97.48,Received
PO-000357,2022-07-29,MAT-024,SUP-005,WH-004,22,12,2022-08-10,2022-08-09,176.74,Received
PO-000358,2022-07-31,MAT-007,SUP-001,WH-003,10,15,2022-08-15,2022-08-13,1810.3,Received
PO-000359,2022-07-31,MAT-027,SUP-006,WH-001,7,23,2022-08-23,2022-08-21,657.37,Received
PO-000360,2022-07-31,MAT-025,SUP-005,WH-004,21,12,2022-08-12,2022-08-10,127.95,Received
PO-000361,2022-07-31,MAT-031,SUP-007,WH-002,6,25,2022-08-25,2022-08-24,1350.5,Received
PO-000362,2022-07-31,MAT-034,SUP-007,WH-001,7,28,2022-08-28,2022-08-27,783.28,Received
PO-000363,2022-07-31,MAT-002,SUP-002,WH-001,16,12,2022-08-12,2022-08-10,241.37,Received
PO-000364,2022-08-01,MAT-024,SUP-005,WH-003,12,12,2022-08-13,2022-08-24,176.74,Received
PO-000365,2022-08-02,MAT-012,SUP-004,WH-002,190,5,2022-08-07,2022-08-18,50.61,Received
PO-000366,2022-08-02,MAT-033,SUP-007,WH-001,5,25,2022-08-27,2022-08-27,1179.71,Received
PO-000367,2022-08-02,MAT-019,SUP-003,WH-003,5,26,2022-08-28,2022-08-26,2922.43,Received
PO-000368,2022-08-03,MAT-015,SUP-004,WH-001,195,5,2022-08-08,2022-08-06,46.55,Received
PO-000369,2022-08-04,MAT-036,SUP-008,WH-003,192,7,2022-08-11,2022-08-10,75.97,Received
PO-000370,2022-08-05,MAT-039,SUP-008,WH-001,193,9,2022-08-14,2022-08-14,95.74,Received
PO-000371,2022-08-06,MAT-008,SUP-001,WH-004,5,18,2022-08-24,2022-09-06,636.55,Received
PO-000372,2022-08-07,MAT-039,SUP-008,WH-002,160,9,2022-08-16,2022-08-20,95.74,Received
PO-000373,2022-08-08,MAT-038,SUP-008,WH-001,144,8,2022-08-16,2022-08-30,70.54,Received
PO-000374,2022-08-09,MAT-036,SUP-008,WH-002,126,7,2022-08-16,2022-08-16,75.97,Received
PO-000375,2022-08-09,MAT-021,SUP-005,WH-001,14,13,2022-08-22,2022-08-20,208.55,Received
PO-000376,2022-08-09,MAT-023,SUP-005,WH-002,13,11,2022-08-20,2022-08-26,129.58,Received
PO-000377,2022-08-10,MAT-040,SUP-008,WH-003,154,7,2022-08-17,2022-08-31,97.48,Received
PO-000378,2022-08-10,MAT-028,SUP-006,WH-002,8,20,2022-08-30,2022-09-06,1167.46,Received
PO-000379,2022-08-12,MAT-007,SUP-001,WH-002,7,15,2022-08-27,2022-08-26,1810.3,Received
PO-000380,2022-08-12,MAT-008,SUP-001,WH-003,9,18,2022-08-30,2022-09-06,636.55,Received
PO-000381,2022-08-12,MAT-010,SUP-002,WH-001,5,13,2022-08-25,2022-08-24,856.73,Received
PO-000382,2022-08-12,MAT-001,SUP-001,WH-003,12,17,2022-08-29,2022-08-29,104.84,Received
PO-000383,2022-08-13,MAT-026,SUP-006,WH-003,7,20,2022-09-02,2022-08-31,433.64,Received
PO-000384,2022-08-13,MAT-003,SUP-002,WH-001,20,12,2022-08-25,2022-08-23,250.33,Received
PO-000385,2022-08-14,MAT-018,SUP-003,WH-002,5,26,2022-09-09,2022-09-09,2366.63,Received
PO-000386,2022-08-15,MAT-023,SUP-005,WH-003,23,11,2022-08-26,2022-08-28,129.58,Received
PO-000387,2022-08-16,MAT-009,SUP-002,WH-004,8,13,2022-08-29,2022-08-27,677.13,Received
PO-000388,2022-08-16,MAT-002,SUP-002,WH-004,16,12,2022-08-28,2022-08-26,241.37,Received
PO-000389,2022-08-17,MAT-005,SUP-001,WH-004,19,16,2022-09-02,2022-09-13,187.34,Received
PO-000390,2022-08-18,MAT-031,SUP-007,WH-003,6,25,2022-09-12,2022-09-11,1350.5,Received
PO-000391,2022-08-18,MAT-035,SUP-007,WH-002,6,28,2022-09-15,2022-09-21,1653.49,Received
PO-000392,2022-08-19,MAT-007,SUP-001,WH-003,10,15,2022-09-03,2022-09-02,1810.3,Received
PO-000393,2022-08-19,MAT-021,SUP-005,WH-004,19,13,2022-09-01,2022-09-01,208.55,Received
PO-000394,2022-08-19,MAT-031,SUP-007,WH-003,6,25,2022-09-13,2022-09-11,1350.5,Received
PO-000395,2022-08-20,MAT-038,SUP-008,WH-004,101,8,2022-08-28,2022-09-08,70.54,Received
PO-000396,2022-08-20,MAT-016,SUP-003,WH-004,4,26,2022-09-15,2022-09-14,1875.37,Received
PO-000397,2022-08-21,MAT-026,SUP-006,WH-004,6,20,2022-09-10,2022-09-20,433.64,Received
PO-000398,2022-08-21,MAT-016,SUP-003,WH-004,4,26,2022-09-16,2022-09-15,1875.37,Received
PO-000399,2022-08-22,MAT-014,SUP-004,WH-004,180,5,2022-08-27,2022-09-02,50.38,Received
PO-000400,2022-08-23,MAT-010,SUP-002,WH-002,9,13,2022-09-05,2022-09-04,856.73,Received
PO-000401,2022-08-24,MAT-009,SUP-002,WH-001,8,13,2022-09-06,2022-09-06,677.13,Received
PO-000402,2022-08-24,MAT-019,SUP-003,WH-003,5,26,2022-09-19,2022-09-19,2922.43,Received
PO-000403,2022-08-25,MAT-004,SUP-002,WH-002,19,12,2022-09-06,2022-09-04,108.45,Received
PO-000404,2022-08-25,MAT-005,SUP-001,WH-003,11,16,2022-09-10,2022-09-18,187.34,Received
PO-000405,2022-08-26,MAT-013,SUP-004,WH-004,151,7,2022-09-02,2022-08-31,111.4,Received
PO-000406,2022-08-27,MAT-025,SUP-005,WH-001,19,12,2022-09-08,2022-09-08,127.95,Received
PO-000407,2022-08-27,MAT-012,SUP-004,WH-003,138,5,2022-09-01,2022-09-10,50.61,Received
PO-000408,2022-08-27,MAT-014,SUP-004,WH-001,246,5,2022-09-01,2022-09-06,50.38,Received
PO-000409,2022-08-28,MAT-021,SUP-005,WH-001,14,13,2022-09-10,2022-09-10,208.55,Received
PO-000410,2022-08-28,MAT-022,SUP-005,WH-002,15,11,2022-09-08,2022-09-06,115.12,Received
PO-000411,2022-08-28,MAT-032,SUP-007,WH-003,5,28,2022-09-25,2022-09-23,1238.66,Received
PO-000412,2022-08-29,MAT-037,SUP-004,WH-004,114,6,2022-09-04,2022-09-04,108.65,Received
PO-000413,2022-08-29,MAT-015,SUP-004,WH-002,209,5,2022-09-03,2022-09-02,46.55,Received
PO-000414,2022-08-30,MAT-030,SUP-006,WH-004,9,21,2022-09-20,2022-09-19,609.7,Received
PO-000415,2022-08-31,MAT-037,SUP-004,WH-003,180,6,2022-09-06,2022-09-04,108.65,Received
PO-000416,2022-08-31,MAT-028,SUP-006,WH-001,7,20,2022-09-20,2022-09-29,1167.46,Received
PO-000417,2022-09-01,MAT-030,SUP-006,WH-003,8,21,2022-09-22,2022-09-22,609.7,Received
PO-000418,2022-09-01,MAT-022,SUP-005,WH-001,14,11,2022-09-12,2022-09-12,115.12,Received
PO-000419,2022-09-01,MAT-004,SUP-002,WH-003,14,12,2022-09-13,2022-09-11,108.45,Received
PO-000420,2022-09-02,MAT-040,SUP-008,WH-002,104,7,2022-09-09,2022-09-09,97.48,Received
PO-000421,2022-09-02,MAT-011,SUP-004,WH-002,180,8,2022-09-10,2022-09-09,56.76,Received
PO-000422,2022-09-04,MAT-007,SUP-001,WH-002,7,15,2022-09-19,2022-09-19,1810.3,Received
PO-000423,2022-09-04,MAT-026,SUP-006,WH-003,7,20,2022-09-24,2022-09-23,433.64,Received
PO-000424,2022-09-05,MAT-015,SUP-004,WH-001,195,5,2022-09-10,2022-09-19,46.55,Received
PO-000425,2022-09-05,MAT-001,SUP-001,WH-004,12,17,2022-09-22,2022-10-03,104.84,Received
PO-000426,2022-09-07,MAT-029,SUP-006,WH-003,7,20,2022-09-27,2022-09-27,511.8,Received
PO-000427,2022-09-07,MAT-003,SUP-002,WH-002,13,12,2022-09-19,2022-09-19,250.33,Received
PO-000428,2022-09-08,MAT-039,SUP-008,WH-002,160,9,2022-09-17,2022-09-17,95.74,Received
PO-000429,2022-09-08,MAT-013,SUP-004,WH-003,275,7,2022-09-15,2022-09-15,111.4,Received
PO-000430,2022-09-08,MAT-034,SUP-007,WH-001,7,28,2022-10-06,2022-10-05,783.28,Received
PO-000431,2022-09-09,MAT-008,SUP-001,WH-004,5,18,2022-09-27,2022-09-25,636.55,Received
PO-000432,2022-09-10,MAT-036,SUP-008,WH-003,192,7,2022-09-17,2022-09-24,75.97,Received
PO-000433,2022-09-11,MAT-039,SUP-008,WH-001,193,9,2022-09-20,2022-10-04,95.74,Received
PO-000434,2022-09-12,MAT-036,SUP-008,WH-002,126,7,2022-09-19,2022-09-25,75.97,Received
PO-000435,2022-09-12,MAT-023,SUP-005,WH-002,13,11,2022-09-23,2022-09-22,129.58,Received
PO-000436,2022-09-12,MAT-011,SUP-004,WH-001,212,8,2022-09-20,2022-09-22,56.76,Received
PO-000437,2022-09-14,MAT-010,SUP-002,WH-002,9,13,2022-09-27,2022-09-27,856.73,Received
PO-000438,2022-09-14,MAT-033,SUP-007,WH-004,6,25,2022-10-09,2022-10-07,1179.71,Received
PO-000439,2022-09-15,MAT-006,SUP-001,WH-001,10,18,2022-10-03,2022-10-03,630.77,Received
PO-000440,2022-09-15,MAT-027,SUP-006,WH-004,7,23,2022-10-08,2022-10-08,657.37,Received
PO-000441,2022-09-15,MAT-025,SUP-005,WH-004,21,12,2022-09-27,2022-09-27,127.95,Received
PO-000442,2022-09-15,MAT-034,SUP-007,WH-002,6,28,2022-10-13,2022-10-13,783.28,Received
PO-000443,2022-09-16,MAT-020,SUP-003,WH-004,5,23,2022-10-09,2022-10-18,1627.96,Received
PO-000444,2022-09-17,MAT-012,SUP-004,WH-002,190,5,2022-09-22,2022-10-01,50.61,Received
PO-000445,2022-09-17,MAT-016,SUP-003,WH-001,6,26,2022-10-13,2022-10-13,1875.37,Received
PO-000446,2022-09-19,MAT-024,SUP-005,WH-004,22,12,2022-10-01,2022-10-03,176.74,Received
PO-000447,2022-09-19,MAT-002,SUP-002,WH-001,16,12,2022-10-01,2022-10-01,241.37,Received
PO-000448,2022-09-19,MAT-005,SUP-001,WH-004,19,16,2022-10-05,2022-10-18,187.34,Received
PO-000449,2022-09-21,MAT-024,SUP-005,WH-003,12,12,2022-10-03,2022-10-02,176.74,Received
PO-000450,2022-09-23,MAT-038,SUP-008,WH-001,144,8,2022-10-01,2022-10-09,70.54,Received
PO-000451,2022-09-23,MAT-005,SUP-001,WH-003,11,16,2022-10-09,2022-10-08,187.34,Received
PO-000452,2022-09-24,MAT-040,SUP-008,WH-003,154,7,2022-10-01,2022-10-01,97.48,Received
PO-000453,2022-09-25,MAT-014,SUP-004,WH-004,180,5,2022-09-30,2022-09-29,50.38,Received
PO-000454,2022-09-26,MAT-007,SUP-001,WH-003,10,15,2022-10-11,2022-10-13,1810.3,Received
PO-000455,2022-09-26,MAT-017,SUP-003,WH-001,5,24,2022-10-20,2022-10-19,3463.71,Received
PO-000456,2022-09-28,MAT-002,SUP-002,WH-004,16,12,2022-10-10,2022-10-08,241.37,Received
PO-000457,2022-09-29,MAT-038,SUP-008,WH-004,101,8,2022-10-07,2022-10-19,70.54,Received
PO-000458,2022-10-01,MAT-027,SUP-006,WH-001,7,23,2022-10-24,2022-10-24,657.37,Received
PO-000459,2022-10-02,MAT-006,SUP-001,WH-002,7,18,2022-10-20,2022-10-27,630.77,Received
PO-000460,2022-10-03,MAT-006,SUP-001,WH-001,10,18,2022-10-21,2022-10-23,630.77,Received
PO-000461,2022-10-03,MAT-028,SUP-006,WH-001,7,20,2022-10-23,2022-10-30,1167.46,Received
PO-000462,2022-10-03,MAT-029,SUP-006,WH-002,8,20,2022-10-23,2022-10-22,511.8,Received
PO-000463,2022-10-03,MAT-022,SUP-005,WH-002,15,11,2022-10-14,2022-10-21,115.12,Received
PO-000464,2022-10-03,MAT-013,SUP-004,WH-004,151,7,2022-10-10,2022-10-18,111.4,Received
PO-000465,2022-10-05,MAT-009,SUP-002,WH-004,8,13,2022-10-18,2022-10-17,677.13,Received
PO-000466,2022-10-05,MAT-035,SUP-007,WH-003,7,28,2022-11-02,2022-10-31,1653.49,Received
PO-000467,2022-10-05,MAT-019,SUP-003,WH-004,5,26,2022-10-31,2022-10-30,2922.43,Received
PO-000468,2022-10-06,MAT-026,SUP-006,WH-004,6,20,2022-10-26,2022-10-26,433.64,Received
PO-000469,2022-10-06,MAT-023,SUP-005,WH-003,23,11,2022-10-17,2022-10-22,129.58,Received
PO-000470,2022-10-06,MAT-018,SUP-003,WH-003,5,26,2022-11-01,2022-10-30,2366.63,Received
PO-000471,2022-10-07,MAT-021,SUP-005,WH-004,19,13,2022-10-20,2022-10-19,208.55,Received
PO-000472,2022-10-07,MAT-021,SUP-005,WH-001,14,13,2022-10-20,2022-10-19,208.55,Received
PO-000473,2022-10-07,MAT-014,SUP-004,WH-001,246,5,2022-10-12,2022-10-20,50.38,Received
PO-000474,2022-10-07,MAT-003,SUP-002,WH-001,20,12,2022-10-19,2022-10-17,250.33,Received
PO-000475,2022-10-07,MAT-017,SUP-003,WH-002,7,24,2022-10-31,2022-10-30,3463.71,Received
PO-000476,2022-10-07,MAT-020,SUP-003,WH-001,4,23,2022-10-30,2022-10-29,1627.96,Received
PO-000477,2022-10-08,MAT-037,SUP-004,WH-004,114,6,2022-10-14,2022-10-17,108.65,Received
PO-000478,2022-10-08,MAT-040,SUP-008,WH-002,104,7,2022-10-15,2022-10-21,97.48,Received
PO-000479,2022-10-08,MAT-028,SUP-006,WH-002,8,20,2022-10-28,2022-10-27,1167.46,Received
PO-000480,2022-10-08,MAT-011,SUP-004,WH-002,180,8,2022-10-16,2022-10-14,56.76,Received
PO-000481,2022-10-08,MAT-012,SUP-004,WH-003,138,5,2022-10-13,2022-10-11,50.61,Received
PO-000482,2022-10-09,MAT-010,SUP-002,WH-001,5,13,2022-10-22,2022-10-22,856.73,Received
PO-000483,2022-10-09,MAT-015,SUP-004,WH-002,209,5,2022-10-14,2022-10-21,46.55,Received
PO-000484,2022-10-09,MAT-031,SUP-007,WH-002,6,25,2022-11-03,2022-11-02,1350.5,Received
PO-000485,2022-10-09,MAT-004,SUP-002,WH-003,14,12,2022-10-21,2022-10-21,108.45,Received
PO-000486,2022-10-10,MAT-037,SUP-004,WH-003,180,6,2022-10-16,2022-10-16,108.65,Received
PO-000487,2022-10-10,MAT-030,SUP-006,WH-003,8,21,2022-10-31,2022-10-31,609.7,Received
PO-000488,2022-10-10,MAT-022,SUP-005,WH-001,14,11,2022-10-21,2022-10-20,115.12,Received
PO-000489,2022-10-11,MAT-035,SUP-007,WH-002,6,28,2022-11-08,2022-11-08,1653.49,Received
PO-000490,2022-10-12,MAT-025,SUP-005,WH-001,19,12,2022-10-24,2022-10-23,127.95,Received
PO-000491,2022-10-12,MAT-002,SUP-002,WH-001,16,12,2022-10-24,2022-10-24,241.37,Received
PO-000492,2022-10-13,MAT-026,SUP-006,WH-003,7,20,2022-11-02,2022-11-01,433.64,Received
PO-000493,2022-10-14,MAT-032,SUP-007,WH-004,6,28,2022-11-11,2022-11-09,1238.66,Received
PO-000494,2022-10-16,MAT-009,SUP-002,WH-001,8,13,2022-10-29,2022-10-29,677.13,Received
PO-000495,2022-10-16,MAT-039,SUP-008,WH-002,160,9,2022-10-25,2022-11-05,95.74,Received
PO-000496,2022-10-16,MAT-011,SUP-004,WH-001,212,8,2022-10-24,2022-10-23,56.76,Received
PO-000497,2022-10-16,MAT-013,SUP-004,WH-003,275,7,2022-10-23,2022-10-22,111.4,Received
PO-000498,2022-10-19,MAT-036,SUP-008,WH-002,126,7,2022-10-26,2022-10-26,75.97,Received
PO-000499,2022-10-19,MAT-015,SUP-004,WH-001,195,5,2022-10-24,2022-10-24,46.55,Received
PO-000500,2022-10-19,MAT-031,SUP-007,WH-003,6,25,2022-11-13,2022-11-11,1350.5,Received
PO-000501,2022-10-20,MAT-024,SUP-005,WH-004,22,12,2022-11-01,2022-10-31,176.74,Received
PO-000502,2022-10-20,MAT-004,SUP-002,WH-002,19,12,2022-11-01,2022-10-30,108.45,Received
PO-000503,2022-10-21,MAT-036,SUP-008,WH-003,192,7,2022-10-28,2022-10-27,75.97,Received
PO-000504,2022-10-21,MAT-001,SUP-001,WH-004,12,17,2022-11-07,2022-11-05,104.84,Received
PO-000505,2022-10-23,MAT-024,SUP-005,WH-003,12,12,2022-11-04,2022-11-02,176.74,Received
PO-000506,2022-10-23,MAT-033,SUP-007,WH-001,5,25,2022-11-17,2022-11-19,1179.71,Received
PO-000507,2022-10-24,MAT-006,SUP-001,WH-001,10,18,2022-11-11,2022-11-24,630.77,Received
PO-000508,2022-10-26,MAT-002,SUP-002,WH-004,16,12,2022-11-07,2022-11-07,241.37,Received
PO-000509,2022-10-27,MAT-023,SUP-005,WH-002,13,11,2022-11-07,2022-11-07,129.58,Received
PO-000510,2022-10-27,MAT-034,SUP-007,WH-002,6,28,2022-11-24,2022-11-27,783.28,Received
PO-000511,2022-10-28,MAT-001,SUP-001,WH-003,12,17,2022-11-14,2022-11-14,104.84,Received
PO-000512,2022-10-28,MAT-004,SUP-002,WH-003,14,12,2022-11-09,2022-11-08,108.45,Received
PO-000513,2022-10-29,MAT-039,SUP-008,WH-001,193,9,2022-11-07,2022-11-13,95.74,Received
PO-000514,2022-10-29,MAT-005,SUP-001,WH-004,19,16,2022-11-14,2022-11-20,187.34,Received
PO-000515,2022-10-30,MAT-040,SUP-008,WH-003,154,7,2022-11-06,2022-11-04,97.48,Received
PO-000516,2022-10-30,MAT-025,SUP-005,WH-004,21,12,2022-11-11,2022-11-16,127.95,Received
PO-000517,2022-10-30,MAT-014,SUP-004,WH-004,180,5,2022-11-04,2022-11-04,50.38,Received
PO-000518,2022-10-31,MAT-029,SUP-006,WH-003,7,20,2022-11-20,2022-11-20,511.8,Received
PO-000519,2022-10-31,MAT-012,SUP-004,WH-002,190,5,2022-11-05,2022-11-11,50.61,Received
PO-000520,2022-11-01,MAT-003,SUP-002,WH-002,13,12,2022-11-13,2022-11-17,250.33,Received
PO-000521,2022-11-02,MAT-017,SUP-003,WH-002,7,24,2022-11-26,2022-11-25,3463.71,Received
PO-000522,2022-11-02,MAT-018,SUP-003,WH-002,5,26,2022-11-28,2022-11-26,2366.63,Received
PO-000523,2022-11-03,MAT-008,SUP-001,WH-003,9,18,2022-11-21,2022-11-20,636.55,Received
PO-000524,2022-11-04,MAT-028,SUP-006,WH-001,7,20,2022-11-24,2022-11-30,1167.46,Received
PO-000525,2022-11-05,MAT-038,SUP-008,WH-001,144,8,2022-11-13,2022-11-11,70.54,Received
PO-000526,2022-11-06,MAT-010,SUP-002,WH-002,9,13,2022-11-19,2022-11-18,856.73,Received
PO-000527,2022-11-07,MAT-027,SUP-006,WH-004,7,23,2022-11-30,2022-11-28,657.37,Received
PO-000528,2022-11-07,MAT-032,SUP-007,WH-004,6,28,2022-12-05,2022-12-03,1238.66,Received
PO-000529,2022-11-07,MAT-035,SUP-007,WH-002,6,28,2022-12-05,2022-12-03,1653.49,Received
PO-000530,2022-11-08,MAT-029,SUP-006,WH-002,8,20,2022-11-28,2022-11-26,511.8,Received
PO-000531,2022-11-09,MAT-008,SUP-001,WH-004,5,18,2022-11-27,2022-11-26,636.55,Received
PO-000532,2022-11-09,MAT-005,SUP-001,WH-003,11,16,2022-11-25,2022-11-23,187.34,Received
PO-000533,2022-11-10,MAT-038,SUP-008,WH-004,101,8,2022-11-18,2022-11-29,70.54,Received
PO-000534,2022-11-10,MAT-022,SUP-005,WH-001,14,11,2022-11-21,2022-11-27,115.12,Received
PO-000535,2022-11-11,MAT-023,SUP-005,WH-003,23,11,2022-11-22,2022-12-04,129.58,Received
PO-000536,2022-11-11,MAT-003,SUP-002,WH-001,20,12,2022-11-23,2022-11-21,250.33,Received
PO-000537,2022-11-12,MAT-026,SUP-006,WH-004,6,20,2022-12-02,2022-12-02,433.64,Received
PO-000538,2022-11-12,MAT-021,SUP-005,WH-004,19,13,2022-11-25,2022-11-23,208.55,Received
PO-000539,2022-11-13,MAT-007,SUP-001,WH-002,7,15,2022-11-28,2022-11-27,1810.3,Received
PO-000540,2022-11-13,MAT-030,SUP-006,WH-004,9,21,2022-12-04,2022-12-04,609.7,Received
PO-000541,2022-11-14,MAT-009,SUP-002,WH-001,8,13,2022-11-27,2022-11-25,677.13,Received
PO-000542,2022-11-14,MAT-037,SUP-004,WH-004,114,6,2022-11-20,2022-11-25,108.65,Received
PO-000543,2022-11-14,MAT-028,SUP-006,WH-002,8,20,2022-12-04,2022-12-16,1167.46,Received
PO-000544,2022-11-14,MAT-011,SUP-004,WH-002,180,8,2022-11-22,2022-12-04,56.76,Received
PO-000545,2022-11-14,MAT-031,SUP-007,WH-002,6,25,2022-12-09,2022-12-08,1350.5,Received
PO-000546,2022-11-15,MAT-040,SUP-008,WH-002,104,7,2022-11-22,2022-11-30,97.48,Received
PO-000547,2022-11-15,MAT-026,SUP-006,WH-003,7,20,2022-12-05,2022-12-04,433.64,Received
PO-000548,2022-11-15,MAT-014,SUP-004,WH-001,246,5,2022-11-20,2022-11-22,50.38,Received
PO-000549,2022-11-16,MAT-037,SUP-004,WH-003,180,6,2022-11-22,2022-11-20,108.65,Received
PO-000550,2022-11-16,MAT-013,SUP-004,WH-004,151,7,2022-11-23,2022-11-22,111.4,Received
PO-000551,2022-11-16,MAT-001,SUP-001,WH-004,12,17,2022-12-03,2022-12-03,104.84,Received
PO-000552,2022-11-16,MAT-004,SUP-002,WH-002,19,12,2022-11-28,2022-11-27,108.45,Received
PO-000553,2022-11-17,MAT-027,SUP-006,WH-001,7,23,2022-12-10,2022-12-09,657.37,Received
PO-000554,2022-11-17,MAT-022,SUP-005,WH-002,15,11,2022-11-28,2022-11-28,115.12,Received
PO-000555,2022-11-17,MAT-015,SUP-004,WH-002,209,5,2022-11-22,2022-11-21,46.55,Received
PO-000556,2022-11-18,MAT-012,SUP-004,WH-003,138,5,2022-11-23,2022-11-22,50.61,Received
PO-000557,2022-11-18,MAT-019,SUP-003,WH-003,5,26,2022-12-14,2022-12-14,2922.43,Received
PO-000558,2022-11-19,MAT-015,SUP-004,WH-001,195,5,2022-11-24,2022-11-22,46.55,Received
PO-000559,2022-11-19,MAT-004,SUP-002,WH-003,14,12,2022-12-01,2022-11-29,108.45,Received
PO-000560,2022-11-20,MAT-030,SUP-006,WH-003,8,21,2022-12-11,2022-12-10,609.7,Received
PO-000561,2022-11-20,MAT-021,SUP-005,WH-001,14,13,2022-12-03,2022-12-01,208.55,Received
PO-000562,2022-11-20,MAT-013,SUP-004,WH-003,275,7,2022-11-27,2022-11-27,111.4,Received
PO-000563,2022-11-20,MAT-034,SUP-007,WH-001,7,28,2022-12-18,2022-12-18,783.28,Received
PO-000564,2022-11-21,MAT-008,SUP-001,WH-003,9,18,2022-12-09,2022-12-09,636.55,Received
PO-000565,2022-11-21,MAT-036,SUP-008,WH-002,126,7,2022-11-28,2022-11-26,75.97,Received
PO-000566,2022-11-22,MAT-036,SUP-008,WH-003,192,7,2022-11-29,2022-11-28,75.97,Received
PO-000567,2022-11-23,MAT-029,SUP-006,WH-003,7,20,2022-12-13,2022-12-17,511.8,Received
PO-000568,2022-11-23,MAT-011,SUP-004,WH-001,212,8,2022-12-01,2022-12-08,56.76,Received
PO-000569,2022-11-23,MAT-002,SUP-002,WH-004,16,12,2022-12-05,2022-12-16,241.37,Received
PO-000570,2022-11-24,MAT-010,SUP-002,WH-002,9,13,2022-12-07,2022-12-07,856.73,Received
PO-000571,2022-11-26,MAT-016,SUP-003,WH-004,4,26,2022-12-22,2022-12-21,1875.37,Received
PO-000572,2022-11-26,MAT-020,SUP-003,WH-001,4,23,2022-12-19,2022-12-17,1627.96,Received
PO-000573,2022-11-27,MAT-025,SUP-005,WH-001,19,12,2022-12-09,2022-12-08,127.95,Received
PO-000574,2022-11-28,MAT-007,SUP-001,WH-003,10,15,2022-12-13,2022-12-11,1810.3,Received
PO-000575,2022-11-29,MAT-035,SUP-007,WH-003,7,28,2022-12-27,2022-12-27,1653.49,Received
PO-000576,2022-11-30,MAT-039,SUP-008,WH-002,160,9,2022-12-09,2022-12-07,95.74,Received
PO-000577,2022-11-30,MAT-031,SUP-007,WH-002,6,25,2022-12-25,2022-12-24,1350.5,Received
PO-000578,2022-12-01,MAT-014,SUP-004,WH-004,180,5,2022-12-06,2022-12-13,50.38,Received
PO-000579,2022-12-01,MAT-002,SUP-002,WH-001,16,12,2022-12-13,2022-12-11,241.37,Received
PO-000580,2022-12-01,MAT-018,SUP-003,WH-003,5,26,2022-12-27,2022-12-26,2366.63,Received
PO-000581,2022-12-01,MAT-020,SUP-003,WH-001,4,23,2022-12-24,2022-12-23,1627.96,Received
PO-000582,2022-12-02,MAT-040,SUP-008,WH-003,154,7,2022-12-09,2022-12-15,97.48,Received
PO-000583,2022-12-03,MAT-024,SUP-005,WH-004,22,12,2022-12-15,2022-12-14,176.74,Received
PO-000584,2022-12-04,MAT-009,SUP-002,WH-001,8,13,2022-12-17,2022-12-15,677.13,Received
PO-000585,2022-12-04,MAT-025,SUP-005,WH-004,21,12,2022-12-16,2022-12-15,127.95,Received
PO-000586,2022-12-05,MAT-039,SUP-008,WH-001,193,9,2022-12-14,2022-12-18,95.74,Received
PO-000587,2022-12-05,MAT-032,SUP-007,WH-003,5,28,2023-01-02,2022-12-31,1238.66,Received
PO-000588,2022-12-06,MAT-023,SUP-005,WH-002,13,11,2022-12-17,2022-12-15,129.58,Received
PO-000589,2022-12-06,MAT-003,SUP-002,WH-002,13,12,2022-12-18,2022-12-17,250.33,Received
PO-000590,2022-12-06,MAT-005,SUP-001,WH-004,19,16,2022-12-22,2022-12-20,187.34,Received
PO-000591,2022-12-07,MAT-031,SUP-007,WH-003,6,25,2023-01-01,2023-01-01,1350.5,Received
PO-000592,2022-12-07,MAT-020,SUP-003,WH-004,5,23,2022-12-30,2022-12-29,1627.96,Received
PO-000593,2022-12-08,MAT-012,SUP-004,WH-002,190,5,2022-12-13,2022-12-22,50.61,Received
PO-000594,2022-12-08,MAT-001,SUP-001,WH-003,12,17,2022-12-25,2023-01-03,104.84,Received
PO-000595,2022-12-09,MAT-010,SUP-002,WH-001,5,13,2022-12-22,2022-12-20,856.73,Received
PO-000596,2022-12-10,MAT-033,SUP-007,WH-004,6,25,2023-01-04,2023-01-04,1179.71,Received
PO-000597,2022-12-10,MAT-033,SUP-007,WH-001,5,25,2023-01-04,2023-01-16,1179.71,Received
PO-000598,2022-12-11,MAT-038,SUP-008,WH-001,144,8,2022-12-19,2022-12-18,70.54,Received
PO-000599,2022-12-11,MAT-033,SUP-007,WH-004,6,25,2023-01-05,2023-01-04,1179.71,Received
PO-000600,2022-12-13,MAT-006,SUP-001,WH-002,7,18,2022-12-31,2022-12-31,630.77,Received
PO-000601,2022-12-13,MAT-028,SUP-006,WH-001,7,20,2023-01-02,2023-01-01,1167.46,Received
PO-000602,2022-12-13,MAT-034,SUP-007,WH-002,6,28,2023-01-10,2023-01-08,783.28,Received
PO-000603,2022-12-16,MAT-026,SUP-006,WH-003,7,20,2023-01-05,2023-01-05,433.64,Received
PO-000604,2022-12-16,MAT-023,SUP-005,WH-003,23,11,2022-12-27,2023-01-03,129.58,Received
PO-000605,2022-12-16,MAT-013,SUP-004,WH-004,151,7,2022-12-23,2023-01-06,111.4,Received
PO-000606,2022-12-16,MAT-018,SUP-003,WH-002,5,26,2023-01-11,2023-01-20,2366.63,Received
PO-000607,2022-12-18,MAT-030,SUP-006,WH-004,9,21,2023-01-08,2023-01-08,609.7,Received
PO-000608,2022-12-19,MAT-037,SUP-004,WH-003,180,6,2022-12-25,2022-12-24,108.65,Received
PO-000609,2022-12-19,MAT-038,SUP-008,WH-004,101,8,2022-12-27,2022-12-30,70.54,Received
PO-000610,2022-12-19,MAT-021,SUP-005,WH-004,19,13,2023-01-01,2023-01-04,208.55,Received
PO-000611,2022-12-19,MAT-015,SUP-004,WH-002,209,5,2022-12-24,2023-01-06,46.55,Received
PO-000612,2022-12-19,MAT-031,SUP-007,WH-003,6,25,2023-01-13,2023-01-11,1350.5,Received
PO-000613,2022-12-19,MAT-019,SUP-003,WH-004,5,26,2023-01-14,2023-01-14,2922.43,Received
PO-000614,2022-12-20,MAT-016,SUP-003,WH-001,6,26,2023-01-15,2023-01-15,1875.37,Received
PO-000615,2022-12-21,MAT-024,SUP-005,WH-003,12,12,2023-01-02,2023-01-02,176.74,Received
PO-000616,2022-12-21,MAT-015,SUP-004,WH-001,195,5,2022-12-26,2022-12-26,46.55,Received
PO-000617,2022-12-21,MAT-034,SUP-007,WH-001,7,28,2023-01-18,2023-01-16,783.28,Received
PO-000618,2022-12-21,MAT-005,SUP-001,WH-003,11,16,2023-01-06,2023-01-06,187.34,Received
PO-000619,2022-12-22,MAT-006,SUP-001,WH-001,10,18,2023-01-09,2023-01-20,630.77,Received
PO-000620,2022-12-22,MAT-037,SUP-004,WH-004,114,6,2022-12-28,2022-12-26,108.65,Received
PO-000621,2022-12-22,MAT-014,SUP-004,WH-001,246,5,2022-12-27,2023-01-03,50.38,Received
PO-000622,2022-12-24,MAT-007,SUP-001,WH-003,10,15,2023-01-08,2023-01-08,1810.3,Received
PO-000623,2022-12-24,MAT-036,SUP-008,WH-002,126,7,2022-12-31,2022-12-31,75.97,Received
PO-000624,2022-12-25,MAT-013,SUP-004,WH-003,275,7,2023-01-01,2022-12-31,111.4,Received
PO-000625,2022-12-26,MAT-011,SUP-004,WH-002,180,8,2023-01-03,2023-01-01,56.76,Received
PO-000626,2022-12-27,MAT-008,SUP-001,WH-003,9,18,2023-01-14,2023-01-14,636.55,Received
PO-000627,2022-12-27,MAT-040,SUP-008,WH-002,104,7,2023-01-03,2023-01-16,97.48,Received
PO-000628,2022-12-27,MAT-022,SUP-005,WH-001,14,11,2023-01-07,2023-01-05,115.12,Received
PO-000629,2022-12-27,MAT-025,SUP-005,WH-001,19,12,2023-01-08,2023-01-06,127.95,Received
PO-000630,2022-12-28,MAT-027,SUP-006,WH-001,7,23,2023-01-20,2023-01-19,657.37,Received
PO-000631,2022-12-28,MAT-002,SUP-002,WH-001,16,12,2023-01-09,2023-01-19,241.37,Received
PO-000632,2022-12-28,MAT-004,SUP-002,WH-003,14,12,2023-01-09,2023-01-17,108.45,Received
PO-000633,2022-12-29,MAT-036,SUP-008,WH-003,192,7,2023-01-05,2023-01-03,75.97,Received
PO-000634,2022-12-29,MAT-026,SUP-006,WH-004,6,20,2023-01-18,2023-01-17,433.64,Received
PO-000635,2022-12-29,MAT-012,SUP-004,WH-003,138,5,2023-01-03,2023-01-12,50.61,Received
PO-000636,2022-12-29,MAT-003,SUP-002,WH-001,20,12,2023-01-10,2023-01-08,250.33,Received
PO-000637,2022-12-29,MAT-018,SUP-003,WH-003,5,26,2023-01-24,2023-01-24,2366.63,Received
PO-000638,2022-12-30,MAT-035,SUP-007,WH-003,7,28,2023-01-27,2023-01-27,1653.49,Received
PO-000639,2022-12-31,MAT-006,SUP-001,WH-002,7,18,2023-01-18,2023-01-16,630.77,Received
PO-000640,2022-12-31,MAT-011,SUP-004,WH-001,212,8,2023-01-08,2023-01-07,56.76,Received
PO-000641,2023-01-01,MAT-003,SUP-002,WH-002,13,12,2023-01-13,2023-01-24,250.33,Received
PO-000642,2023-01-03,MAT-039,SUP-008,WH-002,160,9,2023-01-12,2023-01-10,95.74,Received
PO-000643,2023-01-04,MAT-022,SUP-005,WH-002,15,11,2023-01-15,2023-01-13,115.12,Received
PO-000644,2023-01-04,MAT-004,SUP-002,WH-002,19,12,2023-01-16,2023-01-15,108.45,Received
PO-000645,2023-01-06,MAT-030,SUP-006,WH-003,8,21,2023-01-27,2023-01-25,609.7,Received
PO-000646,2023-01-06,MAT-024,SUP-005,WH-004,22,12,2023-01-18,2023-01-16,176.74,Received
PO-000647,2023-01-06,MAT-034,SUP-007,WH-001,7,28,2023-02-03,2023-02-03,783.28,Received
PO-000648,2023-01-07,MAT-010,SUP-002,WH-002,9,13,2023-01-20,2023-01-18,856.73,Received
PO-000649,2023-01-07,MAT-029,SUP-006,WH-002,8,20,2023-01-27,2023-01-29,511.8,Received
PO-000650,2023-01-08,MAT-039,SUP-008,WH-001,193,9,2023-01-17,2023-01-17,95.74,Received
PO-000651,2023-01-08,MAT-002,SUP-002,WH-004,16,12,2023-01-20,2023-01-20,241.37,Received
PO-000652,2023-01-10,MAT-014,SUP-004,WH-004,180,5,2023-01-15,2023-01-14,50.38,Received
PO-000653,2023-01-11,MAT-008,SUP-001,WH-004,5,18,2023-01-29,2023-01-28,636.55,Received
PO-000654,2023-01-11,MAT-040,SUP-008,WH-003,154,7,2023-01-18,2023-01-18,97.48,Received
PO-000655,2023-01-12,MAT-025,SUP-005,WH-004,21,12,2023-01-24,2023-01-24,127.95,Received
PO-000656,2023-01-13,MAT-032,SUP-007,WH-004,6,28,2023-02-10,2023-02-10,1238.66,Received
PO-000657,2023-01-14,MAT-038,SUP-008,WH-001,144,8,2023-01-22,2023-01-21,70.54,Received
PO-000658,2023-01-14,MAT-017,SUP-003,WH-001,5,24,2023-02-07,2023-02-07,3463.71,Received
PO-000659,2023-01-14,MAT-019,SUP-003,WH-004,5,26,2023-02-09,2023-02-09,2922.43,Received
PO-000660,2023-01-16,MAT-009,SUP-002,WH-004,8,13,2023-01-29,2023-01-28,677.13,Received
PO-000661,2023-01-16,MAT-028,SUP-006,WH-002,8,20,2023-02-05,2023-02-05,1167.46,Received
PO-000662,2023-01-17,MAT-028,SUP-006,WH-001,7,20,2023-02-06,2023-02-13,1167.46,Received
PO-000663,2023-01-18,MAT-023,SUP-005,WH-003,23,11,2023-01-29,2023-01-27,129.58,Received
PO-000664,2023-01-18,MAT-012,SUP-004,WH-002,190,5,2023-01-23,2023-01-22,50.61,Received
PO-000665,2023-01-18,MAT-001,SUP-001,WH-004,12,17,2023-02-04,2023-02-12,104.84,Received
PO-000666,2023-01-21,MAT-027,SUP-006,WH-004,7,23,2023-02-13,2023-02-18,657.37,Received
PO-000667,2023-01-21,MAT-025,SUP-005,WH-001,19,12,2023-02-02,2023-02-01,127.95,Received
PO-000668,2023-01-22,MAT-021,SUP-005,WH-001,14,13,2023-02-04,2023-02-02,208.55,Received
PO-000669,2023-01-22,MAT-005,SUP-001,WH-004,19,16,2023-02-07,2023-02-12,187.34,Received
PO-000670,2023-01-23,MAT-038,SUP-008,WH-004,101,8,2023-01-31,2023-01-30,70.54,Received
PO-000671,2023-01-24,MAT-037,SUP-004,WH-004,114,6,2023-01-30,2023-01-29,108.65,Received
PO-000672,2023-01-24,MAT-026,SUP-006,WH-003,7,20,2023-02-13,2023-02-13,433.64,Received
PO-000673,2023-01-27,MAT-007,SUP-001,WH-002,7,15,2023-02-11,2023-02-25,1810.3,Received
PO-000674,2023-01-27,MAT-029,SUP-006,WH-003,7,20,2023-02-16,2023-02-14,511.8,Received
PO-000675,2023-01-27,MAT-023,SUP-005,WH-002,13,11,2023-02-07,2023-02-05,129.58,Received
PO-000676,2023-01-28,MAT-036,SUP-008,WH-002,126,7,2023-02-04,2023-02-03,75.97,Received
PO-000677,2023-01-28,MAT-015,SUP-004,WH-001,195,5,2023-02-02,2023-02-01,46.55,Received
PO-000678,2023-01-28,MAT-031,SUP-007,WH-002,6,25,2023-02-22,2023-02-27,1350.5,Received
PO-000679,2023-01-28,MAT-032,SUP-007,WH-003,5,28,2023-02-25,2023-02-23,1238.66,Received
PO-000680,2023-01-29,MAT-011,SUP-004,WH-002,180,8,2023-02-06,2023-02-19,56.76,Received
PO-000681,2023-01-29,MAT-013,SUP-004,WH-003,275,7,2023-02-05,2023-02-03,111.4,Received
PO-000682,2023-01-30,MAT-009,SUP-002,WH-004,8,13,2023-02-12,2023-02-11,677.13,Received
PO-000683,2023-01-30,MAT-016,SUP-003,WH-004,4,26,2023-02-25,2023-03-07,1875.37,Received
PO-000684,2023-01-31,MAT-014,SUP-004,WH-001,246,5,2023-02-05,2023-02-03,50.38,Received
PO-000685,2023-01-31,MAT-003,SUP-002,WH-001,20,12,2023-02-12,2023-02-11,250.33,Received
PO-000686,2023-01-31,MAT-016,SUP-003,WH-004,4,26,2023-02-26,2023-02-26,1875.37,Received
PO-000687,2023-01-31,MAT-018,SUP-003,WH-003,5,26,2023-02-26,2023-02-25,2366.63,Received
PO-000688,2023-02-01,MAT-005,SUP-001,WH-003,11,16,2023-02-17,2023-03-02,187.34,Received
PO-000689,2023-02-02,MAT-008,SUP-001,WH-003,9,18,2023-02-20,2023-02-26,636.55,Received
PO-000690,2023-02-02,MAT-001,SUP-001,WH-003,12,17,2023-02-19,2023-02-17,104.84,Received
PO-000691,2023-02-03,MAT-007,SUP-001,WH-003,10,15,2023-02-18,2023-02-18,1810.3,Received
PO-000692,2023-02-03,MAT-036,SUP-008,WH-003,192,7,2023-02-10,2023-02-09,75.97,Received
PO-000693,2023-02-03,MAT-013,SUP-004,WH-004,151,7,2023-02-10,2023-02-10,111.4,Received
PO-000694,2023-02-04,MAT-037,SUP-004,WH-003,180,6,2023-02-10,2023-02-09,108.65,Received
PO-000695,2023-02-04,MAT-031,SUP-007,WH-002,6,25,2023-03-01,2023-03-06,1350.5,Received
PO-000696,2023-02-04,MAT-033,SUP-007,WH-004,6,25,2023-03-01,2023-02-28,1179.71,Received
PO-000697,2023-02-04,MAT-033,SUP-007,WH-001,5,25,2023-03-01,2023-03-01,1179.71,Received
PO-000698,2023-02-04,MAT-035,SUP-007,WH-003,7,28,2023-03-04,2023-03-03,1653.49,Received
PO-000699,2023-02-05,MAT-021,SUP-005,WH-004,19,13,2023-02-18,2023-02-18,208.55,Received
PO-000700,2023-02-05,MAT-015,SUP-004,WH-002,209,5,2023-02-10,2023-02-16,46.55,Received
PO-000701,2023-02-05,MAT-002,SUP-002,WH-001,16,12,2023-02-17,2023-02-16,241.37,Received
PO-000702,2023-02-05,MAT-020,SUP-003,WH-001,4,23,2023-02-28,2023-03-05,1627.96,Received
PO-000703,2023-02-06,MAT-011,SUP-004,WH-001,212,8,2023-02-14,2023-02-23,56.76,Received
PO-000704,2023-02-07,MAT-029,SUP-006,WH-002,8,20,2023-02-27,2023-02-27,511.8,Received
PO-000705,2023-02-07,MAT-012,SUP-004,WH-003,138,5,2023-02-12,2023-02-14,50.61,Received
PO-000706,2023-02-07,MAT-035,SUP-007,WH-002,6,28,2023-03-07,2023-03-05,1653.49,Received
PO-000707,2023-02-09,MAT-039,SUP-008,WH-002,160,9,2023-02-18,2023-02-17,95.74,Received
PO-000708,2023-02-09,MAT-040,SUP-008,WH-002,104,7,2023-02-16,2023-02-15,97.48,Received
PO-000709,2023-02-09,MAT-030,SUP-006,WH-004,9,21,2023-03-02,2023-03-01,609.7,Received
PO-000710,2023-02-09,MAT-003,SUP-002,WH-002,13,12,2023-02-21,2023-03-05,250.33,Received
PO-000711,2023-02-10,MAT-009,SUP-002,WH-001,8,13,2023-02-23,2023-02-22,677.13,Received
PO-000712,2023-02-10,MAT-024,SUP-005,WH-003,12,12,2023-02-22,2023-02-20,176.74,Received
PO-000713,2023-02-11,MAT-030,SUP-006,WH-003,8,21,2023-03-04,2023-03-03,609.7,Received
PO-000714,2023-02-11,MAT-034,SUP-007,WH-002,6,28,2023-03-11,2023-03-09,783.28,Received
PO-000715,2023-02-12,MAT-039,SUP-008,WH-001,193,9,2023-02-21,2023-02-20,95.74,Received
PO-000716,2023-02-13,MAT-035,SUP-007,WH-003,7,28,2023-03-13,2023-03-13,1653.49,Received
PO-000717,2023-02-14,MAT-022,SUP-005,WH-002,15,11,2023-02-25,2023-02-25,115.12,Received
PO-000718,2023-02-14,MAT-004,SUP-002,WH-002,19,12,2023-02-26,2023-02-25,108.45,Received
PO-000719,2023-02-15,MAT-038,SUP-008,WH-001,144,8,2023-02-23,2023-03-08,70.54,Received
PO-000720,2023-02-15,MAT-026,SUP-006,WH-004,6,20,2023-03-07,2023-03-06,433.64,Received
PO-000721,2023-02-15,MAT-022,SUP-005,WH-001,14,11,2023-02-26,2023-02-24,115.12,Received
PO-000722,2023-02-15,MAT-024,SUP-005,WH-004,22,12,2023-02-27,2023-02-27,176.74,Received
PO-000723,2023-02-16,MAT-014,SUP-004,WH-004,180,5,2023-02-21,2023-02-19,50.38,Received
PO-000724,2023-02-18,MAT-010,SUP-002,WH-002,9,13,2023-03-03,2023-03-02,856.73,Received
PO-000725,2023-02-19,MAT-034,SUP-007,WH-001,7,28,2023-03-19,2023-03-27,783.28,Received
PO-000726,2023-02-20,MAT-006,SUP-001,WH-002,7,18,2023-03-10,2023-03-09,630.77,Received
PO-000727,2023-02-20,MAT-040,SUP-008,WH-003,154,7,2023-02-27,2023-03-05,97.48,Received
PO-000728,2023-02-20,MAT-016,SUP-003,WH-001,6,26,2023-03-18,2023-03-18,1875.37,Received
PO-000729,2023-02-21,MAT-031,SUP-007,WH-003,6,25,2023-03-18,2023-03-16,1350.5,Received
PO-000730,2023-02-21,MAT-002,SUP-002,WH-004,16,12,2023-03-05,2023-03-03,241.37,Received
PO-000731,2023-02-22,MAT-025,SUP-005,WH-004,21,12,2023-03-06,2023-03-05,127.95,Received
PO-000732,2023-02-22,MAT-012,SUP-004,WH-002,190,5,2023-02-27,2023-02-27,50.61,Received
PO-000733,2023-02-27,MAT-008,SUP-001,WH-004,5,18,2023-03-17,2023-03-25,636.55,Received
PO-000734,2023-02-27,MAT-026,SUP-006,WH-003,7,20,2023-03-19,2023-03-23,433.64,Received
PO-000735,2023-02-28,MAT-006,SUP-001,WH-001,10,18,2023-03-18,2023-03-24,630.77,Received
PO-000736,2023-02-28,MAT-037,SUP-004,WH-004,114,6,2023-03-06,2023-03-17,108.65,Received
PO-000737,2023-03-01,MAT-021,SUP-005,WH-001,14,13,2023-03-14,2023-03-16,208.55,Received
PO-000738,2023-03-02,MAT-024,SUP-005,WH-003,12,12,2023-03-14,2023-03-12,176.74,Received
PO-000739,2023-03-02,MAT-002,SUP-002,WH-001,16,12,2023-03-14,2023-03-13,241.37,Received
PO-000740,2023-03-03,MAT-004,SUP-002,WH-003,14,12,2023-03-15,2023-03-15,108.45,Received
PO-000741,2023-03-03,MAT-017,SUP-003,WH-002,7,24,2023-03-27,2023-03-30,3463.71,Received
PO-000742,2023-03-03,MAT-019,SUP-003,WH-004,5,26,2023-03-29,2023-03-28,2922.43,Received
PO-000743,2023-03-04,MAT-025,SUP-005,WH-001,19,12,2023-03-16,2023-03-16,127.95,Received
PO-000744,2023-03-05,MAT-038,SUP-008,WH-004,101,8,2023-03-13,2023-03-27,70.54,Received
PO-000745,2023-03-05,MAT-030,SUP-006,WH-003,8,21,2023-03-26,2023-03-25,609.7,Received
PO-000746,2023-03-05,MAT-013,SUP-004,WH-003,275,7,2023-03-12,2023-03-12,111.4,Received
PO-000747,2023-03-05,MAT-015,SUP-004,WH-001,195,5,2023-03-10,2023-03-14,46.55,Received
PO-000748,2023-03-05,MAT-035,SUP-007,WH-002,6,28,2023-04-02,2023-04-02,1653.49,Received
PO-000749,2023-03-05,MAT-020,SUP-003,WH-004,5,23,2023-03-28,2023-03-28,1627.96,Received
PO-000750,2023-03-06,MAT-007,SUP-001,WH-003,10,15,2023-03-21,2023-03-23,1810.3,Received
PO-000751,2023-03-06,MAT-028,SUP-006,WH-002,8,20,2023-03-26,2023-03-26,1167.46,Received
PO-000752,2023-03-06,MAT-014,SUP-004,WH-001,246,5,2023-03-11,2023-03-11,50.38,Received
PO-000753,2023-03-07,MAT-032,SUP-007,WH-003,5,28,2023-04-04,2023-04-02,1238.66,Received
PO-000754,2023-03-07,MAT-018,SUP-003,WH-003,5,26,2023-04-02,2023-04-01,2366.63,Received
PO-000755,2023-03-08,MAT-036,SUP-008,WH-002,126,7,2023-03-15,2023-03-22,75.97,Received
PO-000756,2023-03-08,MAT-028,SUP-006,WH-001,7,20,2023-03-28,2023-03-27,1167.46,Received
PO-000757,2023-03-08,MAT-005,SUP-001,WH-004,19,16,2023-03-24,2023-03-24,187.34,Received
PO-000758,2023-03-09,MAT-013,SUP-004,WH-004,151,7,2023-03-16,2023-03-16,111.4,Received
PO-000759,2023-03-10,MAT-036,SUP-008,WH-003,192,7,2023-03-17,2023-03-22,75.97,Received
PO-000760,2023-03-10,MAT-022,SUP-005,WH-002,15,11,2023-03-21,2023-03-19,115.12,Received
PO-000761,2023-03-10,MAT-003,SUP-002,WH-001,20,12,2023-03-22,2023-03-22,250.33,Received
PO-000762,2023-03-11,MAT-023,SUP-005,WH-003,23,11,2023-03-22,2023-03-22,129.58,Received
PO-000763,2023-03-12,MAT-027,SUP-006,WH-004,7,23,2023-04-04,2023-04-17,657.37,Received
PO-000764,2023-03-12,MAT-034,SUP-007,WH-002,6,28,2023-04-09,2023-04-09,783.28,Received
PO-000765,2023-03-13,MAT-030,SUP-006,WH-004,9,21,2023-04-03,2023-04-01,609.7,Received
PO-000766,2023-03-13,MAT-001,SUP-001,WH-003,12,17,2023-03-30,2023-04-09,104.84,Received
PO-000767,2023-03-14,MAT-037,SUP-004,WH-003,180,6,2023-03-20,2023-03-29,108.65,Received
PO-000768,2023-03-14,MAT-011,SUP-004,WH-002,180,8,2023-03-22,2023-03-27,56.76,Received
PO-000769,2023-03-15,MAT-006,SUP-001,WH-002,7,18,2023-04-02,2023-04-07,630.77,Received
PO-000770,2023-03-15,MAT-039,SUP-008,WH-002,160,9,2023-03-24,2023-04-06,95.74,Received
PO-000771,2023-03-15,MAT-027,SUP-006,WH-001,7,23,2023-04-07,2023-04-20,657.37,Received
PO-000772,2023-03-15,MAT-023,SUP-005,WH-002,13,11,2023-03-26,2023-03-29,129.58,Received
PO-000773,2023-03-15,MAT-001,SUP-001,WH-004,12,17,2023-04-01,2023-04-01,104.84,Received
PO-000774,2023-03-17,MAT-040,SUP-008,WH-002,104,7,2023-03-24,2023-04-07,97.48,Received
PO-000775,2023-03-17,MAT-004,SUP-002,WH-002,19,12,2023-03-29,2023-03-28,108.45,Received
PO-000776,2023-03-18,MAT-009,SUP-002,WH-001,8,13,2023-03-31,2023-03-31,677.13,Received
PO-000777,2023-03-18,MAT-010,SUP-002,WH-001,5,13,2023-03-31,2023-03-29,856.73,Received
PO-000778,2023-03-18,MAT-025,SUP-005,WH-004,21,12,2023-03-30,2023-03-30,127.95,Received
PO-000779,2023-03-18,MAT-016,SUP-003,WH-001,6,26,2023-04-13,2023-04-11,1875.37,Received
PO-000780,2023-03-19,MAT-015,SUP-004,WH-002,209,5,2023-03-24,2023-03-23,46.55,Received
PO-000781,2023-03-20,MAT-026,SUP-006,WH-004,6,20,2023-04-09,2023-04-13,433.64,Received
PO-000782,2023-03-20,MAT-032,SUP-007,WH-004,6,28,2023-04-17,2023-04-15,1238.66,Received
PO-000783,2023-03-21,MAT-039,SUP-008,WH-001,193,9,2023-03-30,2023-03-30,95.74,Received
PO-000784,2023-03-21,MAT-014,SUP-004,WH-004,180,5,2023-03-26,2023-03-24,50.38,Received
PO-000785,2023-03-21,MAT-031,SUP-007,WH-002,6,25,2023-04-15,2023-04-14,1350.5,Received
PO-000786,2023-03-21,MAT-032,SUP-007,WH-004,6,28,2023-04-18,2023-04-16,1238.66,Received
PO-000787,2023-03-22,MAT-011,SUP-004,WH-001,212,8,2023-03-30,2023-04-07,56.76,Received
PO-000788,2023-03-22,MAT-012,SUP-004,WH-003,138,5,2023-03-27,2023-03-27,50.61,Received
PO-000789,2023-03-23,MAT-031,SUP-007,WH-003,6,25,2023-04-17,2023-04-15,1350.5,Received
PO-000790,2023-03-24,MAT-012,SUP-004,WH-002,190,5,2023-03-29,2023-04-11,50.61,Received
PO-000791,2023-03-26,MAT-024,SUP-005,WH-004,22,12,2023-04-07,2023-04-05,176.74,Received
PO-000792,2023-04-01,MAT-009,SUP-002,WH-004,8,13,2023-04-14,2023-04-14,677.13,Received
PO-000793,2023-04-01,MAT-040,SUP-008,WH-003,154,7,2023-04-08,2023-04-08,97.48,Received
PO-000794,2023-04-02,MAT-038,SUP-008,WH-001,144,8,2023-04-10,2023-04-13,70.54,Received
PO-000795,2023-04-02,MAT-022,SUP-005,WH-001,14,11,2023-04-13,2023-04-11,115.12,Received
PO-000796,2023-04-02,MAT-017,SUP-003,WH-002,7,24,2023-04-26,2023-04-25,3463.71,Received
PO-000797,2023-04-04,MAT-003,SUP-002,WH-002,13,12,2023-04-16,2023-04-15,250.33,Received
PO-000798,2023-04-04,MAT-019,SUP-003,WH-004,5,26,2023-04-30,2023-04-28,2922.43,Received
PO-000799,2023-04-05,MAT-021,SUP-005,WH-001,14,13,2023-04-18,2023-04-20,208.55,Received
PO-000800,2023-04-06,MAT-029,SUP-006,WH-003,7,20,2023-04-26,2023-04-25,511.8,Received
PO-000801,2023-04-07,MAT-029,SUP-006,WH-002,8,20,2023-04-27,2023-04-25,511.8,Received
PO-000802,2023-04-07,MAT-001,SUP-001,WH-004,12,17,2023-04-24,2023-04-28,104.84,Received
PO-000803,2023-04-07,MAT-005,SUP-001,WH-003,11,16,2023-04-23,2023-05-06,187.34,Received
PO-000804,2023-04-09,MAT-037,SUP-004,WH-004,114,6,2023-04-15,2023-04-15,108.65,Received
PO-000805,2023-04-09,MAT-021,SUP-005,WH-004,19,13,2023-04-22,2023-04-21,208.55,Received
PO-000806,2023-04-09,MAT-004,SUP-002,WH-003,14,12,2023-04-21,2023-04-20,108.45,Received
PO-000807,2023-04-10,MAT-014,SUP-004,WH-001,246,5,2023-04-15,2023-04-21,50.38,Received
PO-000808,2023-04-10,MAT-003,SUP-002,WH-001,20,12,2023-04-22,2023-04-21,250.33,Received
PO-000809,2023-04-10,MAT-004,SUP-002,WH-002,19,12,2023-04-22,2023-04-22,108.45,Received
PO-000810,2023-04-11,MAT-024,SUP-005,WH-003,12,12,2023-04-23,2023-04-23,176.74,Received
PO-000811,2023-04-11,MAT-025,SUP-005,WH-001,19,12,2023-04-23,2023-04-21,127.95,Received
PO-000812,2023-04-11,MAT-013,SUP-004,WH-003,275,7,2023-04-18,2023-04-25,111.4,Received
PO-000813,2023-04-11,MAT-033,SUP-007,WH-004,6,25,2023-05-06,2023-05-13,1179.71,Received
PO-000814,2023-04-12,MAT-010,SUP-002,WH-002,9,13,2023-04-25,2023-04-23,856.73,Received
PO-000815,2023-04-13,MAT-006,SUP-001,WH-001,10,18,2023-05-01,2023-04-29,630.77,Received
PO-000816,2023-04-13,MAT-009,SUP-002,WH-001,8,13,2023-04-26,2023-04-25,677.13,Received
PO-000817,2023-04-13,MAT-013,SUP-004,WH-004,151,7,2023-04-20,2023-04-19,111.4,Received
PO-000818,2023-04-15,MAT-022,SUP-005,WH-002,15,11,2023-04-26,2023-04-30,115.12,Received
PO-000819,2023-04-15,MAT-015,SUP-004,WH-001,195,5,2023-04-20,2023-04-20,46.55,Received
PO-000820,2023-04-15,MAT-002,SUP-002,WH-001,16,12,2023-04-27,2023-04-25,241.37,Received
PO-000821,2023-04-16,MAT-036,SUP-008,WH-003,192,7,2023-04-23,2023-05-03,75.97,Received
PO-000822,2023-04-18,MAT-017,SUP-003,WH-001,5,24,2023-05-12,2023-05-10,3463.71,Received
PO-000823,2023-04-19,MAT-007,SUP-001,WH-003,10,15,2023-05-04,2023-05-10,1810.3,Received
PO-000824,2023-04-19,MAT-039,SUP-008,WH-001,193,9,2023-04-28,2023-04-27,95.74,Received
PO-000825,2023-04-20,MAT-036,SUP-008,WH-002,126,7,2023-04-27,2023-05-07,75.97,Received
PO-000826,2023-04-20,MAT-026,SUP-006,WH-004,6,20,2023-05-10,2023-05-09,433.64,Received
PO-000827,2023-04-21,MAT-037,SUP-004,WH-003,180,6,2023-04-27,2023-04-26,108.65,Received
PO-000828,2023-04-21,MAT-038,SUP-008,WH-004,101,8,2023-04-29,2023-04-28,70.54,Received
PO-000829,2023-04-21,MAT-011,SUP-004,WH-002,180,8,2023-04-29,2023-04-28,56.76,Received
PO-000830,2023-04-21,MAT-020,SUP-003,WH-001,4,23,2023-05-14,2023-05-13,1627.96,Received
PO-000831,2023-04-22,MAT-014,SUP-004,WH-004,180,5,2023-04-27,2023-04-25,50.38,Received
PO-000832,2023-04-22,MAT-002,SUP-002,WH-004,16,12,2023-05-04,2023-05-03,241.37,Received
PO-000833,2023-04-23,MAT-015,SUP-004,WH-002,209,5,2023-04-28,2023-04-26,46.55,Received
PO-000834,2023-04-24,MAT-033,SUP-007,WH-001,5,25,2023-05-19,2023-05-17,1179.71,Received
PO-000835,2023-04-24,MAT-005,SUP-001,WH-004,19,16,2023-05-10,2023-05-12,187.34,Received
PO-000836,2023-04-25,MAT-023,SUP-005,WH-003,23,11,2023-05-06,2023-05-04,129.58,Received
PO-000837,2023-04-25,MAT-031,SUP-007,WH-003,6,25,2023-05-20,2023-05-18,1350.5,Received
PO-000838,2023-04-26,MAT-019,SUP-003,WH-003,5,26,2023-05-22,2023-05-20,2922.43,Received
PO-000839,2023-04-27,MAT-007,SUP-001,WH-002,7,15,2023-05-12,2023-05-19,1810.3,Received
PO-000840,2023-04-27,MAT-030,SUP-006,WH-003,8,21,2023-05-18,2023-05-16,609.7,Received
PO-000841,2023-04-28,MAT-023,SUP-005,WH-002,13,11,2023-05-09,2023-05-22,129.58,Received
PO-000842,2023-04-28,MAT-012,SUP-004,WH-003,138,5,2023-05-03,2023-05-17,50.61,Received
PO-000843,2023-04-30,MAT-006,SUP-001,WH-001,10,18,2023-05-18,2023-05-17,630.77,Received
PO-000844,2023-04-30,MAT-009,SUP-002,WH-004,8,13,2023-05-13,2023-05-11,677.13,Received
PO-000845,2023-04-30,MAT-039,SUP-008,WH-002,160,9,2023-05-09,2023-05-20,95.74,Received
PO-000846,2023-04-30,MAT-025,SUP-005,WH-004,21,12,2023-05-12,2023-05-20,127.95,Received
PO-000847,2023-04-30,MAT-003,SUP-002,WH-002,13,12,2023-05-12,2023-05-10,250.33,Received
PO-000848,2023-05-02,MAT-011,SUP-004,WH-001,212,8,2023-05-10,2023-05-10,56.76,Received
PO-000849,2023-05-03,MAT-033,SUP-007,WH-004,6,25,2023-05-28,2023-05-27,1179.71,Received
PO-000850,2023-05-04,MAT-001,SUP-001,WH-003,12,17,2023-05-21,2023-05-27,104.84,Received
PO-000851,2023-05-05,MAT-040,SUP-008,WH-002,104,7,2023-05-12,2023-05-21,97.48,Received
PO-000852,2023-05-05,MAT-034,SUP-007,WH-002,6,28,2023-06-02,2023-05-31,783.28,Received
PO-000853,2023-05-06,MAT-012,SUP-004,WH-002,190,5,2023-05-11,2023-05-10,50.61,Received
PO-000854,2023-05-06,MAT-032,SUP-007,WH-003,5,28,2023-06-03,2023-06-01,1238.66,Received
PO-000855,2023-05-06,MAT-020,SUP-003,WH-004,5,23,2023-05-29,2023-05-28,1627.96,Received
PO-000856,2023-05-07,MAT-021,SUP-005,WH-001,14,13,2023-05-20,2023-05-20,208.55,Received
PO-000857,2023-05-09,MAT-027,SUP-006,WH-001,7,23,2023-06-01,2023-06-05,657.37,Received
PO-000858,2023-05-09,MAT-028,SUP-006,WH-002,8,20,2023-05-29,2023-06-05,1167.46,Received
PO-000859,2023-05-09,MAT-024,SUP-005,WH-004,22,12,2023-05-21,2023-05-21,176.74,Received
PO-000860,2023-05-09,MAT-035,SUP-007,WH-002,6,28,2023-06-06,2023-06-05,1653.49,Received
PO-000861,2023-05-10,MAT-035,SUP-007,WH-003,7,28,2023-06-07,2023-06-05,1653.49,Received
PO-000862,2023-05-11,MAT-038,SUP-008,WH-001,144,8,2023-05-19,2023-05-19,70.54,Received
PO-000863,2023-05-11,MAT-040,SUP-008,WH-003,154,7,2023-05-18,2023-05-25,97.48,Received
PO-000864,2023-05-11,MAT-029,SUP-006,WH-002,8,20,2023-05-31,2023-05-29,511.8,Received
PO-000865,2023-05-11,MAT-030,SUP-006,WH-004,9,21,2023-06-01,2023-06-07,609.7,Received
PO-000866,2023-05-11,MAT-022,SUP-005,WH-001,14,11,2023-05-22,2023-05-20,115.12,Received
PO-000867,2023-05-11,MAT-031,SUP-007,WH-002,6,25,2023-06-05,2023-06-15,1350.5,Received
PO-000868,2023-05-11,MAT-005,SUP-001,WH-003,11,16,2023-05-27,2023-05-26,187.34,Received
PO-000869,2023-05-11,MAT-017,SUP-003,WH-002,7,24,2023-06-04,2023-06-04,3463.71,Received
PO-000870,2023-05-12,MAT-034,SUP-007,WH-001,7,28,2023-06-09,2023-06-12,783.28,Received
PO-000871,2023-05-13,MAT-004,SUP-002,WH-002,19,12,2023-05-25,2023-05-23,108.45,Received
PO-000872,2023-05-14,MAT-008,SUP-001,WH-003,9,18,2023-06-01,2023-05-30,636.55,Received
PO-000873,2023-05-14,MAT-027,SUP-006,WH-004,7,23,2023-06-06,2023-06-04,657.37,Received
PO-000874,2023-05-15,MAT-006,SUP-001,WH-002,7,18,2023-06-02,2023-06-08,630.77,Received
PO-000875,2023-05-16,MAT-021,SUP-005,WH-004,19,13,2023-05-29,2023-05-29,208.55,Received
PO-000876,2023-05-16,MAT-017,SUP-003,WH-001,5,24,2023-06-09,2023-06-08,3463.71,Received
PO-000877,2023-05-17,MAT-025,SUP-005,WH-001,19,12,2023-05-29,2023-05-28,127.95,Received
PO-000878,2023-05-18,MAT-037,SUP-004,WH-004,114,6,2023-05-24,2023-06-01,108.65,Received
PO-000879,2023-05-18,MAT-013,SUP-004,WH-004,151,7,2023-05-25,2023-05-31,111.4,Received
PO-000880,2023-05-18,MAT-001,SUP-001,WH-004,12,17,2023-06-04,2023-06-16,104.84,Received
PO-000881,2023-05-18,MAT-004,SUP-002,WH-003,14,12,2023-05-30,2023-05-29,108.45,Received
PO-000882,2023-05-20,MAT-015,SUP-004,WH-001,195,5,2023-05-25,2023-05-24,46.55,Received
PO-000883,2023-05-21,MAT-009,SUP-002,WH-001,8,13,2023-06-03,2023-06-07,677.13,Received
PO-000884,2023-05-21,MAT-014,SUP-004,WH-001,246,5,2023-05-26,2023-05-24,50.38,Received
PO-000885,2023-05-22,MAT-011,SUP-004,WH-002,180,8,2023-05-30,2023-06-13,56.76,Received
PO-000886,2023-05-22,MAT-014,SUP-004,WH-004,180,5,2023-05-27,2023-05-26,50.38,Received
PO-000887,2023-05-23,MAT-039,SUP-008,WH-001,193,9,2023-06-01,2023-05-30,95.74,Received
PO-000888,2023-05-23,MAT-033,SUP-007,WH-001,5,25,2023-06-17,2023-06-26,1179.71,Received
PO-000889,2023-05-23,MAT-002,SUP-002,WH-001,16,12,2023-06-04,2023-06-02,241.37,Received
PO-000890,2023-05-23,MAT-005,SUP-001,WH-004,19,16,2023-06-08,2023-06-07,187.34,Received
PO-000891,2023-05-24,MAT-009,SUP-002,WH-004,8,13,2023-06-06,2023-06-06,677.13,Received
PO-000892,2023-05-24,MAT-013,SUP-004,WH-003,275,7,2023-05-31,2023-06-08,111.4,Received
PO-000893,2023-05-25,MAT-038,SUP-008,WH-004,101,8,2023-06-02,2023-06-14,70.54,Received
PO-000894,2023-05-25,MAT-022,SUP-005,WH-002,15,11,2023-06-05,2023-06-05,115.12,Received
PO-000895,2023-05-25,MAT-015,SUP-004,WH-002,209,5,2023-05-30,2023-06-02,46.55,Received
PO-000896,2023-05-25,MAT-034,SUP-007,WH-001,7,28,2023-06-22,2023-06-21,783.28,Received
PO-000897,2023-05-26,MAT-029,SUP-006,WH-003,7,20,2023-06-15,2023-06-14,511.8,Received
PO-000898,2023-05-27,MAT-036,SUP-008,WH-003,192,7,2023-06-03,2023-06-05,75.97,Received
PO-000899,2023-05-27,MAT-037,SUP-004,WH-003,180,6,2023-06-02,2023-06-02,108.65,Received
PO-000900,2023-05-28,MAT-016,SUP-003,WH-001,6,26,2023-06-23,2023-06-21,1875.37,Received
PO-000901,2023-05-30,MAT-030,SUP-006,WH-003,8,21,2023-06-20,2023-06-20,609.7,Received
PO-000902,2023-05-30,MAT-023,SUP-005,WH-003,23,11,2023-06-10,2023-06-09,129.58,Received
PO-000903,2023-05-31,MAT-010,SUP-002,WH-001,5,13,2023-06-13,2023-06-12,856.73,Received
PO-000904,2023-05-31,MAT-024,SUP-005,WH-003,12,12,2023-06-12,2023-06-11,176.74,Received
PO-000905,2023-05-31,MAT-033,SUP-007,WH-004,6,25,2023-06-25,2023-06-23,1179.71,Received
PO-000906,2023-06-01,MAT-032,SUP-007,WH-004,6,28,2023-06-29,2023-06-28,1238.66,Received
PO-000907,2023-06-02,MAT-008,SUP-001,WH-004,5,18,2023-06-20,2023-06-20,636.55,Received
PO-000908,2023-06-04,MAT-036,SUP-008,WH-002,126,7,2023-06-11,2023-06-14,75.97,Received
PO-000909,2023-06-04,MAT-033,SUP-007,WH-001,5,25,2023-06-29,2023-06-29,1179.71,Received
PO-000910,2023-06-04,MAT-003,SUP-002,WH-001,20,12,2023-06-16,2023-06-15,250.33,Received
PO-000911,2023-06-05,MAT-019,SUP-003,WH-004,5,26,2023-07-01,2023-06-30,2922.43,Received
PO-000912,2023-06-07,MAT-023,SUP-005,WH-002,13,11,2023-06-18,2023-06-18,129.58,Received
PO-000913,2023-06-07,MAT-005,SUP-001,WH-003,11,16,2023-06-23,2023-06-21,187.34,Received
PO-000914,2023-06-08,MAT-006,SUP-001,WH-002,7,18,2023-06-26,2023-06-25,630.77,Received
PO-000915,2023-06-08,MAT-022,SUP-005,WH-001,14,11,2023-06-19,2023-06-19,115.12,Received
PO-000916,2023-06-08,MAT-031,SUP-007,WH-002,6,25,2023-07-03,2023-07-02,1350.5,Received
PO-000917,2023-06-08,MAT-004,SUP-002,WH-003,14,12,2023-06-20,2023-06-20,108.45,Received
PO-000918,2023-06-09,MAT-012,SUP-004,WH-002,190,5,2023-06-14,2023-06-12,50.61,Received
PO-000919,2023-06-09,MAT-032,SUP-007,WH-004,6,28,2023-07-07,2023-07-07,1238.66,Received
PO-000920,2023-06-10,MAT-011,SUP-004,WH-001,212,8,2023-06-18,2023-06-23,56.76,Received
PO-000921,2023-06-10,MAT-035,SUP-007,WH-003,7,28,2023-07-08,2023-07-07,1653.49,Received
PO-000922,2023-06-11,MAT-021,SUP-005,WH-004,19,13,2023-06-24,2023-06-23,208.55,Received
PO-000923,2023-06-11,MAT-025,SUP-005,WH-004,21,12,2023-06-23,2023-06-23,127.95,Received
PO-000924,2023-06-11,MAT-003,SUP-002,WH-002,13,12,2023-06-23,2023-06-23,250.33,Received
PO-000925,2023-06-12,MAT-008,SUP-001,WH-003,9,18,2023-06-30,2023-06-29,636.55,Received
PO-000926,2023-06-12,MAT-028,SUP-006,WH-001,7,20,2023-07-02,2023-07-10,1167.46,Received
PO-000927,2023-06-12,MAT-001,SUP-001,WH-003,12,17,2023-06-29,2023-07-07,104.84,Received
PO-000928,2023-06-14,MAT-039,SUP-008,WH-002,160,9,2023-06-23,2023-06-23,95.74,Received
PO-000929,2023-06-14,MAT-002,SUP-002,WH-004,16,12,2023-06-26,2023-06-25,241.37,Received
PO-000930,2023-06-15,MAT-024,SUP-005,WH-004,22,12,2023-06-27,2023-06-26,176.74,Received
PO-000931,2023-06-16,MAT-007,SUP-001,WH-002,7,15,2023-07-01,2023-06-30,1810.3,Received
PO-000932,2023-06-16,MAT-038,SUP-008,WH-001,144,8,2023-06-24,2023-06-30,70.54,Received
PO-000933,2023-06-17,MAT-012,SUP-004,WH-003,138,5,2023-06-22,2023-07-02,50.61,Received
PO-000934,2023-06-18,MAT-040,SUP-008,WH-002,104,7,2023-06-25,2023-06-24,97.48,Received
PO-000935,2023-06-18,MAT-026,SUP-006,WH-003,7,20,2023-07-08,2023-07-07,433.64,Received
PO-000936,2023-06-18,MAT-020,SUP-003,WH-004,5,23,2023-07-11,2023-07-10,1627.96,Received
PO-000937,2023-06-19,MAT-029,SUP-006,WH-002,8,20,2023-07-09,2023-07-07,511.8,Received
PO-000938,2023-06-20,MAT-026,SUP-006,WH-004,6,20,2023-07-10,2023-07-08,433.64,Received
PO-000939,2023-06-20,MAT-005,SUP-001,WH-004,19,16,2023-07-06,2023-07-06,187.34,Received
PO-000940,2023-06-21,MAT-040,SUP-008,WH-003,154,7,2023-06-28,2023-06-27,97.48,Received
PO-000941,2023-06-21,MAT-015,SUP-004,WH-001,195,5,2023-06-26,2023-06-24,46.55,Received
PO-000942,2023-06-21,MAT-020,SUP-003,WH-001,4,23,2023-07-14,2023-07-23,1627.96,Received
PO-000943,2023-06-22,MAT-027,SUP-006,WH-001,7,23,2023-07-15,2023-07-14,657.37,Received
PO-000944,2023-06-24,MAT-010,SUP-002,WH-002,9,13,2023-07-07,2023-07-07,856.73,Received
PO-000945,2023-06-25,MAT-021,SUP-005,WH-001,14,13,2023-07-08,2023-07-06,208.55,Received
PO-000946,2023-06-25,MAT-002,SUP-002,WH-001,16,12,2023-07-07,2023-07-05,241.37,Received
PO-000947,2023-06-25,MAT-016,SUP-003,WH-001,6,26,2023-07-21,2023-07-20,1875.37,Received
PO-000948,2023-06-25,MAT-018,SUP-003,WH-003,5,26,2023-07-21,2023-07-19,2366.63,Received
PO-000949,2023-06-26,MAT-037,SUP-004,WH-004,114,6,2023-07-02,2023-07-09,108.65,Received
PO-000950,2023-06-26,MAT-030,SUP-006,WH-004,9,21,2023-07-17,2023-07-15,609.7,Received
PO-000951,2023-06-26,MAT-015,SUP-004,WH-002,209,5,2023-07-01,2023-07-01,46.55,Received
PO-000952,2023-06-26,MAT-019,SUP-003,WH-003,5,26,2023-07-22,2023-07-21,2922.43,Received
PO-000953,2023-06-27,MAT-006,SUP-001,WH-001,10,18,2023-07-15,2023-07-14,630.77,Received
PO-000954,2023-06-27,MAT-013,SUP-004,WH-004,151,7,2023-07-04,2023-07-12,111.4,Received
PO-000955,2023-06-27,MAT-035,SUP-007,WH-002,6,28,2023-07-25,2023-07-24,1653.49,Received
PO-000956,2023-06-28,MAT-037,SUP-004,WH-003,180,6,2023-07-04,2023-07-04,108.65,Received
PO-000957,2023-06-29,MAT-006,SUP-001,WH-002,7,18,2023-07-17,2023-07-15,630.77,Received
PO-000958,2023-06-29,MAT-028,SUP-006,WH-002,8,20,2023-07-19,2023-07-18,1167.46,Received
PO-000959,2023-06-29,MAT-014,SUP-004,WH-001,246,5,2023-07-04,2023-07-08,50.38,Received
PO-000960,2023-06-30,MAT-008,SUP-001,WH-004,5,18,2023-07-18,2023-07-22,636.55,Received
PO-000961,2023-06-30,MAT-036,SUP-008,WH-003,192,7,2023-07-07,2023-07-07,75.97,Received
PO-000962,2023-06-30,MAT-039,SUP-008,WH-001,193,9,2023-07-09,2023-07-09,95.74,Received
PO-000963,2023-06-30,MAT-014,SUP-004,WH-004,180,5,2023-07-05,2023-07-04,50.38,Received
PO-000964,2023-07-01,MAT-024,SUP-005,WH-003,12,12,2023-07-13,2023-07-17,176.74,Received
PO-000965,2023-07-01,MAT-025,SUP-005,WH-001,19,12,2023-07-13,2023-07-11,127.95,Received
PO-000966,2023-07-01,MAT-004,SUP-002,WH-003,14,12,2023-07-13,2023-07-11,108.45,Received
PO-000967,2023-07-02,MAT-022,SUP-005,WH-002,15,11,2023-07-13,2023-07-11,115.12,Received
PO-000968,2023-07-05,MAT-029,SUP-006,WH-003,7,20,2023-07-25,2023-08-04,511.8,Received
PO-000969,2023-07-05,MAT-017,SUP-003,WH-001,5,24,2023-07-29,2023-08-10,3463.71,Received
PO-000970,2023-07-06,MAT-011,SUP-004,WH-002,180,8,2023-07-14,2023-07-18,56.76,Received
PO-000971,2023-07-06,MAT-013,SUP-004,WH-003,275,7,2023-07-13,2023-07-18,111.4,Received
PO-000972,2023-07-06,MAT-004,SUP-002,WH-002,19,12,2023-07-18,2023-07-17,108.45,Received
PO-000973,2023-07-07,MAT-023,SUP-005,WH-002,13,11,2023-07-18,2023-07-17,129.58,Received
PO-000974,2023-07-09,MAT-023,SUP-005,WH-003,23,11,2023-07-20,2023-07-19,129.58,Received
PO-000975,2023-07-09,MAT-017,SUP-003,WH-002,7,24,2023-08-02,2023-08-02,3463.71,Received
PO-000976,2023-07-10,MAT-007,SUP-001,WH-003,10,15,2023-07-25,2023-07-25,1810.3,Received
PO-000977,2023-07-10,MAT-038,SUP-008,WH-004,101,8,2023-07-18,2023-07-18,70.54,Received
PO-000978,2023-07-11,MAT-031,SUP-007,WH-003,6,25,2023-08-05,2023-08-03,1350.5,Received
PO-000979,2023-07-11,MAT-003,SUP-002,WH-002,13,12,2023-07-23,2023-07-22,250.33,Received
PO-000980,2023-07-13,MAT-010,SUP-002,WH-001,5,13,2023-07-26,2023-07-26,856.73,Received
PO-000981,2023-07-14,MAT-036,SUP-008,WH-002,126,7,2023-07-21,2023-07-31,75.97,Received
PO-000982,2023-07-15,MAT-009,SUP-002,WH-004,8,13,2023-07-28,2023-07-28,677.13,Received
PO-000983,2023-07-15,MAT-001,SUP-001,WH-003,12,17,2023-08-01,2023-08-13,104.84,Received
PO-000984,2023-07-16,MAT-021,SUP-005,WH-004,19,13,2023-07-29,2023-07-28,208.55,Received
PO-000985,2023-07-16,MAT-012,SUP-004,WH-002,190,5,2023-07-21,2023-07-21,50.61,Received
PO-000986,2023-07-18,MAT-001,SUP-001,WH-004,12,17,2023-08-04,2023-08-03,104.84,Received
PO-000987,2023-07-19,MAT-040,SUP-008,WH-002,104,7,2023-07-26,2023-07-25,97.48,Received
PO-000988,2023-07-19,MAT-002,SUP-002,WH-004,16,12,2023-07-31,2023-08-13,241.37,Received
PO-000989,2023-07-19,MAT-003,SUP-002,WH-001,20,12,2023-07-31,2023-08-04,250.33,Received
PO-000990,2023-07-19,MAT-019,SUP-003,WH-003,5,26,2023-08-14,2023-08-13,2922.43,Received
PO-000991,2023-07-20,MAT-011,SUP-004,WH-001,212,8,2023-07-28,2023-08-06,56.76,Received
PO-000992,2023-07-20,MAT-032,SUP-007,WH-003,5,28,2023-08-17,2023-08-16,1238.66,Received
PO-000993,2023-07-21,MAT-031,SUP-007,WH-002,6,25,2023-08-15,2023-08-13,1350.5,Received
PO-000994,2023-07-22,MAT-027,SUP-006,WH-001,7,23,2023-08-14,2023-08-12,657.37,Received
PO-000995,2023-07-22,MAT-025,SUP-005,WH-004,21,12,2023-08-03,2023-08-01,127.95,Received
PO-000996,2023-07-23,MAT-027,SUP-006,WH-004,7,23,2023-08-15,2023-08-13,657.37,Received
PO-000997,2023-07-23,MAT-030,SUP-006,WH-003,8,21,2023-08-13,2023-08-12,609.7,Received
PO-000998,2023-07-24,MAT-039,SUP-008,WH-002,160,9,2023-08-02,2023-08-13,95.74,Received
PO-000999,2023-07-24,MAT-035,SUP-007,WH-003,7,28,2023-08-21,2023-08-21,1653.49,Received
PO-001000,2023-07-25,MAT-021,SUP-005,WH-001,14,13,2023-08-07,2023-08-07,208.55,Received
PO-001001,2023-07-26,MAT-040,SUP-008,WH-003,154,7,2023-08-02,2023-08-12,97.48,Received
PO-001002,2023-07-26,MAT-024,SUP-005,WH-004,22,12,2023-08-07,2023-08-06,176.74,Received
PO-001003,2023-07-26,MAT-025,SUP-005,WH-001,19,12,2023-08-07,2023-08-07,127.95,Received
PO-001004,2023-07-26,MAT-005,SUP-001,WH-004,19,16,2023-08-11,2023-08-17,187.34,Received
PO-001005,2023-07-27,MAT-007,SUP-001,WH-002,7,15,2023-08-11,2023-08-09,1810.3,Received
PO-001006,2023-07-27,MAT-015,SUP-004,WH-002,209,5,2023-08-01,2023-08-01,46.55,Received
PO-001007,2023-07-27,MAT-034,SUP-007,WH-002,6,28,2023-08-24,2023-08-23,783.28,Received
PO-001008,2023-07-28,MAT-008,SUP-001,WH-003,9,18,2023-08-15,2023-08-14,636.55,Received
PO-001009,2023-07-28,MAT-038,SUP-008,WH-001,144,8,2023-08-05,2023-08-03,70.54,Received
PO-001010,2023-07-28,MAT-035,SUP-007,WH-002,6,28,2023-08-25,2023-08-23,1653.49,Received
PO-001011,2023-07-28,MAT-018,SUP-003,WH-002,5,26,2023-08-23,2023-08-22,2366.63,Received
PO-001012,2023-07-29,MAT-026,SUP-006,WH-003,7,20,2023-08-18,2023-08-26,433.64,Received
PO-001013,2023-07-29,MAT-022,SUP-005,WH-001,14,11,2023-08-09,2023-08-09,115.12,Received
PO-001014,2023-07-30,MAT-015,SUP-004,WH-001,195,5,2023-08-04,2023-08-04,46.55,Received
PO-001015,2023-07-30,MAT-005,SUP-001,WH-003,11,16,2023-08-15,2023-08-13,187.34,Received
PO-001016,2023-07-30,MAT-020,SUP-003,WH-001,4,23,2023-08-22,2023-08-20,1627.96,Received
PO-001017,2023-07-31,MAT-012,SUP-004,WH-003,138,5,2023-08-05,2023-08-04,50.61,Received
PO-001018,2023-08-01,MAT-036,SUP-008,WH-003,192,7,2023-08-08,2023-08-08,75.97,Received
PO-001019,2023-08-02,MAT-037,SUP-004,WH-003,180,6,2023-08-08,2023-08-06,108.65,Received
PO-001020,2023-08-02,MAT-020,SUP-003,WH-004,5,23,2023-08-25,2023-08-24,1627.96,Received
PO-001021,2023-08-03,MAT-022,SUP-005,WH-002,15,11,2023-08-14,2023-08-23,115.12,Received
PO-001022,2023-08-03,MAT-013,SUP-004,WH-004,151,7,2023-08-10,2023-08-12,111.4,Received
PO-001023,2023-08-05,MAT-037,SUP-004,WH-004,114,6,2023-08-11,2023-08-11,108.65,Received
PO-001024,2023-08-05,MAT-039,SUP-008,WH-001,193,9,2023-08-14,2023-08-13,95.74,Received
PO-001025,2023-08-05,MAT-002,SUP-002,WH-001,16,12,2023-08-17,2023-08-15,241.37,Received
PO-001026,2023-08-06,MAT-014,SUP-004,WH-001,246,5,2023-08-11,2023-08-18,50.38,Received
PO-001027,2023-08-06,MAT-032,SUP-007,WH-004,6,28,2023-09-03,2023-09-03,1238.66,Received
PO-001028,2023-08-07,MAT-029,SUP-006,WH-002,8,20,2023-08-27,2023-08-26,511.8,Received
PO-001029,2023-08-07,MAT-014,SUP-004,WH-004,180,5,2023-08-12,2023-08-10,50.38,Received
PO-001030,2023-08-08,MAT-008,SUP-001,WH-004,5,18,2023-08-26,2023-08-24,636.55,Received
PO-001031,2023-08-08,MAT-028,SUP-006,WH-002,8,20,2023-08-28,2023-09-09,1167.46,Received
PO-001032,2023-08-09,MAT-009,SUP-002,WH-001,8,13,2023-08-22,2023-08-22,677.13,Received
PO-001033,2023-08-10,MAT-023,SUP-005,WH-003,23,11,2023-08-21,2023-09-03,129.58,Received
PO-001034,2023-08-12,MAT-028,SUP-006,WH-001,7,20,2023-09-01,2023-08-30,1167.46,Received
PO-001035,2023-08-12,MAT-030,SUP-006,WH-004,9,21,2023-09-02,2023-09-01,609.7,Received
PO-001036,2023-08-12,MAT-023,SUP-005,WH-002,13,11,2023-08-23,2023-08-23,129.58,Received
PO-001037,2023-08-12,MAT-011,SUP-004,WH-002,180,8,2023-08-20,2023-08-30,56.76,Received
PO-001038,2023-08-14,MAT-038,SUP-008,WH-004,101,8,2023-08-22,2023-08-20,70.54,Received
PO-001039,2023-08-14,MAT-021,SUP-005,WH-004,19,13,2023-08-27,2023-08-27,208.55,Received
PO-001040,2023-08-14,MAT-024,SUP-005,WH-003,12,12,2023-08-26,2023-08-26,176.74,Received
PO-001041,2023-08-15,MAT-030,SUP-006,WH-003,8,21,2023-09-05,2023-09-04,609.7,Received
PO-001042,2023-08-15,MAT-013,SUP-004,WH-003,275,7,2023-08-22,2023-08-26,111.4,Received
PO-001043,2023-08-16,MAT-004,SUP-002,WH-003,14,12,2023-08-28,2023-08-27,108.45,Received
PO-001044,2023-08-17,MAT-031,SUP-007,WH-002,6,25,2023-09-11,2023-09-11,1350.5,Received
PO-001045,2023-08-17,MAT-016,SUP-003,WH-004,4,26,2023-09-12,2023-09-12,1875.37,Received
PO-001046,2023-08-18,MAT-040,SUP-008,WH-002,104,7,2023-08-25,2023-08-30,97.48,Received
PO-001047,2023-08-18,MAT-033,SUP-007,WH-004,6,25,2023-09-12,2023-09-19,1179.71,Received
PO-001048,2023-08-18,MAT-018,SUP-003,WH-002,5,26,2023-09-13,2023-09-13,2366.63,Received
PO-001049,2023-08-19,MAT-035,SUP-007,WH-002,6,28,2023-09-16,2023-09-15,1653.49,Received
PO-001050,2023-08-20,MAT-012,SUP-004,WH-002,190,5,2023-08-25,2023-08-25,50.61,Received
PO-001051,2023-08-22,MAT-009,SUP-002,WH-004,8,13,2023-09-04,2023-09-03,677.13,Received
PO-001052,2023-08-22,MAT-021,SUP-005,WH-001,14,13,2023-09-04,2023-09-02,208.55,Received
PO-001053,2023-08-22,MAT-034,SUP-007,WH-002,6,28,2023-09-19,2023-09-18,783.28,Received
PO-001054,2023-08-22,MAT-017,SUP-003,WH-002,7,24,2023-09-15,2023-09-15,3463.71,Received
PO-001055,2023-08-23,MAT-007,SUP-001,WH-002,7,15,2023-09-07,2023-09-05,1810.3,Received
PO-001056,2023-08-24,MAT-006,SUP-001,WH-001,10,18,2023-09-11,2023-09-14,630.77,Received
PO-001057,2023-08-24,MAT-010,SUP-002,WH-001,5,13,2023-09-06,2023-09-05,856.73,Received
PO-001058,2023-08-26,MAT-036,SUP-008,WH-002,126,7,2023-09-02,2023-09-10,75.97,Received
PO-001059,2023-08-26,MAT-027,SUP-006,WH-004,7,23,2023-09-18,2023-09-18,657.37,Received
PO-001060,2023-08-27,MAT-024,SUP-005,WH-004,22,12,2023-09-08,2023-09-06,176.74,Received
PO-001061,2023-08-27,MAT-003,SUP-002,WH-002,13,12,2023-09-08,2023-09-07,250.33,Received
PO-001062,2023-08-29,MAT-015,SUP-004,WH-002,209,5,2023-09-03,2023-09-02,46.55,Received
PO-001063,2023-08-29,MAT-001,SUP-001,WH-003,12,17,2023-09-15,2023-09-29,104.84,Received
PO-001064,2023-08-29,MAT-003,SUP-002,WH-001,20,12,2023-09-10,2023-09-08,250.33,Received
PO-001065,2023-08-31,MAT-038,SUP-008,WH-001,144,8,2023-09-08,2023-09-15,70.54,Received
PO-001066,2023-08-31,MAT-011,SUP-004,WH-001,212,8,2023-09-08,2023-09-07,56.76,Received
PO-001067,2023-08-31,MAT-035,SUP-007,WH-002,6,28,2023-09-28,2023-09-28,1653.49,Received
PO-001068,2023-08-31,MAT-019,SUP-003,WH-004,5,26,2023-09-26,2023-09-25,2922.43,Received
PO-001069,2023-09-01,MAT-028,SUP-006,WH-001,7,20,2023-09-21,2023-09-21,1167.46,Received
PO-001070,2023-09-02,MAT-029,SUP-006,WH-003,7,20,2023-09-22,2023-09-20,511.8,Received
PO-001071,2023-09-02,MAT-022,SUP-005,WH-002,15,11,2023-09-13,2023-09-11,115.12,Received
PO-001072,2023-09-03,MAT-022,SUP-005,WH-001,14,11,2023-09-14,2023-09-14,115.12,Received
PO-001073,2023-09-03,MAT-025,SUP-005,WH-001,19,12,2023-09-15,2023-09-13,127.95,Received
PO-001074,2023-09-03,MAT-015,SUP-004,WH-001,195,5,2023-09-08,2023-09-07,46.55,Received
PO-001075,2023-09-03,MAT-002,SUP-002,WH-004,16,12,2023-09-15,2023-09-13,241.37,Received
PO-001076,2023-09-03,MAT-020,SUP-003,WH-001,4,23,2023-09-26,2023-09-25,1627.96,Received
PO-001077,2023-09-04,MAT-037,SUP-004,WH-004,114,6,2023-09-10,2023-09-08,108.65,Received
PO-001078,2023-09-04,MAT-025,SUP-005,WH-004,21,12,2023-09-16,2023-09-14,127.95,Received
PO-001079,2023-09-04,MAT-018,SUP-003,WH-002,5,26,2023-09-30,2023-09-29,2366.63,Received
PO-001080,2023-09-05,MAT-006,SUP-001,WH-002,7,18,2023-09-23,2023-09-22,630.77,Received
PO-001081,2023-09-05,MAT-008,SUP-001,WH-003,9,18,2023-09-23,2023-09-21,636.55,Received
PO-001082,2023-09-05,MAT-040,SUP-008,WH-003,154,7,2023-09-12,2023-09-11,97.48,Received
PO-001083,2023-09-05,MAT-026,SUP-006,WH-004,6,20,2023-09-25,2023-10-02,433.64,Received
PO-001084,2023-09-05,MAT-005,SUP-001,WH-004,19,16,2023-09-21,2023-10-03,187.34,Received
PO-001085,2023-09-06,MAT-036,SUP-008,WH-003,192,7,2023-09-13,2023-09-11,75.97,Received
PO-001086,2023-09-06,MAT-012,SUP-004,WH-003,138,5,2023-09-11,2023-09-10,50.61,Received
PO-001087,2023-09-06,MAT-031,SUP-007,WH-003,6,25,2023-10-01,2023-09-30,1350.5,Received
PO-001088,2023-09-07,MAT-003,SUP-002,WH-002,13,12,2023-09-19,2023-09-19,250.33,Received
PO-001089,2023-09-08,MAT-017,SUP-003,WH-001,5,24,2023-10-02,2023-09-30,3463.71,Received
PO-001090,2023-09-09,MAT-037,SUP-004,WH-003,180,6,2023-09-15,2023-09-13,108.65,Received
PO-001091,2023-09-09,MAT-039,SUP-008,WH-002,160,9,2023-09-18,2023-10-01,95.74,Received
PO-001092,2023-09-10,MAT-013,SUP-004,WH-004,151,7,2023-09-17,2023-09-26,111.4,Received
PO-001093,2023-09-10,MAT-032,SUP-007,WH-004,6,28,2023-10-08,2023-10-06,1238.66,Received
PO-001094,2023-09-10,MAT-004,SUP-002,WH-002,19,12,2023-09-22,2023-09-22,108.45,Received
PO-001095,2023-09-11,MAT-039,SUP-008,WH-001,193,9,2023-09-20,2023-10-01,95.74,Received
PO-001096,2023-09-12,MAT-027,SUP-006,WH-001,7,23,2023-10-05,2023-10-04,657.37,Received
PO-001097,2023-09-13,MAT-009,SUP-002,WH-004,8,13,2023-09-26,2023-09-24,677.13,Received
PO-001098,2023-09-13,MAT-014,SUP-004,WH-004,180,5,2023-09-18,2023-09-16,50.38,Received
PO-001099,2023-09-15,MAT-034,SUP-007,WH-001,7,28,2023-10-13,2023-10-12,783.28,Received
PO-001100,2023-09-16,MAT-014,SUP-004,WH-001,246,5,2023-09-21,2023-10-03,50.38,Received
PO-001101,2023-09-16,MAT-005,SUP-001,WH-003,11,16,2023-10-02,2023-10-01,187.34,Received
PO-001102,2023-09-17,MAT-021,SUP-005,WH-004,19,13,2023-09-30,2023-09-30,208.55,Received
PO-001103,2023-09-17,MAT-024,SUP-005,WH-003,12,12,2023-09-29,2023-09-27,176.74,Received
PO-001104,2023-09-17,MAT-035,SUP-007,WH-003,7,28,2023-10-15,2023-10-14,1653.49,Received
PO-001105,2023-09-18,MAT-038,SUP-008,WH-004,101,8,2023-09-26,2023-09-24,70.54,Received
PO-001106,2023-09-18,MAT-018,SUP-003,WH-003,5,26,2023-10-14,2023-10-12,2366.63,Received
PO-001107,2023-09-19,MAT-002,SUP-002,WH-001,16,12,2023-10-01,2023-09-30,241.37,Received
PO-001108,2023-09-20,MAT-027,SUP-006,WH-004,7,23,2023-10-13,2023-10-11,657.37,Received
PO-001109,2023-09-20,MAT-011,SUP-004,WH-002,180,8,2023-09-28,2023-09-28,56.76,Received
PO-001110,2023-09-20,MAT-012,SUP-004,WH-002,190,5,2023-09-25,2023-09-24,50.61,Received
PO-001111,2023-09-22,MAT-023,SUP-005,WH-002,13,11,2023-10-03,2023-10-03,129.58,Received
PO-001112,2023-09-22,MAT-013,SUP-004,WH-003,275,7,2023-09-29,2023-09-27,111.4,Received
PO-001113,2023-09-22,MAT-033,SUP-007,WH-001,5,25,2023-10-17,2023-10-15,1179.71,Received
PO-001114,2023-09-23,MAT-009,SUP-002,WH-001,8,13,2023-10-06,2023-10-06,677.13,Received
PO-001115,2023-09-24,MAT-020,SUP-003,WH-004,5,23,2023-10-17,2023-10-16,1627.96,Received
PO-001116,2023-09-25,MAT-029,SUP-006,WH-002,8,20,2023-10-15,2023-10-14,511.8,Received
PO-001117,2023-09-27,MAT-001,SUP-001,WH-004,12,17,2023-10-14,2023-10-13,104.84,Received
PO-001118,2023-09-28,MAT-008,SUP-001,WH-004,5,18,2023-10-16,2023-10-15,636.55,Received
PO-001119,2023-09-29,MAT-030,SUP-006,WH-004,9,21,2023-10-20,2023-10-19,609.7,Received
PO-001120,2023-09-29,MAT-021,SUP-005,WH-001,14,13,2023-10-12,2023-10-10,208.55,Received
PO-001121,2023-09-29,MAT-032,SUP-007,WH-003,5,28,2023-10-27,2023-10-26,1238.66,Received
PO-001122,2023-09-29,MAT-018,SUP-003,WH-003,5,26,2023-10-25,2023-10-25,2366.63,Received
PO-001123,2023-09-30,MAT-026,SUP-006,WH-003,7,20,2023-10-20,2023-10-22,433.64,Received
PO-001124,2023-09-30,MAT-023,SUP-005,WH-003,23,11,2023-10-11,2023-10-10,129.58,Received
PO-001125,2023-09-30,MAT-032,SUP-007,WH-003,5,28,2023-10-28,2023-11-11,1238.66,Received
PO-001126,2023-09-30,MAT-019,SUP-003,WH-004,5,26,2023-10-26,2023-10-25,2922.43,Received
PO-001127,2023-10-01,MAT-009,SUP-002,WH-004,8,13,2023-10-14,2023-10-12,677.13,Received
PO-001128,2023-10-01,MAT-040,SUP-008,WH-002,104,7,2023-10-08,2023-10-06,97.48,Received
PO-001129,2023-10-02,MAT-031,SUP-007,WH-003,6,25,2023-10-27,2023-10-26,1350.5,Received
PO-001130,2023-10-02,MAT-020,SUP-003,WH-001,4,23,2023-10-25,2023-10-24,1627.96,Received
PO-001131,2023-10-03,MAT-008,SUP-001,WH-003,9,18,2023-10-21,2023-10-26,636.55,Received
PO-001132,2023-10-03,MAT-011,SUP-004,WH-001,212,8,2023-10-11,2023-10-22,56.76,Received
PO-001133,2023-10-04,MAT-015,SUP-004,WH-002,209,5,2023-10-09,2023-10-22,46.55,Received
PO-001134,2023-10-09,MAT-036,SUP-008,WH-002,126,7,2023-10-16,2023-10-22,75.97,Received
PO-001135,2023-10-09,MAT-037,SUP-004,WH-003,180,6,2023-10-15,2023-10-15,108.65,Received
PO-001136,2023-10-09,MAT-028,SUP-006,WH-001,7,20,2023-10-29,2023-11-12,1167.46,Received
PO-001137,2023-10-09,MAT-012,SUP-004,WH-003,138,5,2023-10-14,2023-10-26,50.61,Received
PO-001138,2023-10-09,MAT-004,SUP-002,WH-002,19,12,2023-10-21,2023-10-20,108.45,Received
PO-001139,2023-10-10,MAT-038,SUP-008,WH-001,144,8,2023-10-18,2023-10-28,70.54,Received
PO-001140,2023-10-10,MAT-040,SUP-008,WH-003,154,7,2023-10-17,2023-10-22,97.48,Received
PO-001141,2023-10-10,MAT-024,SUP-005,WH-004,22,12,2023-10-22,2023-10-22,176.74,Received
PO-001142,2023-10-10,MAT-015,SUP-004,WH-001,195,5,2023-10-15,2023-10-29,46.55,Received
PO-001143,2023-10-10,MAT-019,SUP-003,WH-003,5,26,2023-11-05,2023-11-04,2922.43,Received
PO-001144,2023-10-11,MAT-007,SUP-001,WH-003,10,15,2023-10-26,2023-11-09,1810.3,Received
PO-001145,2023-10-12,MAT-007,SUP-001,WH-002,7,15,2023-10-27,2023-11-04,1810.3,Received
PO-001146,2023-10-12,MAT-036,SUP-008,WH-003,192,7,2023-10-19,2023-10-26,75.97,Received
PO-001147,2023-10-12,MAT-037,SUP-004,WH-004,114,6,2023-10-18,2023-10-18,108.65,Received
PO-001148,2023-10-13,MAT-038,SUP-008,WH-004,101,8,2023-10-21,2023-10-25,70.54,Received
PO-001149,2023-10-13,MAT-001,SUP-001,WH-003,12,17,2023-10-30,2023-10-29,104.84,Received
PO-001150,2023-10-13,MAT-002,SUP-002,WH-004,16,12,2023-10-25,2023-10-24,241.37,Received
PO-001151,2023-10-14,MAT-019,SUP-003,WH-003,5,26,2023-11-09,2023-11-08,2922.43,Received
PO-001152,2023-10-15,MAT-003,SUP-002,WH-001,20,12,2023-10-27,2023-10-25,250.33,Received
PO-001153,2023-10-15,MAT-017,SUP-003,WH-002,7,24,2023-11-08,2023-11-08,3463.71,Received
PO-001154,2023-10-17,MAT-010,SUP-002,WH-002,9,13,2023-10-30,2023-10-29,856.73,Received
PO-001155,2023-10-17,MAT-025,SUP-005,WH-001,19,12,2023-10-29,2023-10-29,127.95,Received
PO-001156,2023-10-18,MAT-008,SUP-001,WH-004,5,18,2023-11-05,2023-11-10,636.55,Received
PO-001157,2023-10-19,MAT-005,SUP-001,WH-004,19,16,2023-11-04,2023-11-14,187.34,Received
PO-001158,2023-10-20,MAT-006,SUP-001,WH-001,10,18,2023-11-07,2023-11-05,630.77,Received
PO-001159,2023-10-20,MAT-014,SUP-004,WH-004,180,5,2023-10-25,2023-10-24,50.38,Received
PO-001160,2023-10-21,MAT-032,SUP-007,WH-004,6,28,2023-11-18,2023-11-16,1238.66,Received
PO-001161,2023-10-22,MAT-039,SUP-008,WH-001,193,9,2023-10-31,2023-10-30,95.74,Received
PO-001162,2023-10-22,MAT-022,SUP-005,WH-002,15,11,2023-11-02,2023-11-02,115.12,Received
PO-001163,2023-10-22,MAT-001,SUP-001,WH-004,12,17,2023-11-08,2023-11-08,104.84,Received
PO-001164,2023-10-22,MAT-004,SUP-002,WH-003,14,12,2023-11-03,2023-11-01,108.45,Received
PO-001165,2023-10-23,MAT-011,SUP-004,WH-002,180,8,2023-10-31,2023-11-10,56.76,Received
PO-001166,2023-10-23,MAT-013,SUP-004,WH-004,151,7,2023-10-30,2023-11-11,111.4,Received
PO-001167,2023-10-24,MAT-028,SUP-006,WH-002,8,20,2023-11-13,2023-11-12,1167.46,Received
PO-001168,2023-10-24,MAT-012,SUP-004,WH-002,190,5,2023-10-29,2023-11-03,50.61,Received
PO-001169,2023-10-24,MAT-035,SUP-007,WH-002,6,28,2023-11-21,2023-11-29,1653.49,Received
PO-001170,2023-10-24,MAT-003,SUP-002,WH-002,13,12,2023-11-05,2023-11-05,250.33,Received
PO-001171,2023-10-25,MAT-039,SUP-008,WH-002,160,9,2023-11-03,2023-11-03,95.74,Received
PO-001172,2023-10-25,MAT-013,SUP-004,WH-003,275,7,2023-11-01,2023-10-31,111.4,Received
PO-001173,2023-10-25,MAT-002,SUP-002,WH-001,16,12,2023-11-06,2023-11-04,241.37,Received
PO-001174,2023-10-25,MAT-016,SUP-003,WH-001,6,26,2023-11-20,2023-11-18,1875.37,Received
PO-001175,2023-10-26,MAT-031,SUP-007,WH-002,6,25,2023-11-20,2023-11-18,1350.5,Received
PO-001176,2023-10-27,MAT-009,SUP-002,WH-001,8,13,2023-11-09,2023-11-16,677.13,Received
PO-001177,2023-10-27,MAT-035,SUP-007,WH-003,7,28,2023-11-24,2023-11-23,1653.49,Received
PO-001178,2023-10-28,MAT-027,SUP-006,WH-001,7,23,2023-11-20,2023-11-26,657.37,Received
PO-001179,2023-10-29,MAT-019,SUP-003,WH-004,5,26,2023-11-24,2023-11-24,2922.43,Received
PO-001180,2023-10-30,MAT-008,SUP-001,WH-003,9,18,2023-11-17,2023-11-15,636.55,Received
PO-001181,2023-10-30,MAT-024,SUP-005,WH-003,12,12,2023-11-11,2023-11-11,176.74,Received
PO-001182,2023-10-30,MAT-034,SUP-007,WH-001,7,28,2023-11-27,2023-11-25,783.28,Received
PO-001183,2023-10-31,MAT-014,SUP-004,WH-001,246,5,2023-11-05,2023-11-05,50.38,Received
PO-001184,2023-11-01,MAT-026,SUP-006,WH-004,6,20,2023-11-21,2023-11-19,433.64,Received
PO-001185,2023-11-03,MAT-022,SUP-005,WH-001,14,11,2023-11-14,2023-11-17,115.12,Received
PO-001186,2023-11-03,MAT-034,SUP-007,WH-002,6,28,2023-12-01,2023-11-30,783.28,Received
PO-001187,2023-11-04,MAT-025,SUP-005,WH-004,21,12,2023-11-16,2023-11-20,127.95,Received
PO-001188,2023-11-04,MAT-033,SUP-007,WH-004,6,25,2023-11-29,2023-11-28,1179.71,Received
PO-001189,2023-11-04,MAT-005,SUP-001,WH-003,11,16,2023-11-20,2023-11-18,187.34,Received
PO-001190,2023-11-05,MAT-010,SUP-002,WH-001,5,13,2023-11-18,2023-11-16,856.73,Received
PO-001191,2023-11-05,MAT-030,SUP-006,WH-003,8,21,2023-11-26,2023-11-26,609.7,Received
PO-001192,2023-11-06,MAT-040,SUP-008,WH-002,104,7,2023-11-13,2023-11-12,97.48,Received
PO-001193,2023-11-06,MAT-027,SUP-006,WH-004,7,23,2023-11-29,2023-12-06,657.37,Received
PO-001194,2023-11-06,MAT-029,SUP-006,WH-003,7,20,2023-11-26,2023-11-26,511.8,Received
PO-001195,2023-11-07,MAT-031,SUP-007,WH-002,6,25,2023-12-02,2023-11-30,1350.5,Received
PO-001196,2023-11-07,MAT-035,SUP-007,WH-002,6,28,2023-12-05,2023-12-03,1653.49,Received
PO-001197,2023-11-08,MAT-023,SUP-005,WH-002,13,11,2023-11-19,2023-11-18,129.58,Received
PO-001198,2023-11-09,MAT-006,SUP-001,WH-002,7,18,2023-11-27,2023-11-25,630.77,Received
PO-001199,2023-11-09,MAT-021,SUP-005,WH-004,19,13,2023-11-22,2023-11-20,208.55,Received
PO-001200,2023-11-09,MAT-023,SUP-005,WH-003,23,11,2023-11-20,2023-11-20,129.58,Received
PO-001201,2023-11-11,MAT-029,SUP-006,WH-002,8,20,2023-12-01,2023-12-14,511.8,Received
PO-001202,2023-11-11,MAT-021,SUP-005,WH-001,14,13,2023-11-24,2023-11-22,208.55,Received
PO-001203,2023-11-13,MAT-031,SUP-007,WH-003,6,25,2023-12-08,2023-12-06,1350.5,Received
PO-001204,2023-11-14,MAT-001,SUP-001,WH-004,12,17,2023-12-01,2023-12-14,104.84,Received
PO-001205,2023-11-15,MAT-036,SUP-008,WH-002,126,7,2023-11-22,2023-11-21,75.97,Received
PO-001206,2023-11-15,MAT-040,SUP-008,WH-003,154,7,2023-11-22,2023-11-22,97.48,Received
PO-001207,2023-11-15,MAT-011,SUP-004,WH-001,212,8,2023-11-23,2023-11-23,56.76,Received
PO-001208,2023-11-15,MAT-017,SUP-003,WH-001,5,24,2023-12-09,2023-12-07,3463.71,Received
PO-001209,2023-11-16,MAT-010,SUP-002,WH-002,9,13,2023-11-29,2023-12-09,856.73,Received
PO-001210,2023-11-16,MAT-037,SUP-004,WH-003,180,6,2023-11-22,2023-11-22,108.65,Received
PO-001211,2023-11-16,MAT-026,SUP-006,WH-003,7,20,2023-12-06,2023-12-10,433.64,Received
PO-001212,2023-11-16,MAT-028,SUP-006,WH-001,7,20,2023-12-06,2023-12-05,1167.46,Received
PO-001213,2023-11-17,MAT-024,SUP-005,WH-004,22,12,2023-11-29,2023-11-29,176.74,Received
PO-001214,2023-11-17,MAT-034,SUP-007,WH-001,7,28,2023-12-15,2023-12-13,783.28,Received
PO-001215,2023-11-17,MAT-017,SUP-003,WH-002,7,24,2023-12-11,2023-12-09,3463.71,Received
PO-001216,2023-11-19,MAT-036,SUP-008,WH-003,192,7,2023-11-26,2023-11-25,75.97,Received
PO-001217,2023-11-19,MAT-037,SUP-004,WH-004,114,6,2023-11-25,2023-11-24,108.65,Received
PO-001218,2023-11-19,MAT-038,SUP-008,WH-001,144,8,2023-11-27,2023-11-27,70.54,Received
PO-001219,2023-11-19,MAT-034,SUP-007,WH-002,6,28,2023-12-17,2023-12-26,783.28,Received
PO-001220,2023-11-20,MAT-007,SUP-001,WH-002,7,15,2023-12-05,2023-12-15,1810.3,Received
PO-001221,2023-11-20,MAT-022,SUP-005,WH-002,15,11,2023-12-01,2023-12-11,115.12,Received
PO-001222,2023-11-20,MAT-033,SUP-007,WH-004,6,25,2023-12-15,2023-12-25,1179.71,Received
PO-001223,2023-11-21,MAT-001,SUP-001,WH-003,12,17,2023-12-08,2023-12-08,104.84,Received
PO-001224,2023-11-21,MAT-003,SUP-002,WH-001,20,12,2023-12-03,2023-12-03,250.33,Received
PO-001225,2023-11-22,MAT-008,SUP-001,WH-003,9,18,2023-12-10,2023-12-09,636.55,Received
PO-001226,2023-11-22,MAT-025,SUP-005,WH-001,19,12,2023-12-04,2023-12-02,127.95,Received
PO-001227,2023-11-22,MAT-014,SUP-004,WH-004,180,5,2023-11-27,2023-11-26,50.38,Received
PO-001228,2023-11-23,MAT-012,SUP-004,WH-003,138,5,2023-11-28,2023-12-02,50.61,Received
PO-001229,2023-11-24,MAT-038,SUP-008,WH-004,101,8,2023-12-02,2023-12-01,70.54,Received
PO-001230,2023-11-24,MAT-015,SUP-004,WH-001,195,5,2023-11-29,2023-12-07,46.55,Received
PO-001231,2023-11-25,MAT-015,SUP-004,WH-002,209,5,2023-11-30,2023-12-09,46.55,Received
PO-001232,2023-11-25,MAT-004,SUP-002,WH-002,19,12,2023-12-07,2023-12-07,108.45,Received
PO-001233,2023-11-26,MAT-039,SUP-008,WH-001,193,9,2023-12-05,2023-12-03,95.74,Received
PO-001234,2023-11-26,MAT-033,SUP-007,WH-001,5,25,2023-12-21,2023-12-21,1179.71,Received
PO-001235,2023-11-27,MAT-006,SUP-001,WH-001,10,18,2023-12-15,2023-12-15,630.77,Received
PO-001236,2023-11-27,MAT-006,SUP-001,WH-002,7,18,2023-12-15,2023-12-14,630.77,Received
PO-001237,2023-11-27,MAT-007,SUP-001,WH-003,10,15,2023-12-12,2023-12-21,1810.3,Received
PO-001238,2023-11-29,MAT-039,SUP-008,WH-002,160,9,2023-12-08,2023-12-07,95.74,Received
PO-001239,2023-11-29,MAT-024,SUP-005,WH-003,12,12,2023-12-11,2023-12-22,176.74,Received
PO-001240,2023-11-29,MAT-005,SUP-001,WH-003,11,16,2023-12-15,2023-12-15,187.34,Received
PO-001241,2023-11-29,MAT-018,SUP-003,WH-002,5,26,2023-12-25,2023-12-25,2366.63,Received
PO-001242,2023-11-30,MAT-002,SUP-002,WH-004,16,12,2023-12-12,2023-12-12,241.37,Received
PO-001243,2023-12-01,MAT-013,SUP-004,WH-003,275,7,2023-12-08,2023-12-07,111.4,Received
PO-001244,2023-12-02,MAT-014,SUP-004,WH-001,246,5,2023-12-07,2023-12-15,50.38,Received
PO-001245,2023-12-03,MAT-011,SUP-004,WH-002,180,8,2023-12-11,2023-12-15,56.76,Received
PO-001246,2023-12-03,MAT-032,SUP-007,WH-004,6,28,2023-12-31,2023-12-31,1238.66,Received
PO-001247,2023-12-04,MAT-009,SUP-002,WH-001,8,13,2023-12-17,2023-12-17,677.13,Received
PO-001248,2023-12-05,MAT-023,SUP-005,WH-002,13,11,2023-12-16,2023-12-27,129.58,Received
PO-001249,2023-12-05,MAT-012,SUP-004,WH-002,190,5,2023-12-10,2023-12-08,50.61,Received
PO-001250,2023-12-05,MAT-035,SUP-007,WH-003,7,28,2024-01-02,2023-12-31,1653.49,Received
PO-001251,2023-12-07,MAT-034,SUP-007,WH-002,6,28,2024-01-04,2024-01-03,783.28,Received
PO-001252,2023-12-08,MAT-020,SUP-003,WH-001,4,23,2023-12-31,2023-12-31,1627.96,Received
PO-001253,2023-12-09,MAT-030,SUP-006,WH-003,8,21,2023-12-30,2023-12-29,609.7,Received
PO-001254,2023-12-09,MAT-025,SUP-005,WH-004,21,12,2023-12-21,2023-12-31,127.95,Received
PO-001255,2023-12-10,MAT-013,SUP-004,WH-004,151,7,2023-12-17,2023-12-17,111.4,Received
PO-001256,2023-12-11,MAT-008,SUP-001,WH-004,5,18,2023-12-29,2023-12-29,636.55,Received
PO-001257,2023-12-12,MAT-002,SUP-002,WH-001,16,12,2023-12-24,2023-12-22,241.37,Received
PO-001258,2023-12-12,MAT-018,SUP-003,WH-002,5,26,2024-01-07,2024-01-05,2366.63,Received
PO-001259,2023-12-14,MAT-009,SUP-002,WH-004,8,13,2023-12-27,2023-12-27,677.13,Received
PO-001260,2023-12-14,MAT-022,SUP-005,WH-001,14,11,2023-12-25,2023-12-25,115.12,Received
PO-001261,2023-12-14,MAT-004,SUP-002,WH-003,14,12,2023-12-26,2023-12-25,108.45,Received
PO-001262,2023-12-15,MAT-035,SUP-007,WH-003,7,28,2024-01-12,2024-01-11,1653.49,Received
PO-001263,2023-12-15,MAT-018,SUP-003,WH-003,5,26,2024-01-10,2024-01-10,2366.63,Received
PO-001264,2023-12-16,MAT-011,SUP-004,WH-001,212,8,2023-12-24,2024-01-01,56.76,Received
PO-001265,2023-12-17,MAT-010,SUP-002,WH-001,5,13,2023-12-30,2023-12-28,856.73,Received
PO-001266,2023-12-17,MAT-010,SUP-002,WH-002,9,13,2023-12-30,2023-12-29,856.73,Received
PO-001267,2023-12-17,MAT-040,SUP-008,WH-002,104,7,2023-12-24,2023-12-23,97.48,Received
PO-001268,2023-12-17,MAT-028,SUP-006,WH-001,7,20,2024-01-06,2024-01-04,1167.46,Received
PO-001269,2023-12-17,MAT-005,SUP-001,WH-004,19,16,2024-01-02,2024-01-13,187.34,Received
PO-001270,2023-12-20,MAT-036,SUP-008,WH-002,126,7,2023-12-27,2024-01-06,75.97,Received
PO-001271,2023-12-20,MAT-037,SUP-004,WH-004,114,6,2023-12-26,2023-12-25,108.65,Received
PO-001272,2023-12-20,MAT-016,SUP-003,WH-004,4,26,2024-01-15,2024-01-29,1875.37,Received
PO-001273,2023-12-21,MAT-040,SUP-008,WH-003,154,7,2023-12-28,2024-01-03,97.48,Received
PO-001274,2023-12-21,MAT-028,SUP-006,WH-002,8,20,2024-01-10,2024-01-19,1167.46,Received
PO-001275,2023-12-21,MAT-024,SUP-005,WH-004,22,12,2024-01-02,2024-01-06,176.74,Received
PO-001276,2023-12-21,MAT-001,SUP-001,WH-004,12,17,2024-01-07,2024-01-05,104.84,Received
PO-001277,2023-12-21,MAT-017,SUP-003,WH-002,7,24,2024-01-14,2024-01-14,3463.71,Received
PO-001278,2023-12-24,MAT-037,SUP-004,WH-003,180,6,2023-12-30,2024-01-13,108.65,Received
PO-001279,2023-12-25,MAT-008,SUP-001,WH-003,9,18,2024-01-12,2024-01-10,636.55,Received
PO-001280,2023-12-25,MAT-038,SUP-008,WH-001,144,8,2024-01-02,2024-01-09,70.54,Received
PO-001281,2023-12-25,MAT-029,SUP-006,WH-003,7,20,2024-01-14,2024-01-14,511.8,Received
PO-001282,2023-12-26,MAT-038,SUP-008,WH-004,101,8,2024-01-03,2024-01-08,70.54,Received
PO-001283,2023-12-27,MAT-036,SUP-008,WH-003,192,7,2024-01-03,2024-01-16,75.97,Received
PO-001284,2023-12-27,MAT-021,SUP-005,WH-004,19,13,2024-01-09,2024-01-08,208.55,Received
PO-001285,2023-12-27,MAT-021,SUP-005,WH-001,14,13,2024-01-09,2024-01-09,208.55,Received
PO-001286,2023-12-28,MAT-006,SUP-001,WH-001,10,18,2024-01-15,2024-01-24,630.77,Received
PO-001287,2023-12-28,MAT-023,SUP-005,WH-003,23,11,2024-01-08,2024-01-08,129.58,Received
PO-001288,2023-12-29,MAT-010,SUP-002,WH-002,9,13,2024-01-11,2024-01-09,856.73,Received
PO-001289,2023-12-29,MAT-014,SUP-004,WH-004,180,5,2024-01-03,2024-01-03,50.38,Received
PO-001290,2023-12-30,MAT-017,SUP-003,WH-001,5,24,2024-01-23,2024-01-21,3463.71,Received
PO-001291,2023-12-31,MAT-007,SUP-001,WH-002,7,15,2024-01-15,2024-01-20,1810.3,Received
PO-001292,2023-12-31,MAT-025,SUP-005,WH-001,19,12,2024-01-12,2024-01-12,127.95,Received
PO-001293,2023-12-31,MAT-012,SUP-004,WH-003,138,5,2024-01-05,2024-01-04,50.61,Received
PO-001294,2023-12-31,MAT-019,SUP-003,WH-004,5,26,2024-01-26,2024-01-26,2922.43,Received
PO-001295,2024-01-02,MAT-007,SUP-001,WH-003,10,15,2024-01-17,2024-01-17,1810.3,Received
PO-001296,2024-01-02,MAT-039,SUP-008,WH-001,193,9,2024-01-11,2024-01-11,95.74,Received
PO-001297,2024-01-02,MAT-003,SUP-002,WH-001,20,12,2024-01-14,2024-01-13,250.33,Received
PO-001298,2024-01-03,MAT-039,SUP-008,WH-002,160,9,2024-01-12,2024-01-10,95.74,Received
PO-001299,2024-01-03,MAT-015,SUP-004,WH-001,195,5,2024-01-08,2024-01-06,46.55,Received
PO-001300,2024-01-03,MAT-018,SUP-003,WH-002,5,26,2024-01-29,2024-01-29,2366.63,Received
PO-001301,2024-01-04,MAT-016,SUP-003,WH-004,4,26,2024-01-30,2024-01-30,1875.37,Received
PO-001302,2024-01-05,MAT-030,SUP-006,WH-004,9,21,2024-01-26,2024-02-08,609.7,Received
PO-001303,2024-01-05,MAT-004,SUP-002,WH-002,19,12,2024-01-17,2024-01-17,108.45,Received
PO-001304,2024-01-06,MAT-013,SUP-004,WH-003,275,7,2024-01-13,2024-01-11,111.4,Received
PO-001305,2024-01-07,MAT-001,SUP-001,WH-004,12,17,2024-01-24,2024-01-24,104.84,Received
PO-001306,2024-01-08,MAT-015,SUP-004,WH-002,209,5,2024-01-13,2024-01-12,46.55,Received
PO-001307,2024-01-08,MAT-002,SUP-002,WH-001,16,12,2024-01-20,2024-01-27,241.37,Received
PO-001308,2024-01-08,MAT-003,SUP-002,WH-002,13,12,2024-01-20,2024-01-20,250.33,Received
PO-001309,2024-01-08,MAT-018,SUP-003,WH-003,5,26,2024-02-03,2024-02-01,2366.63,Received
PO-001310,2024-01-09,MAT-030,SUP-006,WH-003,8,21,2024-01-30,2024-01-30,609.7,Received
PO-001311,2024-01-09,MAT-025,SUP-005,WH-004,21,12,2024-01-21,2024-02-01,127.95,Received
PO-001312,2024-01-09,MAT-011,SUP-004,WH-002,180,8,2024-01-17,2024-01-15,56.76,Received
PO-001313,2024-01-11,MAT-026,SUP-006,WH-003,7,20,2024-01-31,2024-01-31,433.64,Received
PO-001314,2024-01-12,MAT-027,SUP-006,WH-001,7,23,2024-02-04,2024-02-04,657.37,Received
PO-001315,2024-01-13,MAT-009,SUP-002,WH-004,8,13,2024-01-26,2024-01-24,677.13,Received
PO-001316,2024-01-13,MAT-012,SUP-004,WH-002,190,5,2024-01-18,2024-01-16,50.61,Received
PO-001317,2024-01-13,MAT-013,SUP-004,WH-004,151,7,2024-01-20,2024-01-20,111.4,Received
PO-001318,2024-01-13,MAT-014,SUP-004,WH-001,246,5,2024-01-18,2024-01-17,50.38,Received
PO-001319,2024-01-14,MAT-027,SUP-006,WH-004,7,23,2024-02-06,2024-02-05,657.37,Received
PO-001320,2024-01-16,MAT-017,SUP-003,WH-002,7,24,2024-02-09,2024-02-07,3463.71,Received
PO-001321,2024-01-17,MAT-029,SUP-006,WH-002,8,20,2024-02-06,2024-02-05,511.8,Received
PO-001322,2024-01-17,MAT-022,SUP-005,WH-002,15,11,2024-01-28,2024-01-27,115.12,Received
PO-001323,2024-01-18,MAT-024,SUP-005,WH-003,12,12,2024-01-30,2024-01-28,176.74,Received
PO-001324,2024-01-18,MAT-031,SUP-007,WH-002,6,25,2024-02-12,2024-02-11,1350.5,Received
PO-001325,2024-01-19,MAT-008,SUP-001,WH-004,5,18,2024-02-06,2024-02-04,636.55,Received
PO-001326,2024-01-19,MAT-032,SUP-007,WH-004,6,28,2024-02-16,2024-02-15,1238.66,Received
PO-001327,2024-01-19,MAT-033,SUP-007,WH-004,6,25,2024-02-13,2024-02-12,1179.71,Received
PO-001328,2024-01-20,MAT-037,SUP-004,WH-004,114,6,2024-01-26,2024-01-28,108.65,Received
PO-001329,2024-01-20,MAT-032,SUP-007,WH-003,5,28,2024-02-17,2024-02-16,1238.66,Received
PO-001330,2024-01-20,MAT-005,SUP-001,WH-004,19,16,2024-02-05,2024-02-03,187.34,Received
PO-001331,2024-01-21,MAT-026,SUP-006,WH-004,6,20,2024-02-10,2024-02-10,433.64,Received
PO-001332,2024-01-22,MAT-028,SUP-006,WH-001,7,20,2024-02-11,2024-02-09,1167.46,Received
PO-001333,2024-01-22,MAT-023,SUP-005,WH-002,13,11,2024-02-02,2024-02-01,129.58,Received
PO-001334,2024-01-22,MAT-034,SUP-007,WH-001,7,28,2024-02-19,2024-03-02,783.28,Received
PO-001335,2024-01-22,MAT-005,SUP-001,WH-003,11,16,2024-02-07,2024-02-13,187.34,Received
PO-001336,2024-01-22,MAT-020,SUP-003,WH-004,5,23,2024-02-14,2024-02-14,1627.96,Received
PO-001337,2024-01-23,MAT-028,SUP-006,WH-002,8,20,2024-02-12,2024-02-22,1167.46,Received
PO-001338,2024-01-24,MAT-008,SUP-001,WH-003,9,18,2024-02-11,2024-02-10,636.55,Received
PO-001339,2024-01-24,MAT-021,SUP-005,WH-004,19,13,2024-02-06,2024-02-04,208.55,Received
PO-001340,2024-01-24,MAT-011,SUP-004,WH-001,212,8,2024-02-01,2024-02-01,56.76,Received
PO-001341,2024-01-27,MAT-036,SUP-008,WH-002,126,7,2024-02-03,2024-02-14,75.97,Received
PO-001342,2024-01-27,MAT-024,SUP-005,WH-004,22,12,2024-02-08,2024-02-08,176.74,Received
PO-001343,2024-01-28,MAT-040,SUP-008,WH-002,104,7,2024-02-04,2024-02-04,97.48,Received
PO-001344,2024-01-29,MAT-040,SUP-008,WH-003,154,7,2024-02-05,2024-02-15,97.48,Received
PO-001345,2024-01-29,MAT-033,SUP-007,WH-001,5,25,2024-02-23,2024-02-22,1179.71,Received
PO-001346,2024-01-30,MAT-010,SUP-002,WH-001,5,13,2024-02-12,2024-02-12,856.73,Received
PO-001347,2024-01-30,MAT-038,SUP-008,WH-004,101,8,2024-02-07,2024-02-07,70.54,Received
PO-001348,2024-01-30,MAT-002,SUP-002,WH-004,16,12,2024-02-11,2024-02-10,241.37,Received
PO-001349,2024-01-31,MAT-003,SUP-002,WH-002,13,12,2024-02-12,2024-02-11,250.33,Received
PO-001350,2024-02-01,MAT-012,SUP-004,WH-003,138,5,2024-02-06,2024-02-11,50.61,Received
PO-001351,2024-02-02,MAT-038,SUP-008,WH-001,144,8,2024-02-10,2024-02-08,70.54,Received
PO-001352,2024-02-02,MAT-003,SUP-002,WH-001,20,12,2024-02-14,2024-02-13,250.33,Received
PO-001353,2024-02-03,MAT-006,SUP-001,WH-002,7,18,2024-02-21,2024-02-19,630.77,Received
PO-001354,2024-02-03,MAT-023,SUP-005,WH-003,23,11,2024-02-14,2024-02-13,129.58,Received
PO-001355,2024-02-03,MAT-014,SUP-004,WH-004,180,5,2024-02-08,2024-02-19,50.38,Received
PO-001356,2024-02-04,MAT-007,SUP-001,WH-003,10,15,2024-02-19,2024-02-21,1810.3,Received
PO-001357,2024-02-04,MAT-022,SUP-005,WH-001,14,11,2024-02-15,2024-02-15,115.12,Received
PO-001358,2024-02-04,MAT-015,SUP-004,WH-001,195,5,2024-02-09,2024-02-11,46.55,Received
PO-001359,2024-02-04,MAT-001,SUP-001,WH-004,12,17,2024-02-21,2024-02-26,104.84,Received
PO-001360,2024-02-06,MAT-009,SUP-002,WH-001,8,13,2024-02-19,2024-02-19,677.13,Received
PO-001361,2024-02-06,MAT-037,SUP-004,WH-003,180,6,2024-02-12,2024-02-12,108.65,Received
PO-001362,2024-02-06,MAT-039,SUP-008,WH-002,160,9,2024-02-15,2024-02-13,95.74,Received
PO-001363,2024-02-07,MAT-004,SUP-002,WH-003,14,12,2024-02-19,2024-02-17,108.45,Received
PO-001364,2024-02-07,MAT-016,SUP-003,WH-001,6,26,2024-03-04,2024-03-04,1875.37,Received
PO-001365,2024-02-09,MAT-036,SUP-008,WH-003,192,7,2024-02-16,2024-02-23,75.97,Received
PO-001366,2024-02-09,MAT-029,SUP-006,WH-003,7,20,2024-02-29,2024-02-27,511.8,Received
PO-001367,2024-02-09,MAT-021,SUP-005,WH-001,14,13,2024-02-22,2024-02-22,208.55,Received
PO-001368,2024-02-09,MAT-001,SUP-001,WH-003,12,17,2024-02-26,2024-02-24,104.84,Received
PO-001369,2024-02-10,MAT-006,SUP-001,WH-001,10,18,2024-02-28,2024-02-28,630.77,Received
PO-001370,2024-02-11,MAT-039,SUP-008,WH-001,193,9,2024-02-20,2024-02-20,95.74,Received
PO-001371,2024-02-11,MAT-013,SUP-004,WH-003,275,7,2024-02-18,2024-02-27,111.4,Received
PO-001372,2024-02-13,MAT-030,SUP-006,WH-003,8,21,2024-03-05,2024-03-03,609.7,Received
PO-001373,2024-02-13,MAT-030,SUP-006,WH-004,9,21,2024-03-05,2024-03-03,609.7,Received
PO-001374,2024-02-13,MAT-015,SUP-004,WH-002,209,5,2024-02-18,2024-02-16,46.55,Received
PO-001375,2024-02-14,MAT-011,SUP-004,WH-002,180,8,2024-02-22,2024-03-02,56.76,Received
PO-001376,2024-02-14,MAT-035,SUP-007,WH-003,7,28,2024-03-13,2024-03-11,1653.49,Received
PO-001377,2024-02-16,MAT-012,SUP-004,WH-002,190,5,2024-02-21,2024-02-20,50.61,Received
PO-001378,2024-02-17,MAT-035,SUP-007,WH-002,6,28,2024-03-16,2024-03-15,1653.49,Received
PO-001379,2024-02-19,MAT-023,SUP-005,WH-002,13,11,2024-03-01,2024-02-29,129.58,Received
PO-001380,2024-02-19,MAT-025,SUP-005,WH-001,19,12,2024-03-02,2024-03-02,127.95,Received
PO-001381,2024-02-19,MAT-002,SUP-002,WH-004,16,12,2024-03-02,2024-02-29,241.37,Received
PO-001382,2024-02-20,MAT-024,SUP-005,WH-003,12,12,2024-03-03,2024-03-03,176.74,Received
PO-001383,2024-02-20,MAT-031,SUP-007,WH-002,6,25,2024-03-16,2024-03-16,1350.5,Received
PO-001384,2024-02-21,MAT-020,SUP-003,WH-001,4,23,2024-03-15,2024-03-15,1627.96,Received
PO-001385,2024-02-22,MAT-014,SUP-004,WH-001,246,5,2024-02-27,2024-02-25,50.38,Received
PO-001386,2024-02-22,MAT-020,SUP-003,WH-001,4,23,2024-03-16,2024-03-14,1627.96,Received
PO-001387,2024-02-23,MAT-019,SUP-003,WH-003,5,26,2024-03-20,2024-03-30,2922.43,Received
PO-001388,2024-02-24,MAT-013,SUP-004,WH-004,151,7,2024-03-02,2024-03-08,111.4,Received
PO-001389,2024-02-24,MAT-032,SUP-007,WH-003,5,28,2024-03-23,2024-04-05,1238.66,Received
PO-001390,2024-02-24,MAT-004,SUP-002,WH-002,19,12,2024-03-07,2024-03-07,108.45,Received
PO-001391,2024-02-25,MAT-008,SUP-001,WH-004,5,18,2024-03-14,2024-03-13,636.55,Received
PO-001392,2024-02-26,MAT-028,SUP-006,WH-002,8,20,2024-03-17,2024-03-15,1167.46,Received
PO-001393,2024-02-27,MAT-010,SUP-002,WH-002,9,13,2024-03-11,2024-03-10,856.73,Received
PO-001394,2024-02-27,MAT-024,SUP-005,WH-004,22,12,2024-03-10,2024-03-18,176.74,Received
PO-001395,2024-02-27,MAT-025,SUP-005,WH-004,21,12,2024-03-10,2024-03-10,127.95,Received
PO-001396,2024-02-27,MAT-005,SUP-001,WH-004,19,16,2024-03-14,2024-03-26,187.34,Received
PO-001397,2024-02-28,MAT-037,SUP-004,WH-004,114,6,2024-03-05,2024-03-03,108.65,Received
PO-001398,2024-02-29,MAT-022,SUP-005,WH-002,15,11,2024-03-11,2024-03-10,115.12,Received
PO-001399,2024-02-29,MAT-011,SUP-004,WH-001,212,8,2024-03-08,2024-03-21,56.76,Received
PO-001400,2024-03-01,MAT-026,SUP-006,WH-003,7,20,2024-03-21,2024-03-19,433.64,Received
PO-001401,2024-03-01,MAT-027,SUP-006,WH-001,7,23,2024-03-24,2024-03-24,657.37,Received
PO-001402,2024-03-02,MAT-040,SUP-008,WH-002,104,7,2024-03-09,2024-03-20,97.48,Received
PO-001403,2024-03-02,MAT-001,SUP-001,WH-003,12,17,2024-03-19,2024-03-23,104.84,Received
PO-001404,2024-03-02,MAT-005,SUP-001,WH-003,11,16,2024-03-18,2024-03-30,187.34,Received
PO-001405,2024-03-03,MAT-002,SUP-002,WH-001,16,12,2024-03-15,2024-03-15,241.37,Received
PO-001406,2024-03-03,MAT-018,SUP-003,WH-002,5,26,2024-03-29,2024-03-29,2366.63,Received
PO-001407,2024-03-04,MAT-034,SUP-007,WH-002,6,28,2024-04-01,2024-04-15,783.28,Received
PO-001408,2024-03-06,MAT-040,SUP-008,WH-003,154,7,2024-03-13,2024-03-25,97.48,Received
PO-001409,2024-03-06,MAT-030,SUP-006,WH-003,8,21,2024-03-27,2024-03-25,609.7,Received
PO-001410,2024-03-07,MAT-023,SUP-005,WH-003,23,11,2024-03-18,2024-03-17,129.58,Received
PO-001411,2024-03-07,MAT-031,SUP-007,WH-003,6,25,2024-04-01,2024-03-31,1350.5,Received
PO-001412,2024-03-07,MAT-034,SUP-007,WH-001,7,28,2024-04-04,2024-04-12,783.28,Received
PO-001413,2024-03-07,MAT-003,SUP-002,WH-002,13,12,2024-03-19,2024-03-17,250.33,Received
PO-001414,2024-03-08,MAT-038,SUP-008,WH-001,144,8,2024-03-16,2024-03-20,70.54,Received
PO-001415,2024-03-09,MAT-038,SUP-008,WH-004,101,8,2024-03-17,2024-03-16,70.54,Received
PO-001416,2024-03-10,MAT-009,SUP-002,WH-004,8,13,2024-03-23,2024-03-23,677.13,Received
PO-001417,2024-03-10,MAT-012,SUP-004,WH-003,138,5,2024-03-15,2024-03-18,50.61,Received
PO-001418,2024-03-11,MAT-029,SUP-006,WH-002,8,20,2024-03-31,2024-03-30,511.8,Received
PO-001419,2024-03-11,MAT-021,SUP-005,WH-001,14,13,2024-03-24,2024-03-23,208.55,Received
PO-001420,2024-03-11,MAT-015,SUP-004,WH-001,195,5,2024-03-16,2024-03-16,46.55,Received
PO-001421,2024-03-11,MAT-020,SUP-003,WH-004,5,23,2024-04-03,2024-04-01,1627.96,Received
PO-001422,2024-03-12,MAT-036,SUP-008,WH-002,126,7,2024-03-19,2024-03-18,75.97,Received
PO-001423,2024-03-12,MAT-037,SUP-004,WH-003,180,6,2024-03-18,2024-03-27,108.65,Received
PO-001424,2024-03-13,MAT-022,SUP-005,WH-001,14,11,2024-03-24,2024-03-22,115.12,Received
PO-001425,2024-03-13,MAT-033,SUP-007,WH-004,6,25,2024-04-07,2024-04-16,1179.71,Received
PO-001426,2024-03-13,MAT-002,SUP-002,WH-004,16,12,2024-03-25,2024-03-25,241.37,Received
PO-001427,2024-03-13,MAT-019,SUP-003,WH-003,5,26,2024-04-08,2024-04-08,2922.43,Received
PO-001428,2024-03-15,MAT-039,SUP-008,WH-002,160,9,2024-03-24,2024-03-23,95.74,Received
PO-001429,2024-03-15,MAT-027,SUP-006,WH-004,7,23,2024-04-07,2024-04-07,657.37,Received
PO-001430,2024-03-15,MAT-021,SUP-005,WH-004,19,13,2024-03-28,2024-03-28,208.55,Received
PO-001431,2024-03-15,MAT-032,SUP-007,WH-004,6,28,2024-04-12,2024-04-16,1238.66,Received
PO-001432,2024-03-16,MAT-030,SUP-006,WH-004,9,21,2024-04-06,2024-04-06,609.7,Received
PO-001433,2024-03-17,MAT-008,SUP-001,WH-003,9,18,2024-04-04,2024-04-03,636.55,Received
PO-001434,2024-03-17,MAT-004,SUP-002,WH-003,14,12,2024-03-29,2024-03-28,108.45,Received
PO-001435,2024-03-17,MAT-016,SUP-003,WH-001,6,26,2024-04-12,2024-04-11,1875.37,Received
PO-001436,2024-03-17,MAT-017,SUP-003,WH-002,7,24,2024-04-10,2024-04-08,3463.71,Received
PO-001437,2024-03-18,MAT-039,SUP-008,WH-001,193,9,2024-03-27,2024-04-01,95.74,Received
PO-001438,2024-03-18,MAT-014,SUP-004,WH-004,180,5,2024-03-23,2024-03-23,50.38,Received
PO-001439,2024-03-21,MAT-036,SUP-008,WH-003,192,7,2024-03-28,2024-04-04,75.97,Received
PO-001440,2024-03-21,MAT-012,SUP-004,WH-002,190,5,2024-03-26,2024-03-26,50.61,Received
PO-001441,2024-03-21,MAT-015,SUP-004,WH-002,209,5,2024-03-26,2024-03-26,46.55,Received
PO-001442,2024-03-21,MAT-017,SUP-003,WH-001,5,24,2024-04-14,2024-04-14,3463.71,Received
PO-001443,2024-03-23,MAT-007,SUP-001,WH-003,10,15,2024-04-07,2024-04-07,1810.3,Received
PO-001444,2024-03-24,MAT-003,SUP-002,WH-001,20,12,2024-04-05,2024-04-03,250.33,Received
PO-001445,2024-03-24,MAT-018,SUP-003,WH-002,5,26,2024-04-19,2024-04-19,2366.63,Received
PO-001446,2024-03-25,MAT-025,SUP-005,WH-004,21,12,2024-04-06,2024-04-08,127.95,Received
PO-001447,2024-03-25,MAT-013,SUP-004,WH-003,275,7,2024-04-01,2024-04-13,111.4,Received
PO-001448,2024-03-27,MAT-032,SUP-007,WH-003,5,28,2024-04-24,2024-04-24,1238.66,Received
PO-001449,2024-03-27,MAT-033,SUP-007,WH-004,6,25,2024-04-21,2024-04-21,1179.71,Received
PO-001450,2024-03-27,MAT-019,SUP-003,WH-004,5,26,2024-04-22,2024-04-21,2922.43,Received
PO-001451,2024-03-28,MAT-024,SUP-005,WH-003,12,12,2024-04-09,2024-04-19,176.74,Received
PO-001452,2024-03-28,MAT-011,SUP-004,WH-002,180,8,2024-04-05,2024-04-08,56.76,Received
PO-001453,2024-03-28,MAT-004,SUP-002,WH-002,19,12,2024-04-09,2024-04-08,108.45,Received
PO-001454,2024-03-29,MAT-023,SUP-005,WH-002,13,11,2024-04-09,2024-04-21,129.58,Received
PO-001455,2024-03-29,MAT-014,SUP-004,WH-001,246,5,2024-04-03,2024-04-02,50.38,Received
PO-001456,2024-03-30,MAT-026,SUP-006,WH-004,6,20,2024-04-19,2024-04-21,433.64,Received
PO-001457,2024-03-30,MAT-028,SUP-006,WH-001,7,20,2024-04-19,2024-04-26,1167.46,Received
PO-001458,2024-03-30,MAT-035,SUP-007,WH-003,7,28,2024-04-27,2024-05-03,1653.49,Received
PO-001459,2024-03-31,MAT-006,SUP-001,WH-002,7,18,2024-04-18,2024-04-26,630.77,Received
PO-001460,2024-03-31,MAT-001,SUP-001,WH-004,12,17,2024-04-17,2024-04-27,104.84,Received
PO-001461,2024-04-02,MAT-037,SUP-004,WH-004,114,6,2024-04-08,2024-04-19,108.65,Received
PO-001462,2024-04-02,MAT-005,SUP-001,WH-004,19,16,2024-04-18,2024-04-18,187.34,Received
PO-001463,2024-04-03,MAT-029,SUP-006,WH-003,7,20,2024-04-23,2024-04-22,511.8,Received
PO-001464,2024-04-03,MAT-020,SUP-003,WH-004,5,23,2024-04-26,2024-04-26,1627.96,Received
PO-001465,2024-04-04,MAT-009,SUP-002,WH-004,8,13,2024-04-17,2024-04-16,677.13,Received
PO-001466,2024-04-04,MAT-010,SUP-002,WH-002,9,13,2024-04-17,2024-04-15,856.73,Received
PO-001467,2024-04-05,MAT-006,SUP-001,WH-001,10,18,2024-04-23,2024-05-04,630.77,Received
PO-001468,2024-04-05,MAT-026,SUP-006,WH-003,7,20,2024-04-25,2024-04-24,433.64,Received
PO-001469,2024-04-05,MAT-025,SUP-005,WH-001,19,12,2024-04-17,2024-04-15,127.95,Received
PO-001470,2024-04-07,MAT-040,SUP-008,WH-002,104,7,2024-04-14,2024-04-18,97.48,Received
PO-001471,2024-04-07,MAT-022,SUP-005,WH-001,14,11,2024-04-18,2024-04-17,115.12,Received
PO-001472,2024-04-07,MAT-013,SUP-004,WH-004,151,7,2024-04-14,2024-04-13,111.4,Received
PO-001473,2024-04-08,MAT-007,SUP-001,WH-002,7,15,2024-04-23,2024-05-06,1810.3,Received
PO-001474,2024-04-08,MAT-024,SUP-005,WH-004,22,12,2024-04-20,2024-04-20,176.74,Received
PO-001475,2024-04-08,MAT-031,SUP-007,WH-003,6,25,2024-05-03,2024-05-07,1350.5,Received
PO-001476,2024-04-10,MAT-023,SUP-005,WH-003,23,11,2024-04-21,2024-04-20,129.58,Received
PO-001477,2024-04-10,MAT-002,SUP-002,WH-001,16,12,2024-04-22,2024-04-22,241.37,Received
PO-001478,2024-04-10,MAT-019,SUP-003,WH-003,5,26,2024-05-06,2024-05-04,2922.43,Received
PO-001479,2024-04-11,MAT-038,SUP-008,WH-004,101,8,2024-04-19,2024-04-30,70.54,Received
PO-001480,2024-04-11,MAT-030,SUP-006,WH-003,8,21,2024-05-02,2024-05-15,609.7,Received
PO-001481,2024-04-12,MAT-027,SUP-006,WH-001,7,23,2024-05-05,2024-05-03,657.37,Received
PO-001482,2024-04-13,MAT-028,SUP-006,WH-002,8,20,2024-05-03,2024-05-03,1167.46,Received
PO-001483,2024-04-13,MAT-021,SUP-005,WH-004,19,13,2024-04-26,2024-04-24,208.55,Received
PO-001484,2024-04-13,MAT-003,SUP-002,WH-001,20,12,2024-04-25,2024-04-25,250.33,Received
PO-001485,2024-04-14,MAT-019,SUP-003,WH-003,5,26,2024-05-10,2024-05-08,2922.43,Received
PO-001486,2024-04-15,MAT-011,SUP-004,WH-001,212,8,2024-04-23,2024-05-07,56.76,Received
PO-001487,2024-04-17,MAT-038,SUP-008,WH-001,144,8,2024-04-25,2024-04-25,70.54,Received
PO-001488,2024-04-17,MAT-015,SUP-004,WH-001,195,5,2024-04-22,2024-04-21,46.55,Received
PO-001489,2024-04-18,MAT-039,SUP-008,WH-002,160,9,2024-04-27,2024-04-27,95.74,Received
PO-001490,2024-04-18,MAT-030,SUP-006,WH-004,9,21,2024-05-09,2024-05-09,609.7,Received
PO-001491,2024-04-19,MAT-010,SUP-002,WH-002,9,13,2024-05-02,2024-05-01,856.73,Received
PO-001492,2024-04-19,MAT-036,SUP-008,WH-002,126,7,2024-04-26,2024-04-24,75.97,Received
PO-001493,2024-04-19,MAT-022,SUP-005,WH-002,15,11,2024-04-30,2024-04-30,115.12,Received
PO-001494,2024-04-19,MAT-012,SUP-004,WH-003,138,5,2024-04-24,2024-05-02,50.61,Received
PO-001495,2024-04-19,MAT-001,SUP-001,WH-003,12,17,2024-05-06,2024-05-05,104.84,Received
PO-001496,2024-04-20,MAT-018,SUP-003,WH-003,5,26,2024-05-16,2024-05-16,2366.63,Received
PO-001497,2024-04-21,MAT-040,SUP-008,WH-003,154,7,2024-04-28,2024-04-26,97.48,Received
PO-001498,2024-04-21,MAT-034,SUP-007,WH-001,7,28,2024-05-19,2024-05-17,783.28,Received
PO-001499,2024-04-21,MAT-002,SUP-002,WH-004,16,12,2024-05-03,2024-05-03,241.37,Received
PO-001500,2024-04-22,MAT-014,SUP-004,WH-004,180,5,2024-04-27,2024-04-26,50.38,Received
PO-001501,2024-04-22,MAT-032,SUP-007,WH-004,6,28,2024-05-20,2024-05-18,1238.66,Received
PO-001502,2024-04-22,MAT-033,SUP-007,WH-004,6,25,2024-05-17,2024-05-17,1179.71,Received
PO-001503,2024-04-24,MAT-015,SUP-004,WH-002,209,5,2024-04-29,2024-05-10,46.55,Received
PO-001504,2024-04-24,MAT-035,SUP-007,WH-002,6,28,2024-05-22,2024-05-22,1653.49,Received
PO-001505,2024-04-25,MAT-039,SUP-008,WH-001,193,9,2024-05-04,2024-05-04,95.74,Received
PO-001506,2024-04-25,MAT-029,SUP-006,WH-002,8,20,2024-05-15,2024-05-21,511.8,Received
PO-001507,2024-04-26,MAT-028,SUP-006,WH-001,7,20,2024-05-16,2024-05-15,1167.46,Received
PO-001508,2024-04-27,MAT-037,SUP-004,WH-003,180,6,2024-05-03,2024-05-01,108.65,Received
PO-001509,2024-04-27,MAT-021,SUP-005,WH-001,14,13,2024-05-10,2024-05-09,208.55,Received
PO-001510,2024-04-27,MAT-012,SUP-004,WH-002,190,5,2024-05-02,2024-04-30,50.61,Received
PO-001511,2024-04-27,MAT-018,SUP-003,WH-003,5,26,2024-05-23,2024-05-22,2366.63,Received
PO-001512,2024-04-28,MAT-027,SUP-006,WH-004,7,23,2024-05-21,2024-05-21,657.37,Received
PO-001513,2024-04-29,MAT-017,SUP-003,WH-002,7,24,2024-05-23,2024-05-22,3463.71,Received
PO-001514,2024-04-30,MAT-036,SUP-008,WH-003,192,7,2024-05-07,2024-05-18,75.97,Received
PO-001515,2024-05-01,MAT-008,SUP-001,WH-003,9,18,2024-05-19,2024-05-17,636.55,Received
PO-001516,2024-05-01,MAT-011,SUP-004,WH-002,180,8,2024-05-09,2024-05-08,56.76,Received
PO-001517,2024-05-01,MAT-014,SUP-004,WH-001,246,5,2024-05-06,2024-05-11,50.38,Received
PO-001518,2024-05-01,MAT-034,SUP-007,WH-001,7,28,2024-05-29,2024-05-28,783.28,Received
PO-001519,2024-05-01,MAT-003,SUP-002,WH-002,13,12,2024-05-13,2024-05-11,250.33,Received
PO-001520,2024-05-02,MAT-029,SUP-006,WH-003,7,20,2024-05-22,2024-06-02,511.8,Received
PO-001521,2024-05-02,MAT-031,SUP-007,WH-002,6,25,2024-05-27,2024-05-27,1350.5,Received
PO-001522,2024-05-03,MAT-007,SUP-001,WH-003,10,15,2024-05-18,2024-05-20,1810.3,Received
PO-001523,2024-05-05,MAT-023,SUP-005,WH-003,23,11,2024-05-16,2024-05-20,129.58,Received
PO-001524,2024-05-06,MAT-016,SUP-003,WH-001,6,26,2024-06-01,2024-05-31,1875.37,Received
PO-001525,2024-05-07,MAT-006,SUP-001,WH-001,10,18,2024-05-25,2024-06-04,630.77,Received
PO-001526,2024-05-07,MAT-009,SUP-002,WH-004,8,13,2024-05-20,2024-05-19,677.13,Received
PO-001527,2024-05-07,MAT-031,SUP-007,WH-003,6,25,2024-06-01,2024-06-01,1350.5,Received
PO-001528,2024-05-08,MAT-005,SUP-001,WH-003,11,16,2024-05-24,2024-05-23,187.34,Received
PO-001529,2024-05-09,MAT-010,SUP-002,WH-001,5,13,2024-05-22,2024-05-20,856.73,Received
PO-001530,2024-05-09,MAT-040,SUP-008,WH-002,104,7,2024-05-16,2024-05-25,97.48,Received
PO-001531,2024-05-09,MAT-013,SUP-004,WH-003,275,7,2024-05-16,2024-05-16,111.4,Received
PO-001532,2024-05-09,MAT-013,SUP-004,WH-004,151,7,2024-05-16,2024-05-14,111.4,Received
PO-001533,2024-05-10,MAT-004,SUP-002,WH-003,14,12,2024-05-22,2024-05-21,108.45,Received
PO-001534,2024-05-11,MAT-002,SUP-002,WH-001,16,12,2024-05-23,2024-05-22,241.37,Received
PO-001535,2024-05-14,MAT-025,SUP-005,WH-004,21,12,2024-05-26,2024-05-25,127.95,Received
PO-001536,2024-05-15,MAT-035,SUP-007,WH-003,7,28,2024-06-12,2024-06-10,1653.49,Received
PO-001537,2024-05-15,MAT-001,SUP-001,WH-003,12,17,2024-06-01,2024-05-31,104.84,Received
PO-001538,2024-05-16,MAT-024,SUP-005,WH-004,22,12,2024-05-28,2024-06-11,176.74,Received
PO-001539,2024-05-17,MAT-007,SUP-001,WH-002,7,15,2024-06-01,2024-05-31,1810.3,Received
PO-001540,2024-05-17,MAT-037,SUP-004,WH-004,114,6,2024-05-23,2024-05-21,108.65,Received
PO-001541,2024-05-17,MAT-004,SUP-002,WH-002,19,12,2024-05-29,2024-05-28,108.45,Received
PO-001542,2024-05-18,MAT-035,SUP-007,WH-002,6,28,2024-06-15,2024-06-14,1653.49,Received
PO-001543,2024-05-20,MAT-038,SUP-008,WH-001,144,8,2024-05-28,2024-05-27,70.54,Received
PO-001544,2024-05-20,MAT-028,SUP-006,WH-002,8,20,2024-06-09,2024-06-09,1167.46,Received
PO-001545,2024-05-21,MAT-036,SUP-008,WH-002,126,7,2024-05-28,2024-05-27,75.97,Received
PO-001546,2024-05-21,MAT-027,SUP-006,WH-004,7,23,2024-06-13,2024-06-11,657.37,Received
PO-001547,2024-05-21,MAT-030,SUP-006,WH-004,9,21,2024-06-11,2024-06-19,609.7,Received
PO-001548,2024-05-22,MAT-021,SUP-005,WH-001,14,13,2024-06-04,2024-06-03,208.55,Received
PO-001549,2024-05-22,MAT-019,SUP-003,WH-004,5,26,2024-06-17,2024-06-15,2922.43,Received
PO-001550,2024-05-23,MAT-015,SUP-004,WH-001,195,5,2024-05-28,2024-05-27,46.55,Received
PO-001551,2024-05-24,MAT-009,SUP-002,WH-001,8,13,2024-06-06,2024-06-06,677.13,Received
PO-001552,2024-05-24,MAT-022,SUP-005,WH-001,14,11,2024-06-04,2024-06-08,115.12,Received
PO-001553,2024-05-24,MAT-024,SUP-005,WH-003,12,12,2024-06-05,2024-06-04,176.74,Received
PO-001554,2024-05-24,MAT-025,SUP-005,WH-001,19,12,2024-06-05,2024-06-05,127.95,Received
PO-001555,2024-05-24,MAT-003,SUP-002,WH-002,13,12,2024-06-05,2024-06-05,250.33,Received
PO-001556,2024-05-24,MAT-005,SUP-001,WH-004,19,16,2024-06-09,2024-06-13,187.34,Received
PO-001557,2024-05-25,MAT-040,SUP-008,WH-003,154,7,2024-06-01,2024-06-01,97.48,Received
PO-001558,2024-05-26,MAT-033,SUP-007,WH-001,5,25,2024-06-20,2024-06-18,1179.71,Received
PO-001559,2024-05-26,MAT-003,SUP-002,WH-001,20,12,2024-06-07,2024-06-06,250.33,Received
PO-001560,2024-05-27,MAT-039,SUP-008,WH-002,160,9,2024-06-05,2024-06-04,95.74,Received
PO-001561,2024-05-27,MAT-021,SUP-005,WH-004,19,13,2024-06-09,2024-06-07,208.55,Received
PO-001562,2024-05-27,MAT-012,SUP-004,WH-003,138,5,2024-06-01,2024-05-30,50.61,Received
PO-001563,2024-05-27,MAT-016,SUP-003,WH-004,4,26,2024-06-22,2024-06-30,1875.37,Received
PO-001564,2024-05-28,MAT-038,SUP-008,WH-004,101,8,2024-06-05,2024-06-04,70.54,Received
PO-001565,2024-05-28,MAT-034,SUP-007,WH-002,6,28,2024-06-25,2024-06-23,783.28,Received
PO-001566,2024-05-28,MAT-002,SUP-002,WH-004,16,12,2024-06-09,2024-06-16,241.37,Received
PO-001567,2024-05-29,MAT-014,SUP-004,WH-004,180,5,2024-06-03,2024-06-01,50.38,Received
PO-001568,2024-05-29,MAT-005,SUP-001,WH-003,11,16,2024-06-14,2024-06-14,187.34,Received
PO-001569,2024-05-30,MAT-011,SUP-004,WH-001,212,8,2024-06-07,2024-06-06,56.76,Received
PO-001570,2024-05-31,MAT-039,SUP-008,WH-001,193,9,2024-06-09,2024-06-07,95.74,Received
PO-001571,2024-05-31,MAT-030,SUP-006,WH-003,8,21,2024-06-21,2024-06-21,609.7,Received
PO-001572,2024-06-02,MAT-012,SUP-004,WH-002,190,5,2024-06-07,2024-06-05,50.61,Received
PO-001573,2024-06-02,MAT-001,SUP-001,WH-004,12,17,2024-06-19,2024-06-18,104.84,Received
PO-001574,2024-06-03,MAT-023,SUP-005,WH-002,13,11,2024-06-14,2024-06-13,129.58,Received
PO-001575,2024-06-04,MAT-037,SUP-004,WH-003,180,6,2024-06-10,2024-06-10,108.65,Received
PO-001576,2024-06-05,MAT-015,SUP-004,WH-002,209,5,2024-06-10,2024-06-10,46.55,Received
PO-001577,2024-06-05,MAT-017,SUP-003,WH-002,7,24,2024-06-29,2024-07-07,3463.71,Received
PO-001578,2024-06-06,MAT-032,SUP-007,WH-004,6,28,2024-07-04,2024-07-03,1238.66,Received
PO-001579,2024-06-07,MAT-027,SUP-006,WH-001,7,23,2024-06-30,2024-06-29,657.37,Received
PO-001580,2024-06-07,MAT-011,SUP-004,WH-002,180,8,2024-06-15,2024-06-27,56.76,Received
PO-001581,2024-06-07,MAT-034,SUP-007,WH-001,7,28,2024-07-05,2024-07-03,783.28,Received
PO-001582,2024-06-08,MAT-029,SUP-006,WH-003,7,20,2024-06-28,2024-06-28,511.8,Received
PO-001583,2024-06-08,MAT-002,SUP-002,WH-001,16,12,2024-06-20,2024-06-18,241.37,Received
PO-001584,2024-06-09,MAT-014,SUP-004,WH-001,246,5,2024-06-14,2024-06-16,50.38,Received
PO-001585,2024-06-09,MAT-016,SUP-003,WH-001,6,26,2024-07-05,2024-07-05,1875.37,Received
PO-001586,2024-06-10,MAT-034,SUP-007,WH-002,6,28,2024-07-08,2024-07-10,783.28,Received
PO-001587,2024-06-11,MAT-035,SUP-007,WH-003,7,28,2024-07-09,2024-07-07,1653.49,Received
PO-001588,2024-06-11,MAT-004,SUP-002,WH-002,19,12,2024-06-23,2024-06-21,108.45,Received
PO-001589,2024-06-12,MAT-028,SUP-006,WH-001,7,20,2024-07-02,2024-07-01,1167.46,Received
PO-001590,2024-06-14,MAT-013,SUP-004,WH-003,275,7,2024-06-21,2024-06-19,111.4,Received
PO-001591,2024-06-15,MAT-036,SUP-008,WH-003,192,7,2024-06-22,2024-06-20,75.97,Received
PO-001592,2024-06-15,MAT-013,SUP-004,WH-004,151,7,2024-06-22,2024-06-20,111.4,Received
PO-001593,2024-06-16,MAT-008,SUP-001,WH-004,5,18,2024-07-04,2024-07-08,636.55,Received
PO-001594,2024-06-18,MAT-040,SUP-008,WH-002,104,7,2024-06-25,2024-06-29,97.48,Received
PO-001595,2024-06-18,MAT-022,SUP-005,WH-002,15,11,2024-06-29,2024-06-29,115.12,Received
PO-001596,2024-06-18,MAT-023,SUP-005,WH-003,23,11,2024-06-29,2024-07-01,129.58,Received
PO-001597,2024-06-18,MAT-031,SUP-007,WH-003,6,25,2024-07-13,2024-07-11,1350.5,Received
PO-001598,2024-06-18,MAT-020,SUP-003,WH-001,4,23,2024-07-11,2024-07-10,1627.96,Received
PO-001599,2024-06-19,MAT-038,SUP-008,WH-001,144,8,2024-06-27,2024-06-26,70.54,Received
PO-001600,2024-06-20,MAT-024,SUP-005,WH-003,12,12,2024-07-02,2024-07-01,176.74,Received
PO-001601,2024-06-20,MAT-001,SUP-001,WH-003,12,17,2024-07-07,2024-07-05,104.84,Received
PO-001602,2024-06-20,MAT-019,SUP-003,WH-004,5,26,2024-07-16,2024-07-16,2922.43,Received
PO-001603,2024-06-21,MAT-033,SUP-007,WH-001,5,25,2024-07-16,2024-07-15,1179.71,Received
PO-001604,2024-06-22,MAT-037,SUP-004,WH-004,114,6,2024-06-28,2024-07-06,108.65,Received
PO-001605,2024-06-22,MAT-005,SUP-001,WH-004,19,16,2024-07-08,2024-07-06,187.34,Received
PO-001606,2024-06-22,MAT-018,SUP-003,WH-002,5,26,2024-07-18,2024-07-26,2366.63,Received
PO-001607,2024-06-23,MAT-036,SUP-008,WH-002,126,7,2024-06-30,2024-07-09,75.97,Received
PO-001608,2024-06-23,MAT-029,SUP-006,WH-002,8,20,2024-07-13,2024-07-20,511.8,Received
PO-001609,2024-06-23,MAT-025,SUP-005,WH-004,21,12,2024-07-05,2024-07-03,127.95,Received
PO-001610,2024-06-24,MAT-031,SUP-007,WH-002,6,25,2024-07-19,2024-07-19,1350.5,Received
PO-001611,2024-06-25,MAT-007,SUP-001,WH-002,7,15,2024-07-10,2024-07-08,1810.3,Received
PO-001612,2024-06-25,MAT-030,SUP-006,WH-003,8,21,2024-07-16,2024-07-14,609.7,Received
PO-001613,2024-06-26,MAT-026,SUP-006,WH-004,6,20,2024-07-16,2024-07-15,433.64,Received
PO-001614,2024-06-26,MAT-022,SUP-005,WH-001,14,11,2024-07-07,2024-07-07,115.12,Received
PO-001615,2024-06-26,MAT-032,SUP-007,WH-003,5,28,2024-07-24,2024-07-23,1238.66,Received
PO-001616,2024-06-27,MAT-008,SUP-001,WH-003,9,18,2024-07-15,2024-07-24,636.55,Received
PO-001617,2024-06-27,MAT-009,SUP-002,WH-004,8,13,2024-07-10,2024-07-10,677.13,Received
PO-001618,2024-06-27,MAT-033,SUP-007,WH-001,5,25,2024-07-22,2024-07-20,1179.71,Received
PO-001619,2024-06-28,MAT-007,SUP-001,WH-003,10,15,2024-07-13,2024-07-11,1810.3,Received
PO-001620,2024-06-28,MAT-040,SUP-008,WH-003,154,7,2024-07-05,2024-07-05,97.48,Received
PO-001621,2024-06-28,MAT-015,SUP-004,WH-001,195,5,2024-07-03,2024-07-14,46.55,Received
PO-001622,2024-06-29,MAT-038,SUP-008,WH-004,101,8,2024-07-07,2024-07-05,70.54,Received
PO-001623,2024-06-29,MAT-027,SUP-006,WH-001,7,23,2024-07-22,2024-07-22,657.37,Received
PO-001624,2024-06-29,MAT-030,SUP-006,WH-004,9,21,2024-07-20,2024-07-23,609.7,Received
PO-001625,2024-06-29,MAT-024,SUP-005,WH-004,22,12,2024-07-11,2024-07-10,176.74,Received
PO-001626,2024-06-29,MAT-012,SUP-004,WH-003,138,5,2024-07-04,2024-07-03,50.61,Received
PO-001627,2024-06-30,MAT-021,SUP-005,WH-004,19,13,2024-07-13,2024-07-13,208.55,Received
PO-001628,2024-06-30,MAT-014,SUP-004,WH-004,180,5,2024-07-05,2024-07-09,50.38,Received
PO-001629,2024-07-01,MAT-026,SUP-006,WH-003,7,20,2024-07-21,2024-07-21,433.64,Received
PO-001630,2024-07-01,MAT-028,SUP-006,WH-002,8,20,2024-07-21,2024-08-04,1167.46,Received
PO-001631,2024-07-02,MAT-006,SUP-001,WH-001,10,18,2024-07-20,2024-07-18,630.77,Received
PO-001632,2024-07-03,MAT-006,SUP-001,WH-002,7,18,2024-07-21,2024-07-30,630.77,Received
PO-001633,2024-07-03,MAT-003,SUP-002,WH-001,20,12,2024-07-15,2024-07-13,250.33,Received
PO-001634,2024-07-04,MAT-039,SUP-008,WH-002,160,9,2024-07-13,2024-07-25,95.74,Received
PO-001635,2024-07-05,MAT-037,SUP-004,WH-003,180,6,2024-07-11,2024-07-11,108.65,Received
PO-001636,2024-07-05,MAT-011,SUP-004,WH-001,212,8,2024-07-13,2024-07-13,56.76,Received
PO-001637,2024-07-06,MAT-025,SUP-005,WH-001,19,12,2024-07-18,2024-07-16,127.95,Received
PO-001638,2024-07-06,MAT-012,SUP-004,WH-002,190,5,2024-07-11,2024-07-09,50.61,Received
PO-001639,2024-07-06,MAT-019,SUP-003,WH-003,5,26,2024-08-01,2024-08-01,2922.43,Received
PO-001640,2024-07-07,MAT-029,SUP-006,WH-003,7,20,2024-07-27,2024-08-07,511.8,Received
PO-001641,2024-07-08,MAT-002,SUP-002,WH-004,16,12,2024-07-20,2024-07-19,241.37,Received
PO-001642,2024-07-08,MAT-005,SUP-001,WH-003,11,16,2024-07-24,2024-07-24,187.34,Received
PO-001643,2024-07-08,MAT-020,SUP-003,WH-001,4,23,2024-07-31,2024-07-29,1627.96,Received
PO-001644,2024-07-09,MAT-039,SUP-008,WH-001,193,9,2024-07-18,2024-07-31,95.74,Received
PO-001645,2024-07-09,MAT-019,SUP-003,WH-003,5,26,2024-08-04,2024-08-16,2922.43,Received
PO-001646,2024-07-10,MAT-028,SUP-006,WH-001,7,20,2024-07-30,2024-07-30,1167.46,Received
PO-001647,2024-07-10,MAT-004,SUP-002,WH-003,14,12,2024-07-22,2024-07-20,108.45,Received
PO-001648,2024-07-11,MAT-010,SUP-002,WH-002,9,13,2024-07-24,2024-07-24,856.73,Received
PO-001649,2024-07-11,MAT-032,SUP-007,WH-004,6,28,2024-08-08,2024-08-06,1238.66,Received
PO-001650,2024-07-12,MAT-015,SUP-004,WH-002,209,5,2024-07-17,2024-07-16,46.55,Received
PO-001651,2024-07-13,MAT-027,SUP-006,WH-004,7,23,2024-08-05,2024-08-03,657.37,Received
PO-001652,2024-07-13,MAT-022,SUP-005,WH-002,15,11,2024-07-24,2024-07-24,115.12,Received
PO-001653,2024-07-13,MAT-005,SUP-001,WH-004,19,16,2024-07-29,2024-07-29,187.34,Received
PO-001654,2024-07-14,MAT-013,SUP-004,WH-004,151,7,2024-07-21,2024-07-19,111.4,Received
PO-001655,2024-07-15,MAT-010,SUP-002,WH-001,5,13,2024-07-28,2024-07-27,856.73,Received
PO-001656,2024-07-15,MAT-035,SUP-007,WH-003,7,28,2024-08-12,2024-08-17,1653.49,Received
PO-001657,2024-07-16,MAT-022,SUP-005,WH-001,14,11,2024-07-27,2024-08-09,115.12,Received
PO-001658,2024-07-16,MAT-014,SUP-004,WH-001,246,5,2024-07-21,2024-07-31,50.38,Received
PO-001659,2024-07-16,MAT-034,SUP-007,WH-001,7,28,2024-08-13,2024-08-13,783.28,Received
PO-001660,2024-07-16,MAT-035,SUP-007,WH-002,6,28,2024-08-13,2024-08-13,1653.49,Received
PO-001661,2024-07-17,MAT-016,SUP-003,WH-004,4,26,2024-08-12,2024-08-11,1875.37,Received
PO-001662,2024-07-18,MAT-016,SUP-003,WH-004,4,26,2024-08-13,2024-08-24,1875.37,Received
PO-001663,2024-07-20,MAT-013,SUP-004,WH-003,275,7,2024-07-27,2024-08-01,111.4,Received
PO-001664,2024-07-21,MAT-011,SUP-004,WH-002,180,8,2024-07-29,2024-08-07,56.76,Received
PO-001665,2024-07-21,MAT-017,SUP-003,WH-001,5,24,2024-08-14,2024-08-14,3463.71,Received
PO-001666,2024-07-22,MAT-040,SUP-008,WH-002,104,7,2024-07-29,2024-07-29,97.48,Received
PO-001667,2024-07-23,MAT-007,SUP-001,WH-002,7,15,2024-08-07,2024-08-05,1810.3,Received
PO-001668,2024-07-23,MAT-036,SUP-008,WH-003,192,7,2024-07-30,2024-08-10,75.97,Received
PO-001669,2024-07-23,MAT-029,SUP-006,WH-002,8,20,2024-08-12,2024-08-12,511.8,Received
PO-001670,2024-07-23,MAT-023,SUP-005,WH-002,13,11,2024-08-03,2024-08-03,129.58,Received
PO-001671,2024-07-23,MAT-004,SUP-002,WH-002,19,12,2024-08-04,2024-08-02,108.45,Received
PO-001672,2024-07-24,MAT-003,SUP-002,WH-002,13,12,2024-08-05,2024-08-03,250.33,Received
PO-001673,2024-07-25,MAT-038,SUP-008,WH-001,144,8,2024-08-02,2024-08-06,70.54,Received
PO-001674,2024-07-25,MAT-027,SUP-006,WH-001,7,23,2024-08-17,2024-08-19,657.37,Received
PO-001675,2024-07-26,MAT-026,SUP-006,WH-004,6,20,2024-08-15,2024-08-15,433.64,Received
PO-001676,2024-07-26,MAT-025,SUP-005,WH-004,21,12,2024-08-07,2024-08-07,127.95,Received
PO-001677,2024-07-26,MAT-034,SUP-007,WH-002,6,28,2024-08-23,2024-08-23,783.28,Received
PO-001678,2024-07-27,MAT-006,SUP-001,WH-001,10,18,2024-08-14,2024-08-13,630.77,Received
PO-001679,2024-07-27,MAT-018,SUP-003,WH-002,5,26,2024-08-22,2024-08-21,2366.63,Received
PO-001680,2024-07-28,MAT-001,SUP-001,WH-003,12,17,2024-08-14,2024-08-16,104.84,Received
PO-001681,2024-07-29,MAT-009,SUP-002,WH-004,8,13,2024-08-11,2024-08-09,677.13,Received
PO-001682,2024-07-29,MAT-031,SUP-007,WH-003,6,25,2024-08-23,2024-08-21,1350.5,Received
PO-001683,2024-07-30,MAT-040,SUP-008,WH-003,154,7,2024-08-06,2024-08-06,97.48,Received
PO-001684,2024-07-30,MAT-030,SUP-006,WH-004,9,21,2024-08-20,2024-08-19,609.7,Received
PO-001685,2024-07-30,MAT-023,SUP-005,WH-003,23,11,2024-08-10,2024-08-10,129.58,Received
PO-001686,2024-07-31,MAT-008,SUP-001,WH-004,5,18,2024-08-18,2024-08-17,636.55,Received
PO-001687,2024-07-31,MAT-021,SUP-005,WH-001,14,13,2024-08-13,2024-08-11,208.55,Received
PO-001688,2024-08-01,MAT-036,SUP-008,WH-002,126,7,2024-08-08,2024-08-06,75.97,Received
PO-001689,2024-08-01,MAT-038,SUP-008,WH-004,101,8,2024-08-09,2024-08-09,70.54,Received
PO-001690,2024-08-01,MAT-021,SUP-005,WH-004,19,13,2024-08-14,2024-08-14,208.55,Received
PO-001691,2024-08-01,MAT-012,SUP-004,WH-003,138,5,2024-08-06,2024-08-20,50.61,Received
PO-001692,2024-08-01,MAT-033,SUP-007,WH-004,6,25,2024-08-26,2024-08-26,1179.71,Received
PO-001693,2024-08-02,MAT-002,SUP-002,WH-001,16,12,2024-08-14,2024-08-12,241.37,Received
PO-001694,2024-08-03,MAT-037,SUP-004,WH-004,114,6,2024-08-09,2024-08-17,108.65,Received
PO-001695,2024-08-04,MAT-006,SUP-001,WH-002,7,18,2024-08-22,2024-08-20,630.77,Received
PO-001696,2024-08-04,MAT-024,SUP-005,WH-004,22,12,2024-08-16,2024-08-15,176.74,Received
PO-001697,2024-08-04,MAT-014,SUP-004,WH-004,180,5,2024-08-09,2024-08-08,50.38,Received
PO-001698,2024-08-06,MAT-011,SUP-004,WH-001,212,8,2024-08-14,2024-08-12,56.76,Received
PO-001699,2024-08-06,MAT-003,SUP-002,WH-001,20,12,2024-08-18,2024-08-16,250.33,Received
PO-001700,2024-08-07,MAT-037,SUP-004,WH-003,180,6,2024-08-13,2024-08-11,108.65,Received
PO-001701,2024-08-07,MAT-001,SUP-001,WH-004,12,17,2024-08-24,2024-08-31,104.84,Received
PO-001702,2024-08-08,MAT-033,SUP-007,WH-001,5,25,2024-09-02,2024-09-01,1179.71,Received
PO-001703,2024-08-09,MAT-030,SUP-006,WH-003,8,21,2024-08-30,2024-09-06,609.7,Received
PO-001704,2024-08-09,MAT-031,SUP-007,WH-003,6,25,2024-09-03,2024-09-01,1350.5,Received
PO-001705,2024-08-10,MAT-017,SUP-003,WH-002,7,24,2024-09-03,2024-09-02,3463.71,Received
PO-001706,2024-08-12,MAT-024,SUP-005,WH-003,12,12,2024-08-24,2024-09-03,176.74,Received
PO-001707,2024-08-12,MAT-012,SUP-004,WH-002,190,5,2024-08-17,2024-08-15,50.61,Received
PO-001708,2024-08-13,MAT-003,SUP-002,WH-002,13,12,2024-08-25,2024-08-24,250.33,Received
PO-001709,2024-08-14,MAT-039,SUP-008,WH-002,160,9,2024-08-23,2024-08-21,95.74,Received
PO-001710,2024-08-14,MAT-015,SUP-004,WH-001,195,5,2024-08-19,2024-08-17,46.55,Received
PO-001711,2024-08-16,MAT-026,SUP-006,WH-003,7,20,2024-09-05,2024-09-07,433.64,Received
PO-001712,2024-08-16,MAT-015,SUP-004,WH-002,209,5,2024-08-21,2024-08-21,46.55,Received
PO-001713,2024-08-16,MAT-001,SUP-001,WH-003,12,17,2024-09-02,2024-09-08,104.84,Received
PO-001714,2024-08-18,MAT-007,SUP-001,WH-003,10,15,2024-09-02,2024-09-01,1810.3,Received
PO-001715,2024-08-18,MAT-008,SUP-001,WH-004,5,18,2024-09-05,2024-09-05,636.55,Received
PO-001716,2024-08-18,MAT-010,SUP-002,WH-001,5,13,2024-08-31,2024-08-31,856.73,Received
PO-001717,2024-08-18,MAT-013,SUP-004,WH-004,151,7,2024-08-25,2024-08-23,111.4,Received
PO-001718,2024-08-19,MAT-005,SUP-001,WH-003,11,16,2024-09-04,2024-09-07,187.34,Received
PO-001719,2024-08-20,MAT-039,SUP-008,WH-001,193,9,2024-08-29,2024-09-11,95.74,Received
PO-001720,2024-08-20,MAT-022,SUP-005,WH-002,15,11,2024-08-31,2024-08-31,115.12,Received
PO-001721,2024-08-22,MAT-007,SUP-001,WH-002,7,15,2024-09-06,2024-09-06,1810.3,Received
PO-001722,2024-08-22,MAT-029,SUP-006,WH-003,7,20,2024-09-11,2024-09-11,511.8,Received
PO-001723,2024-08-22,MAT-025,SUP-005,WH-004,21,12,2024-09-03,2024-09-03,127.95,Received
PO-001724,2024-08-22,MAT-034,SUP-007,WH-001,7,28,2024-09-19,2024-09-18,783.28,Received
PO-001725,2024-08-23,MAT-016,SUP-003,WH-001,6,26,2024-09-18,2024-09-16,1875.37,Received
PO-001726,2024-08-23,MAT-017,SUP-003,WH-001,5,24,2024-09-16,2024-09-14,3463.71,Received
PO-001727,2024-08-25,MAT-008,SUP-001,WH-003,9,18,2024-09-12,2024-09-10,636.55,Received
PO-001728,2024-08-25,MAT-022,SUP-005,WH-001,14,11,2024-09-05,2024-09-05,115.12,Received
PO-001729,2024-08-25,MAT-013,SUP-004,WH-003,275,7,2024-09-01,2024-09-03,111.4,Received
PO-001730,2024-08-26,MAT-009,SUP-002,WH-001,8,13,2024-09-08,2024-09-07,677.13,Received
PO-001731,2024-08-26,MAT-028,SUP-006,WH-002,8,20,2024-09-15,2024-09-15,1167.46,Received
PO-001732,2024-08-27,MAT-040,SUP-008,WH-002,104,7,2024-09-03,2024-09-01,97.48,Received
PO-001733,2024-08-27,MAT-027,SUP-006,WH-004,7,23,2024-09-19,2024-09-19,657.37,Received
PO-001734,2024-08-27,MAT-025,SUP-005,WH-001,19,12,2024-09-08,2024-09-06,127.95,Received
PO-001735,2024-08-28,MAT-009,SUP-002,WH-004,8,13,2024-09-10,2024-09-08,677.13,Received
PO-001736,2024-08-28,MAT-038,SUP-008,WH-001,144,8,2024-09-05,2024-09-03,70.54,Received
PO-001737,2024-08-28,MAT-014,SUP-004,WH-001,246,5,2024-09-02,2024-09-05,50.38,Received
PO-001738,2024-08-29,MAT-031,SUP-007,WH-002,6,25,2024-09-23,2024-09-23,1350.5,Received
PO-001739,2024-08-30,MAT-006,SUP-001,WH-001,10,18,2024-09-17,2024-09-16,630.77,Received
PO-001740,2024-08-30,MAT-018,SUP-003,WH-003,5,26,2024-09-25,2024-09-23,2366.63,Received
PO-001741,2024-08-31,MAT-040,SUP-008,WH-003,154,7,2024-09-07,2024-09-11,97.48,Received
PO-001742,2024-08-31,MAT-011,SUP-004,WH-002,180,8,2024-09-08,2024-09-06,56.76,Received
PO-001743,2024-08-31,MAT-004,SUP-002,WH-003,14,12,2024-09-12,2024-09-21,108.45,Received
PO-001744,2024-09-01,MAT-036,SUP-008,WH-003,192,7,2024-09-08,2024-09-07,75.97,Received
PO-001745,2024-09-01,MAT-004,SUP-002,WH-002,19,12,2024-09-13,2024-09-13,108.45,Received
PO-001746,2024-09-02,MAT-034,SUP-007,WH-002,6,28,2024-09-30,2024-09-28,783.28,Received
PO-001747,2024-09-02,MAT-002,SUP-002,WH-004,16,12,2024-09-14,2024-09-13,241.37,Received
PO-001748,2024-09-03,MAT-029,SUP-006,WH-002,8,20,2024-09-23,2024-09-23,511.8,Received
PO-001749,2024-09-04,MAT-038,SUP-008,WH-004,101,8,2024-09-12,2024-09-14,70.54,Received
PO-001750,2024-09-05,MAT-036,SUP-008,WH-002,126,7,2024-09-12,2024-09-12,75.97,Received
PO-001751,2024-09-05,MAT-021,SUP-005,WH-004,19,13,2024-09-18,2024-09-16,208.55,Received
PO-001752,2024-09-05,MAT-032,SUP-007,WH-004,6,28,2024-10-03,2024-10-02,1238.66,Received
PO-001753,2024-09-05,MAT-035,SUP-007,WH-002,6,28,2024-10-03,2024-10-02,1653.49,Received
PO-001754,2024-09-05,MAT-020,SUP-003,WH-004,5,23,2024-09-28,2024-09-28,1627.96,Received
PO-001755,2024-09-06,MAT-023,SUP-005,WH-002,13,11,2024-09-17,2024-09-15,129.58,Received
PO-001756,2024-09-07,MAT-014,SUP-004,WH-004,180,5,2024-09-12,2024-09-10,50.38,Received
PO-001757,2024-09-08,MAT-009,SUP-002,WH-001,8,13,2024-09-21,2024-09-21,677.13,Received
PO-001758,2024-09-08,MAT-026,SUP-006,WH-004,6,20,2024-09-28,2024-09-27,433.64,Received
PO-001759,2024-09-08,MAT-023,SUP-005,WH-003,23,11,2024-09-19,2024-09-17,129.58,Received
PO-001760,2024-09-08,MAT-011,SUP-004,WH-001,212,8,2024-09-16,2024-09-28,56.76,Received
PO-001761,2024-09-09,MAT-010,SUP-002,WH-002,9,13,2024-09-22,2024-09-22,856.73,Received
PO-001762,2024-09-09,MAT-003,SUP-002,WH-001,20,12,2024-09-21,2024-09-21,250.33,Received
PO-001763,2024-09-10,MAT-007,SUP-001,WH-002,7,15,2024-09-25,2024-10-02,1810.3,Received
PO-001764,2024-09-10,MAT-024,SUP-005,WH-003,12,12,2024-09-22,2024-09-22,176.74,Received
PO-001765,2024-09-10,MAT-024,SUP-005,WH-004,22,12,2024-09-22,2024-09-20,176.74,Received
PO-001766,2024-09-10,MAT-035,SUP-007,WH-003,7,28,2024-10-08,2024-10-07,1653.49,Received
PO-001767,2024-09-10,MAT-002,SUP-002,WH-001,16,12,2024-09-22,2024-09-20,241.37,Received
PO-001768,2024-09-11,MAT-037,SUP-004,WH-004,114,6,2024-09-17,2024-09-15,108.65,Received
PO-001769,2024-09-12,MAT-037,SUP-004,WH-003,180,6,2024-09-18,2024-09-16,108.65,Received
PO-001770,2024-09-12,MAT-026,SUP-006,WH-003,7,20,2024-10-02,2024-10-11,433.64,Received
PO-001771,2024-09-12,MAT-027,SUP-006,WH-001,7,23,2024-10-05,2024-10-05,657.37,Received
PO-001772,2024-09-12,MAT-030,SUP-006,WH-003,8,21,2024-10-03,2024-10-14,609.7,Received
PO-001773,2024-09-12,MAT-003,SUP-002,WH-002,13,12,2024-09-24,2024-09-23,250.33,Received
PO-001774,2024-09-13,MAT-028,SUP-006,WH-001,7,20,2024-10-03,2024-10-03,1167.46,Received
PO-001775,2024-09-14,MAT-030,SUP-006,WH-004,9,21,2024-10-05,2024-10-03,609.7,Received
PO-001776,2024-09-14,MAT-005,SUP-001,WH-004,19,16,2024-09-30,2024-09-29,187.34,Received
PO-001777,2024-09-14,MAT-017,SUP-003,WH-002,7,24,2024-10-08,2024-10-07,3463.71,Received
PO-001778,2024-09-15,MAT-015,SUP-004,WH-002,209,5,2024-09-20,2024-10-01,46.55,Received
PO-001779,2024-09-17,MAT-012,SUP-004,WH-002,190,5,2024-09-22,2024-09-28,50.61,Received
PO-001780,2024-09-17,MAT-017,SUP-003,WH-001,5,24,2024-10-11,2024-10-10,3463.71,Received
PO-001781,2024-09-18,MAT-039,SUP-008,WH-002,160,9,2024-09-27,2024-09-25,95.74,Received
PO-001782,2024-09-18,MAT-021,SUP-005,WH-001,14,13,2024-10-01,2024-10-01,208.55,Received
PO-001783,2024-09-18,MAT-015,SUP-004,WH-001,195,5,2024-09-23,2024-09-21,46.55,Received
PO-001784,2024-09-18,MAT-001,SUP-001,WH-003,12,17,2024-10-05,2024-10-04,104.84,Received
PO-001785,2024-09-20,MAT-012,SUP-004,WH-003,138,5,2024-09-25,2024-09-24,50.61,Received
PO-001786,2024-09-20,MAT-005,SUP-001,WH-003,11,16,2024-10-06,2024-10-05,187.34,Received
PO-001787,2024-09-21,MAT-025,SUP-005,WH-004,21,12,2024-10-03,2024-10-03,127.95,Received
PO-001788,2024-09-22,MAT-013,SUP-004,WH-004,151,7,2024-09-29,2024-09-28,111.4,Received
PO-001789,2024-09-22,MAT-032,SUP-007,WH-003,5,28,2024-10-20,2024-10-20,1238.66,Received
PO-001790,2024-09-22,MAT-001,SUP-001,WH-004,12,17,2024-10-09,2024-10-19,104.84,Received
PO-001791,2024-09-23,MAT-010,SUP-002,WH-001,5,13,2024-10-06,2024-10-06,856.73,Received
PO-001792,2024-09-24,MAT-008,SUP-001,WH-004,5,18,2024-10-12,2024-10-11,636.55,Received
PO-001793,2024-09-27,MAT-022,SUP-005,WH-001,14,11,2024-10-08,2024-10-08,115.12,Received
PO-001794,2024-09-27,MAT-013,SUP-004,WH-003,275,7,2024-10-04,2024-10-03,111.4,Received
PO-001795,2024-09-27,MAT-033,SUP-007,WH-001,5,25,2024-10-22,2024-11-03,1179.71,Received
PO-001796,2024-09-29,MAT-027,SUP-006,WH-004,7,23,2024-10-22,2024-10-20,657.37,Received
PO-001797,2024-09-30,MAT-006,SUP-001,WH-002,7,18,2024-10-18,2024-10-18,630.77,Received
PO-001798,2024-09-30,MAT-026,SUP-006,WH-004,6,20,2024-10-20,2024-10-19,433.64,Received
PO-001799,2024-10-01,MAT-038,SUP-008,WH-001,144,8,2024-10-09,2024-10-15,70.54,Received
PO-001800,2024-10-01,MAT-039,SUP-008,WH-001,193,9,2024-10-10,2024-10-10,95.74,Received
PO-001801,2024-10-01,MAT-018,SUP-003,WH-002,5,26,2024-10-27,2024-11-10,2366.63,Received
PO-001802,2024-10-02,MAT-007,SUP-001,WH-003,10,15,2024-10-17,2024-10-28,1810.3,Received
PO-001803,2024-10-03,MAT-040,SUP-008,WH-002,104,7,2024-10-10,2024-10-08,97.48,Received
PO-001804,2024-10-03,MAT-040,SUP-008,WH-003,154,7,2024-10-10,2024-10-10,97.48,Received
PO-001805,2024-10-03,MAT-022,SUP-005,WH-002,15,11,2024-10-14,2024-10-22,115.12,Received
PO-001806,2024-10-03,MAT-031,SUP-007,WH-003,6,25,2024-10-28,2024-10-26,1350.5,Received
PO-001807,2024-10-03,MAT-002,SUP-002,WH-004,16,12,2024-10-15,2024-10-23,241.37,Received
PO-001808,2024-10-04,MAT-029,SUP-006,WH-002,8,20,2024-10-24,2024-11-02,511.8,Received
PO-001809,2024-10-04,MAT-024,SUP-005,WH-003,12,12,2024-10-16,2024-10-16,176.74,Received
PO-001810,2024-10-04,MAT-025,SUP-005,WH-001,19,12,2024-10-16,2024-10-15,127.95,Received
PO-001811,2024-10-04,MAT-004,SUP-002,WH-002,19,12,2024-10-16,2024-10-16,108.45,Received
PO-001812,2024-10-05,MAT-014,SUP-004,WH-001,246,5,2024-10-10,2024-10-08,50.38,Received
PO-001813,2024-10-06,MAT-028,SUP-006,WH-002,8,20,2024-10-26,2024-10-24,1167.46,Received
PO-001814,2024-10-06,MAT-011,SUP-004,WH-002,180,8,2024-10-14,2024-10-13,56.76,Received
PO-001815,2024-10-06,MAT-033,SUP-007,WH-004,6,25,2024-10-31,2024-10-29,1179.71,Received
PO-001816,2024-10-08,MAT-031,SUP-007,WH-003,6,25,2024-11-02,2024-10-31,1350.5,Received
PO-001817,2024-10-08,MAT-004,SUP-002,WH-003,14,12,2024-10-20,2024-10-19,108.45,Received
PO-001818,2024-10-08,MAT-020,SUP-003,WH-004,5,23,2024-10-31,2024-10-30,1627.96,Received
PO-001819,2024-10-10,MAT-029,SUP-006,WH-003,7,20,2024-10-30,2024-10-30,511.8,Received
PO-001820,2024-10-10,MAT-023,SUP-005,WH-002,13,11,2024-10-21,2024-10-29,129.58,Received
PO-001821,2024-10-11,MAT-036,SUP-008,WH-003,192,7,2024-10-18,2024-10-17,75.97,Received
PO-001822,2024-10-11,MAT-024,SUP-005,WH-004,22,12,2024-10-23,2024-10-29,176.74,Received
PO-001823,2024-10-12,MAT-021,SUP-005,WH-004,19,13,2024-10-25,2024-10-23,208.55,Received
PO-001824,2024-10-12,MAT-033,SUP-007,WH-004,6,25,2024-11-06,2024-11-05,1179.71,Received
PO-001825,2024-10-12,MAT-002,SUP-002,WH-001,16,12,2024-10-24,2024-10-23,241.37,Received
PO-001826,2024-10-13,MAT-036,SUP-008,WH-002,126,7,2024-10-20,2024-10-19,75.97,Received
PO-001827,2024-10-13,MAT-034,SUP-007,WH-001,7,28,2024-11-10,2024-11-24,783.28,Received
PO-001828,2024-10-14,MAT-008,SUP-001,WH-003,9,18,2024-11-01,2024-11-09,636.55,Received
PO-001829,2024-10-14,MAT-038,SUP-008,WH-004,101,8,2024-10-22,2024-10-22,70.54,Received
PO-001830,2024-10-14,MAT-014,SUP-004,WH-004,180,5,2024-10-19,2024-10-29,50.38,Received
PO-001831,2024-10-15,MAT-001,SUP-001,WH-003,12,17,2024-11-01,2024-11-11,104.84,Received
PO-001832,2024-10-16,MAT-009,SUP-002,WH-001,8,13,2024-10-29,2024-10-28,677.13,Received
PO-001833,2024-10-16,MAT-037,SUP-004,WH-003,180,6,2024-10-22,2024-10-24,108.65,Received
PO-001834,2024-10-18,MAT-026,SUP-006,WH-003,7,20,2024-11-07,2024-11-05,433.64,Received
PO-001835,2024-10-18,MAT-027,SUP-006,WH-001,7,23,2024-11-10,2024-11-20,657.37,Received
PO-001836,2024-10-19,MAT-037,SUP-004,WH-004,114,6,2024-10-25,2024-10-27,108.65,Received
PO-001837,2024-10-20,MAT-010,SUP-002,WH-002,9,13,2024-11-02,2024-10-31,856.73,Received
PO-001838,2024-10-21,MAT-015,SUP-004,WH-001,195,5,2024-10-26,2024-10-26,46.55,Received
PO-001839,2024-10-22,MAT-009,SUP-002,WH-004,8,13,2024-11-04,2024-11-04,677.13,Received
PO-001840,2024-10-22,MAT-039,SUP-008,WH-002,160,9,2024-10-31,2024-10-31,95.74,Received
PO-001841,2024-10-22,MAT-032,SUP-007,WH-004,6,28,2024-11-19,2024-11-28,1238.66,Received
PO-001842,2024-10-22,MAT-033,SUP-007,WH-001,5,25,2024-11-16,2024-11-16,1179.71,Received
PO-001843,2024-10-22,MAT-005,SUP-001,WH-003,11,16,2024-11-07,2024-11-06,187.34,Received
PO-001844,2024-10-23,MAT-011,SUP-004,WH-001,212,8,2024-10-31,2024-10-31,56.76,Received
PO-001845,2024-10-24,MAT-018,SUP-003,WH-003,5,26,2024-11-19,2024-11-19,2366.63,Received
PO-001846,2024-10-25,MAT-007,SUP-001,WH-002,7,15,2024-11-09,2024-11-08,1810.3,Received
PO-001847,2024-10-25,MAT-012,SUP-004,WH-002,190,5,2024-10-30,2024-11-07,50.61,Received
PO-001848,2024-10-26,MAT-013,SUP-004,WH-004,151,7,2024-11-02,2024-11-16,111.4,Received
PO-001849,2024-10-26,MAT-034,SUP-007,WH-002,6,28,2024-11-23,2024-11-21,783.28,Received
PO-001850,2024-10-26,MAT-003,SUP-002,WH-001,20,12,2024-11-07,2024-11-07,250.33,Received
PO-001851,2024-10-27,MAT-012,SUP-004,WH-003,138,5,2024-11-01,2024-11-01,50.61,Received
PO-001852,2024-10-28,MAT-013,SUP-004,WH-003,275,7,2024-11-04,2024-11-03,111.4,Received
PO-001853,2024-10-29,MAT-023,SUP-005,WH-003,23,11,2024-11-09,2024-11-07,129.58,Received
PO-001854,2024-10-30,MAT-006,SUP-001,WH-002,7,18,2024-11-17,2024-11-16,630.77,Received
PO-001855,2024-10-30,MAT-001,SUP-001,WH-004,12,17,2024-11-16,2024-11-27,104.84,Received
PO-001856,2024-10-30,MAT-004,SUP-002,WH-003,14,12,2024-11-11,2024-11-09,108.45,Received
PO-001857,2024-10-31,MAT-021,SUP-005,WH-001,14,13,2024-11-13,2024-11-11,208.55,Received
PO-001858,2024-10-31,MAT-004,SUP-002,WH-002,19,12,2024-11-12,2024-11-10,108.45,Received
PO-001859,2024-11-01,MAT-035,SUP-007,WH-002,6,28,2024-11-29,2024-11-29,1653.49,Received
PO-001860,2024-11-01,MAT-016,SUP-003,WH-001,6,26,2024-11-27,2024-11-27,1875.37,Received
PO-001861,2024-11-02,MAT-024,SUP-005,WH-003,12,12,2024-11-14,2024-11-14,176.74,Received
PO-001862,2024-11-02,MAT-015,SUP-004,WH-002,209,5,2024-11-07,2024-11-19,46.55,Received
PO-001863,2024-11-02,MAT-016,SUP-003,WH-004,4,26,2024-11-28,2024-11-28,1875.37,Received
PO-001864,2024-11-04,MAT-039,SUP-008,WH-001,193,9,2024-11-13,2024-11-12,95.74,Received
PO-001865,2024-11-04,MAT-040,SUP-008,WH-003,154,7,2024-11-11,2024-11-13,97.48,Received
PO-001866,2024-11-04,MAT-031,SUP-007,WH-002,6,25,2024-11-29,2024-11-29,1350.5,Received
PO-001867,2024-11-04,MAT-003,SUP-002,WH-002,13,12,2024-11-16,2024-11-25,250.33,Received
PO-001868,2024-11-04,MAT-005,SUP-001,WH-004,19,16,2024-11-20,2024-11-20,187.34,Received
PO-001869,2024-11-06,MAT-025,SUP-005,WH-004,21,12,2024-11-18,2024-11-16,127.95,Received
PO-001870,2024-11-07,MAT-029,SUP-006,WH-003,7,20,2024-11-27,2024-12-03,511.8,Received
PO-001871,2024-11-08,MAT-007,SUP-001,WH-003,10,15,2024-11-23,2024-11-21,1810.3,Received
PO-001872,2024-11-08,MAT-040,SUP-008,WH-002,104,7,2024-11-15,2024-11-26,97.48,Received
PO-001873,2024-11-08,MAT-014,SUP-004,WH-001,246,5,2024-11-13,2024-11-12,50.38,Received
PO-001874,2024-11-10,MAT-026,SUP-006,WH-003,7,20,2024-11-30,2024-11-30,433.64,Received
PO-001875,2024-11-10,MAT-025,SUP-005,WH-001,19,12,2024-11-22,2024-11-20,127.95,Received
PO-001876,2024-11-11,MAT-038,SUP-008,WH-001,144,8,2024-11-19,2024-12-03,70.54,Received
PO-001877,2024-11-11,MAT-011,SUP-004,WH-002,180,8,2024-11-19,2024-11-23,56.76,Received
PO-001878,2024-11-12,MAT-019,SUP-003,WH-004,5,26,2024-12-08,2024-12-06,2922.43,Received
PO-001879,2024-11-13,MAT-010,SUP-002,WH-002,9,13,2024-11-26,2024-11-26,856.73,Received
PO-001880,2024-11-13,MAT-026,SUP-006,WH-004,6,20,2024-12-03,2024-12-02,433.64,Received
PO-001881,2024-11-13,MAT-002,SUP-002,WH-001,16,12,2024-11-25,2024-11-25,241.37,Received
PO-001882,2024-11-13,MAT-020,SUP-003,WH-001,4,23,2024-12-06,2024-12-04,1627.96,Received
PO-001883,2024-11-14,MAT-002,SUP-002,WH-004,16,12,2024-11-26,2024-11-25,241.37,Received
PO-001884,2024-11-15,MAT-036,SUP-008,WH-003,192,7,2024-11-22,2024-11-21,75.97,Received
PO-001885,2024-11-17,MAT-038,SUP-008,WH-004,101,8,2024-11-25,2024-11-25,70.54,Received
PO-001886,2024-11-17,MAT-030,SUP-006,WH-004,9,21,2024-12-08,2024-12-06,609.7,Received
PO-001887,2024-11-17,MAT-022,SUP-005,WH-002,15,11,2024-11-28,2024-12-12,115.12,Received
PO-001888,2024-11-18,MAT-036,SUP-008,WH-002,126,7,2024-11-25,2024-11-23,75.97,Received
PO-001889,2024-11-18,MAT-035,SUP-007,WH-003,7,28,2024-12-16,2024-12-14,1653.49,Received
PO-001890,2024-11-19,MAT-008,SUP-001,WH-004,5,18,2024-12-07,2024-12-07,636.55,Received
PO-001891,2024-11-19,MAT-037,SUP-004,WH-003,180,6,2024-11-25,2024-11-25,108.65,Received
PO-001892,2024-11-19,MAT-023,SUP-005,WH-002,13,11,2024-11-30,2024-11-28,129.58,Received
PO-001893,2024-11-22,MAT-039,SUP-008,WH-002,160,9,2024-12-01,2024-11-29,95.74,Received
PO-001894,2024-11-22,MAT-001,SUP-001,WH-003,12,17,2024-12-09,2024-12-07,104.84,Received
PO-001895,2024-11-22,MAT-005,SUP-001,WH-003,11,16,2024-12-08,2024-12-08,187.34,Received
PO-001896,2024-11-23,MAT-030,SUP-006,WH-003,8,21,2024-12-14,2024-12-28,609.7,Received
PO-001897,2024-11-23,MAT-022,SUP-005,WH-001,14,11,2024-12-04,2024-12-03,115.12,Received
PO-001898,2024-11-24,MAT-037,SUP-004,WH-004,114,6,2024-11-30,2024-11-30,108.65,Received
PO-001899,2024-11-24,MAT-003,SUP-002,WH-001,20,12,2024-12-06,2024-12-06,250.33,Received
PO-001900,2024-11-24,MAT-017,SUP-003,WH-001,5,24,2024-12-18,2024-12-17,3463.71,Received
PO-001901,2024-11-24,MAT-019,SUP-003,WH-003,5,26,2024-12-20,2024-12-26,2922.43,Received
PO-001902,2024-11-25,MAT-020,SUP-003,WH-004,5,23,2024-12-18,2024-12-18,1627.96,Received
PO-001903,2024-11-26,MAT-028,SUP-006,WH-001,7,20,2024-12-16,2024-12-14,1167.46,Received
PO-001904,2024-11-27,MAT-024,SUP-005,WH-004,22,12,2024-12-09,2024-12-07,176.74,Received
PO-001905,2024-11-27,MAT-015,SUP-004,WH-001,195,5,2024-12-02,2024-12-12,46.55,Received
PO-001906,2024-11-28,MAT-021,SUP-005,WH-004,19,13,2024-12-11,2024-12-10,208.55,Received
PO-001907,2024-11-28,MAT-014,SUP-004,WH-004,180,5,2024-12-03,2024-12-01,50.38,Received
PO-001908,2024-11-29,MAT-010,SUP-002,WH-001,5,13,2024-12-12,2024-12-12,856.73,Received
PO-001909,2024-11-29,MAT-021,SUP-005,WH-001,14,13,2024-12-12,2024-12-10,208.55,Received
PO-001910,2024-11-30,MAT-023,SUP-005,WH-003,23,11,2024-12-11,2024-12-24,129.58,Received
PO-001911,2024-11-30,MAT-011,SUP-004,WH-001,212,8,2024-12-08,2024-12-08,56.76,Received
PO-001912,2024-11-30,MAT-012,SUP-004,WH-003,138,5,2024-12-05,2024-12-11,50.61,Received
PO-001913,2024-12-02,MAT-013,SUP-004,WH-003,275,7,2024-12-09,2024-12-13,111.4,Received
PO-001914,2024-12-03,MAT-004,SUP-002,WH-002,19,12,2024-12-15,2024-12-13,108.45,Received
PO-001915,2024-12-04,MAT-006,SUP-001,WH-001,10,18,2024-12-22,,630.77,Open
PO-001916,2024-12-05,MAT-012,SUP-004,WH-002,190,5,2024-12-10,2024-12-10,50.61,Received
PO-001917,2024-12-06,MAT-029,SUP-006,WH-003,7,20,2024-12-26,2024-12-24,511.8,Received
PO-001918,2024-12-06,MAT-005,SUP-001,WH-004,19,16,2024-12-22,2024-12-28,187.34,Received
PO-001919,2024-12-07,MAT-025,SUP-005,WH-001,19,12,2024-12-19,2024-12-17,127.95,Received
PO-001920,2024-12-07,MAT-013,SUP-004,WH-004,151,7,2024-12-14,2024-12-22,111.4,Received
PO-001921,2024-12-07,MAT-032,SUP-007,WH-003,5,28,2025-01-04,,1238.66,Open
PO-001922,2024-12-07,MAT-034,SUP-007,WH-001,7,28,2025-01-04,,783.28,Open
PO-001923,2024-12-07,MAT-004,SUP-002,WH-003,14,12,2024-12-19,2024-12-18,108.45,Received
PO-001924,2024-12-08,MAT-032,SUP-007,WH-003,5,28,2025-01-05,,1238.66,Open
PO-001925,2024-12-09,MAT-016,SUP-003,WH-004,4,26,2025-01-04,,1875.37,Open
PO-001926,2024-12-11,MAT-027,SUP-006,WH-004,7,23,2025-01-03,,657.37,Open
PO-001927,2024-12-12,MAT-039,SUP-008,WH-001,193,9,2024-12-21,2024-12-21,95.74,Received
PO-001928,2024-12-13,MAT-010,SUP-002,WH-001,5,13,2024-12-26,2024-12-26,856.73,Received
PO-001929,2024-12-13,MAT-040,SUP-008,WH-003,154,7,2024-12-20,2024-12-18,97.48,Received
PO-001930,2024-12-14,MAT-028,SUP-006,WH-002,8,20,2025-01-03,,1167.46,Open
PO-001931,2024-12-14,MAT-014,SUP-004,WH-001,246,5,2024-12-19,2024-12-17,50.38,Received
PO-001932,2024-12-14,MAT-015,SUP-004,WH-002,209,5,2024-12-19,2024-12-22,46.55,Received
PO-001933,2024-12-15,MAT-031,SUP-007,WH-002,6,25,2025-01-09,,1350.5,Open
PO-001934,2024-12-16,MAT-029,SUP-006,WH-002,8,20,2025-01-05,,511.8,Open
PO-001935,2024-12-17,MAT-027,SUP-006,WH-001,7,23,2025-01-09,,657.37,Open
PO-001936,2024-12-17,MAT-024,SUP-005,WH-003,12,12,2024-12-29,2024-12-29,176.74,Received
PO-001937,2024-12-17,MAT-025,SUP-005,WH-004,21,12,2024-12-29,2024-12-28,127.95,Received
PO-001938,2024-12-17,MAT-016,SUP-003,WH-001,6,26,2025-01-12,,1875.37,Open
PO-001939,2024-12-18,MAT-007,SUP-001,WH-002,7,15,2025-01-02,,1810.3,Open
PO-001940,2024-12-18,MAT-018,SUP-003,WH-002,5,26,2025-01-13,,2366.63,Open
PO-001941,2024-12-19,MAT-008,SUP-001,WH-003,9,18,2025-01-06,,636.55,Open
PO-001942,2024-12-19,MAT-026,SUP-006,WH-004,6,20,2025-01-08,,433.64,Open
PO-001943,2024-12-20,MAT-036,SUP-008,WH-003,192,7,2024-12-27,2024-12-25,75.97,Received
PO-001944,2024-12-20,MAT-034,SUP-007,WH-002,6,28,2025-01-17,,783.28,Open
PO-001945,2024-12-21,MAT-022,SUP-005,WH-001,14,11,2025-01-01,2024-12-31,115.12,Received
PO-001946,2024-12-21,MAT-001,SUP-001,WH-004,12,17,2025-01-07,,104.84,Open
PO-001947,2024-12-22,MAT-036,SUP-008,WH-002,126,7,2024-12-29,2024-12-29,75.97,Received
PO-001948,2024-12-22,MAT-011,SUP-004,WH-002,180,8,2024-12-30,2024-12-30,56.76,Received
PO-001949,2024-12-23,MAT-037,SUP-004,WH-003,180,6,2024-12-29,2024-12-27,108.65,Received
PO-001950,2024-12-24,MAT-010,SUP-002,WH-002,9,13,2025-01-06,,856.73,Open
PO-001951,2024-12-24,MAT-017,SUP-003,WH-001,5,24,2025-01-17,,3463.71,Open
PO-001952,2024-12-25,MAT-038,SUP-008,WH-004,101,8,2025-01-02,,70.54,Open
PO-001953,2024-12-26,MAT-040,SUP-008,WH-002,104,7,2025-01-02,,97.48,Open
PO-001954,2024-12-26,MAT-026,SUP-006,WH-003,7,20,2025-01-15,,433.64,Open
PO-001955,2024-12-27,MAT-037,SUP-004,WH-004,114,6,2025-01-02,2024-12-31,108.65,Received
PO-001956,2024-12-27,MAT-035,SUP-007,WH-003,7,28,2025-01-24,,1653.49,Open
PO-001957,2024-12-28,MAT-022,SUP-005,WH-002,15,11,2025-01-08,,115.12,Open
PO-001958,2024-12-28,MAT-001,SUP-001,WH-003,12,17,2025-01-14,,104.84,Open
PO-001959,2024-12-28,MAT-003,SUP-002,WH-001,20,12,2025-01-09,,250.33,Open
PO-001960,2024-12-29,MAT-038,SUP-008,WH-001,144,8,2025-01-06,,70.54,Open
PO-001961,2024-12-29,MAT-003,SUP-002,WH-002,13,12,2025-01-10,,250.33,Open
PO-001962,2024-12-30,MAT-039,SUP-008,WH-002,160,9,2025-01-08,,95.74,Open
PO-001963,2024-12-31,MAT-030,SUP-006,WH-004,9,21,2025-01-21,,609.7,Open
PO-001964,2024-12-31,MAT-033,SUP-007,WH-004,6,25,2025-01-25,,1179.71,Open
PO-001965,2024-12-31,MAT-002,SUP-002,WH-001,16,12,2025-01-12,,241.37,Open
